Name	Parent Skill	Mastery Level	Spell Cost	Casting Time 	Range 	Shape 	Duration	Effects	Container Breakdown	Add ons	Modifiers	Notes/Special Conditions	Flavor Line	Progressive spell conditions
Flaming Dart	Fire	Apprentice	10	5	Melee Reach (5–10 ft)	--	--	Deals 1 point of fire damage to a single target.	I. Target (1 Mana) → Damage (3 Mana)	Range: Melee Reach (3 Mana)	Progressive Spell (3 Mana)	• Fire resistance applies. • Flammable materials may ignite. • Missed attacks leave scorch marks but no ongoing hazard.	The first spark of mastery can one day kindle an inferno.	Apprentice: Single dart, 1 damage, melee reach (5–10 ft). • Novice: Damage shifts to Per Success, range expands to Short (30 ft). • Master: Multi-Target unlocked (up to 3 darts), each deals 2 damage. • High Master: Volley of up to 5 darts, each 2 damage, range Medium (60 ft). • Grand Master: Storm of flame — 7 darts, each 3 damage, may strike distinct targets or focus-fire one.
Ember Flick	Fire	Apprentice	7	4	Touch	--	Instantaneous	Deals 1 point of fire damage on contact.	I. Target (1 Mana) → Damage (3 Mana)	Range: Touch (2 Mana), Duration: Instantaneous (1 Mana)	--	• Extremely minor damage but reliable. • Often used to ignite small fires. • Ineffective against armored foes.	A spark in the palm can sting like a whip.	--
Heat Veil	Fire	Apprentice	6	3	Self	--	Combat Step	Grants +5% fire resistance or +1 Fortitude stat for 1 step.	I. Target (1 Mana) → Buff (2 Mana)	Range: Self (1 Mana), Duration: Combat Step (2 Mana)	--	• Protective effect fades quickly. • Stacks poorly with other resistance sources. • Cannot be extended beyond 1 step at Apprentice level.	A shimmer of heat shields the daring from the flame.	--
Scorching Ray	Fire	Novice	13	7	Short (30 ft)	--	Instantaneous	Deals 2 points of fire damage to a single target.	I. Target (1 Mana) → Damage (6 Mana for 2 points)	Range: Short (4 Mana), Duration: Instantaneous (1 Mana)	--	• Burns cause lingering pain and may ignite clothing. • Still weak against heavily armored foes. • More effective at short range than long.	A line of fire carves through the air, scorching whatever it touches.	--
Flame Wall	Fire	Novice	14	7	Medium (60 ft)	Wall (30 ft)	Combat Step	Creates a 30 ft wall of fire that inflicts 1 point of fire damage to any creature passing through.	I. AoE (2 Mana) → Damage (3 Mana)	Range: Medium (5 Mana), Shape: Wall (4 Mana), Duration: Combat Step (2 Mana)	--	• Burns are minor but unavoidable if passed through. • Provides light and intimidation even outside combat. • Ineffective in wide-open areas with no need for barriers.	A wall of fire erupts, daring any foe to cross through the flames.	--
Cinder Burst	Fire	Novice	16	8	Short (30 ft)	Radius (10 ft)	Instantaneous	Deals 1 point of fire damage to all creatures within a 10 ft radius of the burst.	I. AoE (2 Mana) → Damage (3 Mana)	Range: Short (4 Mana), Shape: Radius (3 Mana), Duration: Instantaneous (1 Mana), Scaling for AoE potency (3 Mana)	--	• Embers may ignite flammable terrain or objects. • Minor damage but useful for revealing hidden foes. • More intimidating than lethal.	A crackle of heat scatters sparks like wildfire across the battlefield.	--
Inferno Wave	Fire	Master	32	16	Medium (60 ft)	Cone (30 ft)	Combat Round	Deals 2 points of fire damage to all creatures in a 30 ft cone; targets struck must roll to avoid being knocked prone by the heat blast.	I. AoE (2 Mana) → Damage (6 Mana) → Knockdown rider (4 Mana)	Range: Medium (5 Mana), Shape: Cone (3 Mana), Duration: Combat Round (5 Mana), Scaling damage potency (7 Mana)	--	• Fire persists for 1 step on flammable terrain. • Visibility reduced by smoke. • Very risky to cast in enclosed spaces. • Terrifies most mundane creatures.	A roaring tide of fire floods forward, leaving only scorched earth and silence.	--
Pyroclasm	Fire	Master	38	19	Long (120 ft)	Sphere/Cube/Zone (20 ft)	Combat Round	Deals 3 points of fire damage on impact and creates burning terrain (1 damage per step if crossed).	I. AoE (2 Mana) → Damage (9 Mana for 3 points) → Create Terrain Effect (12 Mana)	Range: Long (7 Mana), Shape: Sphere/Zone (5 Mana), Duration: Combat Round (5 Mana)	--	• Creates difficult terrain for the duration. • Secondary burns may spread. • Enemies may panic from the sudden eruption. • High mana demand requires caution.	A volcanic eruption tears the battlefield apart in flame and molten stone.	--
Phoenix Surge	Fire	Master	41	21	Line of Sight	Radius (20 ft)	Instantaneous	Deals 3 points of fire damage to all creatures in a 20 ft radius burst, centered at chosen point within sight.	I. AoE (2 Mana) → Damage (9 Mana for 3 points)	Range: Line of Sight (10 Mana), Shape: Radius (6 Mana), Duration: Instantaneous (1 Mana), Scaling potency & scope (13 Mana)	--	• Briefly illuminates entire battlefield. • Fire may spread outward from the point of impact. • Requires open line of sight — ineffective underground. • Causes awe and fear even in allies.	A blazing phoenix erupts into the sky, scattering fire across all it surveys.	--
Hellstorm Crucible	Fire	High Master	74	37	Line of Sight	Sphere/Zone (40 ft)	2 Combat Rounds	Inflicts 4 fire damage per round within zone; Control effects include Grapple/Restrain as the fiery winds lash targets and Immobilize for those who fail their saves.	I. AoE (2 Mana) → Damage (12 Mana for 4 points) II. Control (2 Mana) → Grapple/Restrain (4 Mana) + Immobilize (6 Mana)	Range: Line of Sight (10 Mana), Shape: Sphere/Zone (11 Mana), Duration: 2 Combat Rounds (10 Mana), Scaling/zone intensity (17 Mana)	--	• Burning terrain persists even after spell ends. • High chance of suffocation or panic due to ash. • Can collapse structures from prolonged exposure. • Survivors often scarred permanently. • Casting visibly alters sky/weather for miles.	Flame cascades like rain from a molten sky, imprisoning all within a crucible of living fire.	--
Infernal Maelstrom	Fire	High Master	82	41	Medium (60 ft)	Sphere/Zone (30 ft)	2 Combat Rounds + Lingering	Deals 4 fire damage per round; Control effects include Pull (10 ft each step) and Knockdown on failed saves; lingering flames cause 2 extra damage after spell ends.	I. AoE (2 Mana) → Damage (12 Mana for 4 points) II. Control (2 Mana) → Pull (3 Mana) + Knockdown (4 Mana)	Range: Medium (5 Mana), Shape: Sphere/Zone (9 Mana), Duration: 2 Combat Rounds (10 Mana) + Lingering (2 Mana), Scaling intensity (33 Mana)	--	• Creates a sustained vortex of flame that moves objects and terrain debris. • Pull effect can drag flying creatures from the sky. • Risk of suffocation from heat and smoke. • Lingering fire zones can cut off escape paths. • Environmental devastation can spread if uncontrolled.	A spiraling inferno tears across the field, dragging foes into a roaring vortex of living flame.	--
Worldfire Convergence	Fire	Grand Master	162	81	Line of Sight	Sphere/Zone (150 ft)	3 Combat Rounds + Lingering	All targets inside take 10 fire damage per round; Nested Temporal/Spatial container inside AoE imposes Decelerate (-2 initiative steps); Separate Control container inflicts Grapple/Restrain and Anchor/Lock on targets near the edges, pulling them inward.	I. AoE (2 Mana) → Damage (30 Mana for 10 points) + Nested Temporal/Spatial (5 Mana) → Control: Decelerate (8 Mana for -2 steps) II. Control (2 Mana) → Grapple/Restrain (4 Mana) + Anchor/Lock (6 Mana) III. Target (1 Mana) → Damage (3 Mana) (focused dart of fire at caster’s choice)	Range: Line of Sight (10 Mana), Shape: Sphere/Zone (25 Mana), Duration: 3 Combat Rounds (15 Mana) + Lingering (2 Mana), Scaling (59 Mana)	Backlash Risk (-5 Mana)	The spell leaves entire landscapes scarred for centuries. • Grappled targets pulled inward risk being immolated instantly. • Slowed initiative makes escape nearly impossible. • Allies risk capture if inside radius. • Caster must pass backlash save or collapse into unconsciousness. • Known as a “world-ender” spell in lore.	The world itself ignites, time slows, and chains of flame drag all things into the burning heart of oblivion.	--
Stone Pebble	Earth	Apprentice	10	5	Melee Reach (5–10 ft)	--	Instantaneous	Deals 1 point of blunt damage with a magically propelled stone.	I. Target (1 Mana) → Damage (3 Mana)	Range: Melee Reach (3 Mana)	Progressive Spell (3 Mana)	• Base spell deals minor damage and can chip or distract foes. • Narratively useful for training or intimidation. • Damage type = blunt, environmental.	A flicked stone becomes a weapon—and, in time, a cataclysm.	Apprentice: 1 damage pebble, Melee Reach (5–10 ft). Novice: +Per Success scaling; 1 damage per success, range increases to Short (30 ft). Master: Stone Barrage; Multi-Target up to 3, each hit 2 damage, range increases to Medium (60 ft). High Master: Boulder impact; AoE Radius (10 ft), 3 damage per target, may knock foes prone, range increases to Long (120 ft). Grand Master: Meteor stones; AoE Sphere (30 ft), 5 damage per target, terrain shatters on impact, usable at Line of Sight.
Earthen Grip	Earth	Apprentice	7	4	Melee Reach	--	Combat Step	Restricts target’s movement for 1 step.	Control (2) → Grapple/Restrain (4)	Range: Melee Reach (3), Duration: Combat Step (2)	--	• Works only on solid ground (not ice, sand, or liquid). • Targets may break free with sufficient strength. • Commonly used to stall attackers closing into melee.	Hands of soil clutch tight, dragging the reckless to stillness.	--
Stone Skin	Earth	Apprentice	8	4	Self	--	Combat Round	Provides +1 armor/soak against physical attacks for 1 round.	Target (1) → Buff (2)	Range: Self (1), Duration: Combat Round (5)	--	• Stone skin is visibly brittle, cracking when struck. • Reduces flexibility and agility slightly. • Crumbles into dust when the duration ends.	The caster’s flesh takes on the weight of mountains, for a moment as enduring as stone.	--
Stone Spikes	Earth	Novice	13	7	Short (30 ft)	Line (30 ft)	Instantaneous	Deals 1 point of piercing damage per target in the line.	I. AoE (2 Mana) → Damage (3 Mana)	Range: Short (4 Mana), Shape: Line (3 Mana), Duration: Instantaneous (1 Mana)	--	• Spikes remain as terrain hazards. • Damage type = piercing, environmental. • Targets may attempt save to avoid prone condition.	Lines of jagged earth tear upward, turning ground into a deadly hazard.	--
Earthen Grasp	Earth	Novice	12	6	Short (30 ft)	--	Combat Step	Restrains a single target for 1 combat step.	I. Control (2 Mana) → Grapple/Restrain (4 Mana)	Range: Short (4 Mana), Duration: Combat Step (2 Mana)	--	• Target is restrained for 1 step. • Opposed roll may allow escape. • Concentration required to sustain beyond base duration.	The earth itself clutches, dragging foes to stillness.	--
Rock Armor	Earth	Novice	13	7	Self	--	Combat Round	Grants +3 Soak for duration.	I. Target (1 Mana) → Buff (+3 Soak, 6 Mana)	Range: Self (1 Mana), Duration: Combat Round (5 Mana)	--	• Armor is cumbersome; caster’s movement halved. • Provides resistance to piercing and slashing damage. • Cannot be stacked with other Buff-type armor spells.	The ground itself rises to shield the mage in a carapace of stone.	--
Stone Spire	Earth	Master	27	14	Medium (60 ft)	--	Instantaneous	Deals 4 points of piercing/blunt damage and creates a 10 ft high spire of stone at target location.	I. Target (1 Mana) → Damage (12 Mana, 4 points) II. Control (2 Mana) → Immobilize (6 Mana)	Range: Medium (5 Mana)	--	• Targets hit may be impaled, requiring a save to avoid critical injury. • Terrain is altered; spire provides half-cover for 1 round. • Immobilize effect pins creature if spire erupts directly beneath them. • Caster may use spire as anchor point for future spells (G.O.D discretion).	The earth screams upward in defiance, raising a stone fang from the soil.	--
Earthen Grasp	Earth	Master	30	15	Medium (60 ft)	--	Combat Round	Restrains a single target and deals 2 points of crushing damage each round for the duration.	I. Control (2 Mana) → Grapple/Restrain (4 Mana) + Damage (6 Mana, 2 pts) II. Target (1 Mana)	Range: Medium (5 Mana) Duration: Combat Round (5 Mana)	--	• Target is restrained, immobilized for the duration unless they succeed a Strength save. • Deals 2 damage each round while grasp holds. • Hands remain for 1 round, fading back into earth afterward. • Terrain at the spot is left rough and unstable.	Stone clenches like a giant fist, crushing flesh and bone with patient inevitability.	--
Stone Maelstrom	Earth	Master	29	15	Medium (60 ft)	Radius (20 ft)	Combat Round	Deals 3 damage to all creatures within a 20 ft radius. Creatures caught inside must save vs. Strength or be knocked prone. Creates difficult terrain that persists briefly after the storm ends.	I. AoE (2 Mana) → Damage (9 Mana) II. Control (2 Mana) → Knockdown (4 Mana)	Range: Medium (5 Mana), Shape: Radius 20 ft (5 Mana), Duration: Combat Round (5 Mana)	Environmental Dependency (–3 Mana)	• Deals 3 blunt/piercing damage per creature in radius. • Knockdown save required for all creatures caught inside. • Difficult terrain persists 1 round after spell ends. • Cannot be cast without a solid earthen/stone surface. • Vision obscured inside the maelstrom.	The ground itself rises in fury, shredding foes in a storm of stone.	--
Continental Rift	Earth	High Master	72	36	Long (120 ft)	Line (60 ft)	Combat Round	Deals 5 damage to all creatures caught in the fissure line. Targets must save vs. Dexterity or fall prone into the rift, suffering an additional 2 damage and becoming restrained until freed.	I. AoE (2 Mana) → Damage (15 Mana for 5 damage) II. Control (2 Mana) → Restrain (4 Mana)	Range: Long (7 Mana), Shape: Line 60 ft (3 +6 = 9 Mana), Duration: Combat Round (5 Mana)	Backlash Risk (–5 Mana); Environmental Dependency (–3 Mana)	• Rift creates a 10 ft wide chasm along its path that persists until magically repaired. • Collapsing ground counts as difficult terrain for all. • Failed saves drag creatures into the rift, restraining them. • Casting failure risks collapse of ground beneath caster. • Structures caught in line automatically take 10 structural damage.	The land itself revolts, splitting open with unstoppable force.	--
Avalanche	Earth	High Master	68	34	Long (120 ft)	Wall (60 ft)	Combat Round	Deals 4 damage to all creatures within the avalanche path. Targets must save vs. Strength or be buried, suffering 1 additional damage per round until freed.	I. AoE (2 Mana) → Damage (12 Mana for 4 damage) II. Control (2 Mana) → Immobilize (6 Mana)	Range: Long (7 Mana), Shape: Wall 60 ft (4 +4 = 8 Mana), Duration: Combat Round (5 Mana)	Environmental Dependency (–3 Mana)	• Avalanche buries terrain in debris, making affected zones difficult terrain. • Buried creatures restrained until allies free them. • Structures struck collapse without magical reinforcement. • Requires a mountainside, cliff, or large rock mass to trigger. • Environmental devastation can alter local geography.	A wave of the mountain itself surges downward, unstoppable and absolute.	--
Worldshaper’s Bastion	Earth	Grand Master	112	56	Line of Sight	Zone (300 ft)	Lingering (3 rounds)	Summons a massive fortress-like structure of stone that shields allies and imprisons foes. Within its walls, enemies suffer 4 damage per round from crushing stone pressure while allies gain +4 defense. Terrain permanently altered.	I. AoE (2 Mana) → Summon (major, 15 Mana) + Create/Destroy (major, 12 Mana)  Nested Container: Control (2 Mana) → Immobilize (6 Mana) + Damage (12 Mana for 4 damage)	Range: Line of Sight (10 Mana), Shape: Zone 300 ft (5 +15 = 20 Mana), Duration: Lingering 3 rounds (2+2+2 = 6 Mana)	Backlash Risk (–5 Mana); Concentration (–2 Mana)	• Allies inside gain +4 Defense as walls shield them. • Enemies caught inside must save vs. Strength or be immobilized, taking 4 crushing damage per round. • Terrain is permanently reshaped into fortress structures unless dispelled. • If the caster loses concentration, the Bastion collapses violently, dealing 6 damage to all inside. • Casting this spell drains the caster physically, leaving 1 permanent Constitution loss. • Structures created can serve as real fortifications after combat.	A citadel of stone rises in an instant, the world itself bowing to the caster’s command.	--
Gust of Renewal	Wind	Apprentice (Progressive)	10	5	Self (emanates outward)	--	Instantaneous	Shoves a single adjacent target 10 ft; clears smoke, dust, or small flames.	I. Control (2 Mana) → Push (3 Mana)	Range: Self (1 Mana); Duration: Instantaneous (1 Mana)	Progressive Spell (3 Mana)	• Cannot move targets larger/heavier than the caster at Apprentice. • Clears only light materials at this tier.	The breath of the world, focused into your hand.	Apprentice: Push 1 adjacent target 10 ft; clears light debris/smoke. • Novice: Push up to 2 targets (Multi-Target +3), shove extends to 20 ft; disperses fog/obscurants. • Master: Cone (30 ft; +3 Mana base +2 per 10 ft), knockdown check required, can disrupt projectiles. • High Master: 60 ft cone or 40 ft radius burst, hurls medium creatures, imposes –10% accuracy penalty, extinguishes fires. • Grand Master: Tornado-force blast (120 ft cone or 100 ft radius), uproots trees/structures, launches large creatures, battlefield-wide visibility disruption.
Cutting Draft	Wind	Apprentice	8	4	Short (30 ft)	--	--	Deals 1 point of slashing damage to a single target; may sever rope, parchment, or other fragile bindings.	I. Target (1 Mana) → Damage (3 Mana)	Range: Short (4 Mana)	--	• Damage is superficial unless enhanced by other effects. • Cannot cut metal, bone, or hardened armor. • G.O.D may allow automatic severing of loose cords or light fabric.	The air itself sharpens to your will.	--
Air Needle	Wind	Apprentice	8	4	Short (30 ft)	--	--	Deals 1 point of slashing (wind) damage to a single target; may sever light bindings (rope, fabric, parchment).	I. Target (1 Mana) → Damage (3 Mana)	Range: Short (4 Mana)	--	• Cannot cut metal or hardened armor. • If used to sever, G.O.D adjudicates thickness/quality of material.	The edge of the wind is the edge of will.	--
Suffocating Grasp	Wind	Novice	14	7	Short (30 ft)	--	Combat Step	Target loses breath: immobilized for 1 step, may panic or drop held items.	I. Control (2 Mana) → Immobilize (6 Mana)	Range: Short (4 Mana); Duration: Combat Step (2 Mana)	--	• Target resists with Constitution or Willpower (G.O.D discretion). • Does not deal direct damage, but may stagger or drop items. • Ineffective against constructs/undead.	The air in your lungs belongs to me.	--
Wind Step	Wind	Novice	11	6	Self	--	Combat Step	Caster surges up to 20 ft in a straight line and gains +1 Initiative step this round.	I. Target (1 Mana) → Accelerate / Hasten (4 Mana)	Range: Self (1 Mana); Duration: Combat Step (2 Mana); Movement Boost (3 Mana)	--	• Movement must be along a clear path; cannot pass through barriers. • Treated as enhanced dash, not teleportation. • If restrained, spell fails.	To run with the wind is to outrun fate itself.	--
Whispering Zephyr	Wind	Novice	15	8	Medium (60 ft)	--	Combat Round	Carry one short verbal message to chosen target within range.	I. Target (1 Mana) → Illusion / Mask (4 Mana)	Range: Medium (5 Mana); Duration: Combat Round (5 Mana)	--	• Message limited to ~10 words. • Cannot pass through airtight barriers. • May be overheard if intercepted by magical detection.	Every breeze has a secret to tell.	--
Cyclone Prison	Wind	Master	32	16	Medium (60 ft)	Sphere/Cube Zone (20 ft radius)	Combat Round (renewable)	Enemies are restrained in swirling wind, take 2 points damage per round, movement halved.	I. AoE (2 Mana) → Control (2 Mana) → Grapple/Restrain (4 Mana) + Damage (6 Mana)	Range: Medium (5 Mana); Shape: Sphere Zone (8 Mana); Duration: Combat Round (5 Mana)	--	• Affected creatures may attempt Strength or Will saves each round to escape. • Severe weather amplifies damage. • Can extinguish flames within the zone. • May scatter missiles/arrows passing through.	A cage woven of storm, tighter with every breath.	--
Suffocating Dome	Wind	Master	39	20	Medium (60 ft)	Sphere Zone (30 ft radius)	Combat Round	A dome of still air removes breath: targets inside begin suffocating, lose ability to speak, and take 1 vitality damage per round.	I. AoE (2 Mana) → Control (2 Mana) → Silence (5 Mana) + Immobilize (6 Mana) + Damage (3 Mana)	Range: Medium (5 Mana); Shape: Sphere Zone (11 Mana); Duration: Combat Round (5 Mana)	--	• Each round, creatures must save vs Constitution or gain 1 fatigue. • Verbal spellcasting is impossible within the dome. • Fires are immediately extinguished inside. • At dome’s collapse, air rushes back violently, possibly staggering creatures (G.O.D discretion).	In stillness, even the wind denies your breath.	--
Tempest Barrage	Wind	Master	48	24	Long (120 ft)	Cone (60 ft)	Combat Round	A cone of cutting wind and storm: 3 points damage per target, chance to knockdown, minor electrical burns.	I. AoE (2 Mana) → Damage (9 Mana) + Control: Knockdown (4 Mana)	Range: Long (7 Mana); Shape: Cone (9 Mana); Duration: Combat Round (5 Mana); Elemental Fusion Modifier (Air+Lightning) (12 Mana)	--	• Targets must save vs Knockdown each round. • Storm noise imposes –5% accuracy penalty on all inside. • Arcs may ignite or damage exposed materials. • Flight in cone becomes near-impossible.	The storm is not called—it is unleashed.	--
Storm Nexus	Wind	High Master	72	36	Medium (60 ft)	Sphere Zone (30 ft radius)	2 Combat Rounds	A swirling storm that deals 3 damage per round, imposes knockdown checks, and inflicts –10% accuracy.	I. AoE (2 Mana) → Container: Control (2 Mana) → Knockdown (4 Mana) + Damage (9 Mana) → Nested Container: Temporal/Spatial (5 Mana) + Spatial Bubble (8 Mana)	Range: Medium (5 Mana); Shape: Sphere Zone (11 Mana); Duration: 2 Combat Rounds (10 Mana)	Backlash Risk (–5 Mana)	• All creatures inside must test each round to resist knockdown. • Lightning arcs may ignite flammables or strike metal armor. • Visibility reduced to 10 ft. • Allies and caster are not immune unless protected. • Backlash may shock the caster on a failed concentration check.	To call the storm is to wager your soul against the sky.	--
Storm Nexus	Wind	High Master	72	36	Medium (60 ft)	Sphere Zone (30 ft radius)	2 Combat Rounds	A swirling storm that deals 3 damage per round, imposes knockdown checks, and inflicts –10% accuracy.	I. AoE (2 Mana) → Container: Control (2 Mana) → Knockdown (4 Mana) + Damage (9 Mana) → Nested Container: Temporal/Spatial (5 Mana) + Spatial Bubble (8 Mana)	Range: Medium (5 Mana); Shape: Sphere Zone (11 Mana); Duration: 2 Combat Rounds (10 Mana)	Backlash Risk (–5 Mana)	• All creatures inside must test each round to resist knockdown. • Lightning arcs may ignite flammables or strike metal armor. • Visibility reduced to 10 ft. • Allies and caster are not immune unless protected. • Backlash may shock the caster on a failed concentration check.	To call the storm is to wager your soul against the sky.	--
Worldstorm	Wind	Grand Master	129	65	Line of Sight	Sphere Zone (1-mile radius)	3 Combat Rounds + Lingering (10 steps)	A reality-rending storm that reshapes terrain, scatters armies, and devastates all within. Deals 5 damage per round, knocks creatures prone, imposes fatigue, and alters environment permanently.	I. Temporal/Spatial (5 Mana) → Create/Destroy Major (12 Mana) → Nested: AoE (2 Mana) + Damage (15 Mana) → Nested: Control (2 Mana) + Knockdown (4 Mana) + Debuff (6 Mana)	Range: Line of Sight (10 Mana); Shape: Sphere Zone (20 Mana); Duration: 3 Combat Rounds (15 Mana) + Lingering (10 Mana)	Backlash Risk (–5 Mana); Concentration Required (–2 Mana)	• All creatures in zone must save each round vs Knockdown. • 5 vitality damage per round from debris and storm surge. • Terrain altered permanently: rivers flood, structures collapse. • Fires extinguished, new hazards (floods, rubble) created. • Flight is impossible in storm. • Aftereffects linger for weeks or more. • Caster must test Willpower each round or suffer backlash lightning. • G.O.D encouraged to enforce lasting environmental/lore consequences.	The storm does not come—you become the storm.	--
Aqua Lash	Water	Apprentice (Progressive)	10	5	Touch	Single Target	Instantaneous	Deals 1 point of water/impact damage on touch; may douse small flames.	I. Target (1 Mana) → Damage (3 Mana)	Range: Touch (2 Mana); Duration: Instantaneous (1 Mana)	Progressive Spell (3 Mana)	Extinguishes candles/small flames on contact; surfaces become damp/slippery at G.O.D. discretion; resistance/wards may reduce effect.	The first cut of the tide is a whisper before the wave.	Apprentice: Touch, 1 damage. | Novice: Range upgrades to Short (30 ft) and damage becomes 2. | Master: Adds Control container + Pull (10 ft) option on hit. | High Master: May add lightning charge for +2 lightning damage on hit. | Grand Master: Extendable lash (Line up to 60 ft) that can strike up to 3 targets sequentially; each hit 3 water + 2 lightning, choose Pull 10 ft on each.
Ripple Shot	Water	Apprentice	9	5	Short (30 ft)	Single Target	Instantaneous	Deals 1 point of water/impact damage.	I. Target (1 Mana) → Damage (3 Mana)	Range: Short (4 Mana); Duration: Instantaneous (1 Mana)	--	Extinguishes small flames; dampens terrain; light armor may reduce impact.	A ripple carries farther than you think.	--
Soothing Stream	Water	Apprentice	5	3	Touch	Single Target	Instantaneous	Heals 1 point of vitality.	I. Target (1 Mana) → Healing (3 Mana)	Range: Touch (2 Mana); Duration: Instantaneous (1 Mana)	Concentration (-2 Mana)	Heals only minor wounds; concentration required; water lingers after use.	A stream soothes more than thirst.	--
Tide Push	Water	Novice	11	6	--	Cone (30 ft)	Instantaneous	Shoves all targets in cone 10 ft backward.	I. AoE (2 Mana), II. Control (2 Mana) → Push (3 Mana)	Shape: Cone (30 ft) (3 Mana); Duration: Instantaneous (1 Mana)	--	Extinguishes flames, drenches terrain, creates slippery footing.	The tide rolls forward, and all must yield.	--
Charged Grasp	Water	Novice	15	8	Touch	Single Target	Instantaneous	Deals 2 lightning damage.	I. Target (1 Mana) → Damage (6 Mana)	Range: Touch (2 Mana); Duration: Instantaneous (1 Mana)	Component Requirement (-2 Mana)	Requires conductive medium; may arc to nearby surfaces; melee risk.	Water carries more than life — it carries the storm.	--
Bubble Veil	Water	Novice	11	6	Self	Single Target	Combat Round	Buff: +15% damage resistance; halves fire damage.	I. Target (1 Mana) → Buff (6 Mana)	Range: Self (1 Mana); Duration: Combat Round (5 Mana)	Concentration (-2 Mana)	Reduces physical/elemental damage; fire damage halved; breaks if concentration lost.	Every bubble is a shield, every ripple a ward.	--
Riptide Grasp	Water	Master	21	11	Medium (60 ft)	Single Target	Combat Round	Deals 2 water damage and Restrains target.	I. Target (1 Mana) → Damage (6 Mana), II. Control (2 Mana) → Grapple/Restrain (4 Mana)	Range: Medium (5 Mana); Duration: Combat Round (5 Mana)	Concentration (-2 Mana)	Restrains for 1 round; deals damage on impact; creates slick terrain near target.	Water is the softest element — until it decides to hold you down.	--
Stormcall Surge	Water 	Master	33	17	Long (120 ft)	Sphere (20 ft radius)	Combat Round	3 lightning damage per target each round; Spatial Bubble slows movement and disrupts ranged actions.	I. AoE (2 Mana) → Damage (9 Mana), II. Temporal/Spatial (5 Mana) → Spatial Bubble (8 Mana)	Shape: Sphere (20 ft) (5 Mana); Range: Long (7 Mana); Duration: Combat Round (5 Mana)	Environmental Dependency (-3 Mana), Backlash Risk (-5 Mana)	Backlash possible; requires storm conditions; movement halved and ranged actions impaired.	The storm does not strike — it *inhabits*.	--
Tide Wall	Water	Master	31	16	Short (30 ft)	Wall (30 ft)	Combat Round	Creates 30 ft wall of water; anchors projectiles; halves fire damage; collapses into slick terrain.	I. AoE (2 Mana) → Create/Destroy (major, 12 Mana), II. Control (2 Mana) → Anchor/Lock (6 Mana), + Buff (4 Mana, fire resistance)	Shape: Wall (30 ft) (4 Mana); Range: Short (4 Mana); Duration: Combat Round (5 Mana)	Concentration (-2 Mana), Component Requirement (-2 Mana)	Anchors projectiles, halves fire damage, collapses to terrain hazard after 1 round.	The sea rises not just to shield, but to fight for you.	--
Maelstrom Vortex	Water	High Master	51	26	Long (120 ft)	Sphere (30 ft radius)	Combat Round	Deals 4 water damage per round; pulls targets 10 ft inward; immobilizes at center; movement halved inside.	I. AoE (2 Mana) → Damage (12 Mana), II. Control (2 Mana) → Pull (3 Mana) + Immobilize (6 Mana), III. Temporal/Spatial (5 Mana) → Spatial Bubble (8 Mana)	Shape: Sphere (30 ft) (8 Mana); Range: Long (7 Mana); Duration: Combat Round (5 Mana)	Backlash Risk (-5 Mana), Concentration (-2 Mana)	Allies also at risk; caster may be dragged in; battlefield heavily disrupted.	The tide does not just rise — it devours.	--
Tempest Crown	Water 	High Master	53	27	--	Sphere (15 ft radius)	Combat Round	Enemies take 3 lightning damage per round; allies inside gain +10% defense; enemies suffer –10% attack rolls; chance to freeze enemy actions for 1 step.	I. Target (Self, 1 Mana) → Buff (4 Mana), II. AoE (2 Mana) → Damage (9 Mana) + Debuff (4 Mana), III. Temporal/Spatial (5 Mana) → Temporal Stasis (6 Mana)	Shape: Sphere (15 ft) (5 Mana); Duration: Combat Round (5 Mana)	Backlash Risk (-5 Mana), Environmental Dependency (-3 Mana), Progressive Spell (+3 Mana)	May stun caster if overload occurs; requires storm conditions; combines offense and defense.	Within the crown of storms, even kings bow.	Apprentice: Spark Shield (minor lightning aura). | Novice: Expands to 5 ft aura, 1 lightning dmg. | Master: Full 10 ft storm aura, adds debuff. | High Master: Full build as written. | Grand Master: Aura expands to 30 ft, allies gain lightning retaliation, enemies risk paralysis each round.
Leviathan’s Awakening	Water	Grand Master	107	54	Line of Sight	Sphere (60 ft radius)	2 Combat Rounds	6 water damage per round; mass knockdown; immobilize + restrain; spatial distortion; random temporal freezes; central target banished to watery void.	I. AoE (2 Mana) → Damage (18 Mana) + Knockdown (4 Mana), II. Control (2 Mana) → Immobilize (6 Mana) + Grapple/Restrain (4 Mana), III. Temporal/Spatial (5 Mana) → Spatial Bubble (8 Mana) + Temporal Stasis (6 Mana), IV. Target (1 Mana, Nested inside AoE) → Banish (10 Mana)	Shape: Sphere (60 ft) (11 Mana); Range: Line of Sight (10 Mana); Duration: 2 Combat Rounds (10 Mana)	Backlash Risk (-5 Mana), Concentration (-2 Mana), Environmental Dependency (-3 Mana)	Requires massive water source or storm; caster risks drowning backlash; battlefield devastation is total.	When the Leviathan rises, even gods hold their breath.	--
Soul’s Whisper	Soul	Apprentice	10	5	Touch (2)	--	--	Detects the presence/absence of a soul on touch and gives a faint impression of vitality.	Container 1: Target (1) → Stand Alone: Reveal/Detect (4)	Range: Touch (2)	Progressive Spell (3)	• Apprentice: Requires touch; cannot read thoughts/memories. • Blocked by strong wards or soulless constructs without cores. • G.O.D: spiritual anomalies may return unclear signals.	“The soul always whispers—if you dare to listen.”	Apprentice: On touch, detect presence/absence of a soul; faint vitality impression. • Novice: Adds Short (30 ft) range; read emotional tone (calm/anger/fear); sense soul strength (weak/average/potent); detect simple bindings/links. • Master: Brief communion—ask one concise question; adds Duration: Combat Step; requires willing spirit or opposed Resolve check; no compulsion. • High Master: Partial astral separation for 1 round; perceive from a point within Medium (60 ft); read residual soul-echoes in recently marked places. • Grand Master: Full astral projection for 1 round; interact with astral entities; traverse along known soul-links within line of sight; body is helpless until return.
Ancestral Aegis	Soul	Apprentice	8	4	Self (1)	--	Combat Step (2)	Gain +5% to checks resisting fear, panic, possession, or similar spirit influence for the current combat step; your soul signature is lightly veiled against casual detection.	Container 1: Target (1) → Stand Alone: Buff (+5% vs fear/possession) (2)	Range: Self (1); Duration: Combat Step (2)	Expose/Conceal (2)	• Does not compel courage—only reduces interference and sharpens intent. • Veil hinders only casual/brief soul reads; focused rituals ignore this. • Multiple castings don’t stack; take the strongest.	“Stand where your ancestors stood, and fear will blink first.”	--
Lifethread Gift	Soul	Apprentice	7	4	Touch (2)	--	--	Transfer 1 point of vitality from the caster to a touched willing ally instantly; cannot reduce the caster below 1 HP; counts as healing for interactions.	Container 1: Target (1) → Stand Alone: Transfer Life Force (1 point) (4)	Range: Touch (2)	--	• Only transfers from caster → ally; no siphoning from foes. • Fails if target is warded against soul contact or is unwilling. • Cannot stabilize the dead; use before an ally drops.	“Better a scar on me than a grave for you.”	--
Echo of Emotion	Soul	Novice	14	7	Short (30 ft)	--	Combat Round (5)	Detects emotional states of all creatures in a 30 ft radius for 1 round.	Container 1: AoE (2) → Stand Alone: Reveal/Detect (4)	Range: Short (4); Duration: Combat Round (5)	--	• Does not reveal specific thoughts or memories. • Powerful wards or soulless constructs return no result. • Emotional noise may overwhelm in large groups; G.O.D discretion for clarity.	“The heart cannot lie to the soul.”	--
Soul Bind	Soul	Novice	16	8	Medium (60 ft)	--	Combat Step (2)	Imposes a binding tether; target must succeed on Resolve save or suffer -1 initiative and be unable to teleport/disengage for 1 step.	Container 1: Control (2) → Stand Alone: Anchor/Lock (6)	Range: Medium (5); Duration: Combat Step (2)	--	• Target may attempt a Resolve check to resist; contested by caster’s Willpower. • Does not prevent physical movement, only spiritual disengagement and initiative penalty. • Wards against binding nullify this effect.	“The thread of the soul can be tied, if only for a moment.”	--
Warden’s Lantern	Soul	Novice	18	9	Self (1)	Sphere/Cube/Zone (15 ft radius) (5)	Combat Round (5)	Reveals hidden/invisible spiritual presences and highlights weak points in ethereal constructs within 15 ft zone.	Container 1: AoE (2) → Stand Alone: Reveal/Detect (4)	Range: Self (1); Shape: Zone 15 ft (5); Duration: Combat Round (5)	--	• Does not dispel illusions, only reveals them as false. • Cannot identify specific entities beyond their outline. • Spiritual constructs appear fragile but are not damaged.	“Let the hidden step into the light.”	--
Astral Chains	Soul	Master	28	14	Medium (60 ft)	--	Combat Round (5)	Target is restrained in place and suffers -2 initiative for 1 round unless they pass a Resolve save; if immobilized, they cannot teleport or disengage.	Container 1: Control (2) → Stand Alone: Immobilize (6), Debuff (-2 Init = 4)	Range: Medium (5); Duration: Combat Round (5)	--	• On a failed save, the target is restrained and slowed. • On a success, they only suffer -1 initiative. • Chains are visible to all, but can’t be cut by mundane means.	“The soul can be heavier than iron.”	--
Guardian Spirit	Soul	Master	34	17	Self (1)	Radius 10 ft (3)	Combat Round (5)	Summons a spectral guardian that grants +10% defense to allies in 10 ft radius and imposes disadvantage on hostile incorporeal creatures entering the zone.	Container 1: AoE (2) → Stand Alone: Summon (minor guardian spirit) (8), Buff (+10% defense = 2)	Range: Self (1); Shape: Radius 10 ft (3); Duration: Combat Round (5)	Component Requirement (-2)	• Guardian cannot stray beyond 10 ft from caster. • Its form is narrative, not statistical, unless G.O.D assigns. • When it vanishes, caster suffers 1 temporary fatigue penalty.	“Stand—your guardian stands with you.”	--
Astral Step	Soul	Master	40	20	Line of Sight (10)	--	Instantaneous (1)	Teleports the caster instantly to any visible location within line of sight.	Container 1: Temporal/Spatial (5) → Stand Alone: Teleportation (8)	Range: Line of Sight (10); Duration: Instantaneous (1)	Backlash Risk (-5)	• If interrupted, caster suffers 1d4 vitality damage. • Cannot bypass wards or sealed barriers. • Leaves a faint echo trail readable by skilled soul seers.	“To walk in two worlds is to walk without a map.”	--
Astral Maelstrom	Soul	High Master	53	27	Line of Sight (10)	Radius 30 ft (7)	Combat Round (5)	An ethereal vortex pulls creatures toward its center, restrains them, and distorts movement inside the zone for 1 round.	Container 1: AoE (2) → Stand Alone: Spatial Bubble (8); Container 2: Control (2) → Stand Alone: Pull (3) + Knockdown (4) + Immobilize (6); Container 3: Temporal/Spatial (5) → Stand Alone: Temporal Stasis (6)	Range: Line of Sight (10); Shape: Radius 30 ft (7); Duration: Combat Round (5)	Backlash Risk (-5)	• Creatures in the zone make Strength/Resolve saves at the start of their turns or are pulled 10 ft toward center, knocked prone, and Immobilized for the step. • On a success, movement is halved while inside and they suffer -1 initiative. • Teleportation out of the zone requires a Resolve check; failure wastes the attempt. • Caster must pass a Focus check each round or take backlash (narrate as soul‑whiplash). • Allies are affected but gain +2 to their saves if designated by the caster. • Loose objects/spirits are drawn inward; G.O.D adjudicates collateral.	“The soul’s tides pull all things to the deep.”	--
Pale Legion	Soul	High Master	51	26	Medium (60 ft)	Radius 30 ft (7)	Combat Round (5)	Summons a spectral host that harms enemies and bolsters allies within a 30 ft radius zone for 1 round.	Container 1: AoE (2) → Stand Alone: Summon (major spectral warriors) (15) + Damage (6); Container 2: AoE (2) → Stand Alone: Buff (+10% morale/attack) (3); Container 3: Control (2) → Stand Alone: Anchor/Lock (6)	Range: Medium (5); Shape: Radius 30 ft (7); Duration: Combat Round (5)	Concentration (-2)	• Enemies in the zone take 1 point of spirit damage this round and suffer pressure from the host. • Allies in the zone gain +10% morale/attack while the legion persists. • Incorporeal/teleportation attempts into or out of the zone require a Resolve check due to the anchor. • If concentration breaks, the legion vanishes instantly. • The host is narrative (echoes), not fully statted; G.O.D may grant advantage to efforts that leverage their presence.	“The dead march where the living falter.”	--
Eclipse of Eternity	Soul	Grand Master	124	62	Line of Sight (10)	Sphere 60 ft radius (11)	Combat Round (5)	A twilight dome manifests, simultaneously binding foes, empowering allies, and destabilizing soul-anchors in the zone.	Container 1: AoE (2) → Stand Alone: Spatial Bubble (8) + Control: Immobilize (6) + Debuff (Resolve penalty, 4); Container 2: Control (2) → Stand Alone: Blind/Deaf/Silence (5) + Anchor/Lock (6); Container 3: AoE (2) → Stand Alone: Buff (+15% morale/defense, 5); Container 4: Temporal/Spatial (5) → Stand Alone: Temporal Stasis (6), nested → Control (2) + Stun/Daze (6)	Range: Line of Sight (10); Shape: Sphere 60 ft (11); Duration: Combat Round (5)	Backlash Risk (-5), Concentration (-2)	• Foes inside the dome must make dual saves: Resolve vs immobilization, and Willpower vs silence. • On failure, they are restrained, silenced, and suffer –2 to Resolve for the round. • Allies gain +15% morale/defense while inside. • Teleportation and ethereal escape attempts are locked unless caster’s concentration breaks. • If concentration fails, caster suffers 2d6 vitality backlash and 1 permanent scar on soul (G.O.D-narrative consequence). • The world remembers: lingering silence and gray haze persist for minutes after the eclipse ends.	“When eternity opens its eye, the soul cannot hide.”	--
Vital Wellspring	Life	Apprentice(Progressive)	10	5	Touch (2)	--	Combat Step (2 at Apprentice, expands with levels)	Healing, Buffs to vitality, Wards, Revival at top tiers	Container 1: Target (1) → Stand Alone: Healing (3) + Buff (2)	Range: Touch (2), Duration: Combat Step (2)	Progressive Spell (3)	• Apprentice: Restores 1 HP and grants +5% resilience for 1 combat step. • Novice: Heals 2 HP and cleanses poison/disease from one ally; duration = 1 Combat Round. • Master: Multi-Target (up to 3 allies), heals 3 HP each, grants +1 Constitution for 1 Combat Round. • High Master: AoE (Radius 20 ft), heals 5 HP per ally, wards against poison/disease/curse, duration = 1 Hour. • Grand Master: AoE (Sphere 100 ft), heals 10 HP per ally, restores lost Constitution, revives 1 fallen ally at 1 HP, wards all allies with +2 Constitution and curse immunity for 1 Day.	“A drop of life may close a wound. A river of life may turn the tide of worlds.”	Apprentice: Touch heals 1 HP, +5% resilience (1 step). • Novice: Heal 2 HP, cleanse poison/disease, duration 1 round. • Master: Heal 3 HP to up to 3 allies, +1 Constitution, duration 1 round. • High Master: Heal 5 HP per ally in 20 ft radius, ward against ailments, duration 1 hour. • Grand Master: Heal 10 HP per ally in 100 ft sphere, restore lost Constitution, revive 1 fallen ally, +2 Constitution and curse immunity, duration 1 day.
Soothing Pulse	Life	Apprentice	8	4	Touch (2)	--	Combat Step (2)	Restores 2 HP and grants +5% resilience for one combat step.	Container 1: Target (1) → Stand Alone: Healing (2 increments = 5 Mana) + Buff (2 Mana)	Range: Touch (2), Duration: Combat Step (2)	--	• Quick, efficient heal with small buff. • Cannot cure disease/poison. • Glow fades after 1 step.	“The hand that heals steadies the heart.”	--
Vital Exchange	Life	Apprentice	9	5	Touch (2)	--	Instantaneous (1)	Transfers 2 HP from caster to target.	Container 1: Target (1) → Stand Alone: Transfer Life Force (2 increments = 8 Mana)	Range: Touch (2), Duration: Instantaneous (1)	--	• HP is directly lost by caster and restored to target. • Cannot bypass Constitution damage or death. • Leaves caster fatigued if overused.	“One breath given, another renewed.”	--
Renewing Wave	Life	Novice	15	8	Short (30 ft) (4)	Radius (10 ft) (3)	Instantaneous (1)	Allies within a 10 ft radius at a point within 30 ft instantly heal 2 HP.	Container 1: AoE (2) → Stand Alone: Healing (2 HP = 5)	Add-On Range: Short (4); Add-On Shape: Radius 10 ft (3); Add-On Duration: Instantaneous (1)	--	• Instantaneous; no lingering effects. • Does not remove poison/disease. • Targets must be in the radius at resolution. • Healing is not wasted above max HP (excess is lost).	“Rise together, breathe together.”	--
Cleansing Aegis	Life	Novice	16	8	Touch (2)	--	Combat Round (5)	Cancel one ongoing poison/disease/curse-like effect on the target; target also gains a minor bolster (+5% to related resistance checks) for 1 Combat Round.	Container 1: Target (1) → Stand Alone: Counter / Cancel (6) + Buff (+5% = 2)	Add-On Range: Touch (2); Add-On Duration: Combat Round (5)	--	• The cancel effect resolves immediately on cast; the +5% Buff persists 1 round. • G.O.D adjudicates “curse-like” parity with toxic or disease effects. • Does not restore HP directly. • Particularly virulent or magical toxins may require higher-tier solutions.	“In clean light, the body remembers how to fight.”	--
Verdant Bloom	Life 	Novice	15	8	Short (30 ft) (4)	Radius (10 ft) (3)	Instantaneous (1)	Instantly creates living plant growth filling a 10 ft radius at a point within 30 ft; provides natural cover/concealment and may obstruct movement/line of sight per G.O.D adjudication.	Container 1: AoE (2) → Stand Alone: Create/Destroy (basic) (5)	Add-On Range: Short (4); Add-On Shape: Radius 10 ft (3); Add-On Duration: Instantaneous (1)	--	• Creation is physical and persists until removed by mundane means or other effects. • No direct damage or forced movement. • Movement/cover penalties are narrative and G.O.D-adjudicated (no implicit Debuff applied). • Fire, cold, or acid may quickly destroy the growth at G.O.D discretion.	“Where life is given room, it takes the ground.”	--
Verdant Bastion	Life	Master	46	23	Medium (60 ft) (5)	Radius (20 ft) (5)	Combat Round (5)	Allies inside heal 3 HP per round and are cleansed of one poison/disease/curse. Enemies inside must save or be restrained by vines (Control: Grapple/Restrain).	Container 1: AoE (2) → Stand Alone: Healing (7) + Counter/Cancel (6); Container 2: Control (2) → Stand Alone: Grapple/Restrain (4)	Range: Medium (5), Shape: Radius 20 ft (5), Duration: Combat Round (5)	--	• Healing cannot exceed max HP. • Restrain requires STR check each round to break free. • Plants persist as terrain after duration but lose magical restraint. • Does not block ranged line of sight.	“Life defends its own.”	--
Chain of Vitality	Life	Master	44	22	Long (120 ft) (7)	--	Combat Round (5)	Links up to 3 allies; each heals 2 HP per round. 50% of damage to one ally is shared across all linked. 25% of incoming damage is delayed one round by Temporal suspension before being applied across the chain.	Container 1: Target (1) → Stand Alone: Healing (5) + Link/Bind (6) + Transfer Life Force (6); Container 2: Temporal/Spatial (5) → Stand Alone: Temporal Stasis (partial delay, 6)	Range: Long (7), Duration: Combat Round (5), Multi-Target (3)	--	• Delayed damage cannot be negated—applies automatically next round. • Backlash: if one ally dies, all linked allies take 4 damage. • Chain is visible, can be severed by Cancel/Dispel. • Only functions on willing allies.	“One heartbeat, many lives.”	--
Vital Genesis	Life 	Master	48	24	Medium (60 ft) (5)	Wall (30 ft) (4)	Combat Round (5)	Creates a 30 ft living wall; enemies within must save or be Immobilized (Control). Allies within 10 ft heal 2 HP at start of turn. Plants persist after spell as physical terrain.	Container 1: AoE (2) → Stand Alone: Create/Destroy (major) (12) + Healing (5); Container 2: Control (2) → Stand Alone: Immobilize (6)	Range: Medium (5), Shape: Wall (4), Duration: Combat Round (5)	--	• Wall is difficult terrain for enemies. • Immobilized targets may save each round. • Plants persist as mundane growth after duration, but may wither without care. • Fire or acid destroys growth quickly.	“From desolation springs defiance.”	--
Eternal Bloom	Life	High Master	74	37	Long (120 ft) (7)	Sphere/Zone (Large, 11)	Combat Round (5) + Lingering (2)	Allies heal 4 HP per round and cleanse 1 condition. Enemies suffer –2 penalty to Strength/Dexterity (Debuff) and must save vs. Grapple/Restrain from vines each round. Terrain inside becomes difficult.	Container 1: AoE (2) → Stand Alone: Healing (11) + Counter/Cancel (6); Container 2: Control (2) → Stand Alone: Grapple/Restrain (4) + Debuff (6)	Range: Long (7), Shape: Sphere/Zone (11), Duration: Combat Round (5) + Lingering (2)	--	• Cleansing removes 1 poison/disease/curse per round. • Grapple/Restrain requires STR save DC set by caster’s roll. • Debuff reduces physical ability checks and attacks by –2. • Terrain counts as difficult for all enemies. • Growth persists after spell but loses magic.	“From a single seed, an army may rise.”	--
Cycle of Rebirth	Life 	High Master	88	44	Line of Sight (10)	Sphere/Zone (Large, 11)	Combat Round (5) + Lingering (2)	Allies heal 3 HP per round; fallen allies rise with 5 HP (temporary until stabilized at spell end). Enemies lose 3 HP per round (Transfer Life Force). Temporal suspension prevents immediate death checks during duration.	Container 1: AoE (2) → Stand Alone: Healing (9) + Transfer Life Force (8); Container 2: Temporal/Spatial (5) → Stand Alone: Temporal Stasis (6) to delay death moment; Container 3: Target (1) → Stand Alone: Healing (5)	Range: Line of Sight (10), Shape: Sphere/Zone (11), Duration: Combat Round (5) + Lingering (2)	--	• Revived allies return at 5 HP and function normally during duration. • At end of spell, revived allies must stabilize (save or fall dead again). • Enemies cannot resist Transfer drain except by leaving the zone. • Cycle visible as golden threads tying combatants together. • Spell strains caster’s body, leaving them exhausted after use.	“Death is but a pause in the great cycle.”	--
Genesis Dominion	Life	Grand Master	146	73	Unlimited (15)	Sphere/Zone (15, colossal)	Combat Round (5) + Lingering (6)	Allies heal 8 HP instantly + 5 HP per round; fallen allies revive with half HP and full function until spell ends. Enemies lose 6 HP per round (Transfer Life Force), suffer –3 to all physical stats (Debuff), and are restrained by roots. Temporal suspension prevents death checks and delays decay of corpses. Battlefield permanently transforms into verdant terrain.	Container 1: AoE (2) → Stand Alone: Healing (23) + Transfer Life Force (12) + Debuff (8); Container 2: Control (2) → Stand Alone: Grapple/Restrain (4) nested within AoE; Container 3: Temporal/Spatial (5) → Stand Alone: Temporal Stasis (6) nested within AoE; Container 4: Target (1) nested → Stand Alone: Healing (7) applied individually.	Range: Unlimited (15), Shape: Sphere/Zone (15, colossal), Duration: Combat Round (5) + Lingering (6)	Component Requirement (–2), Concentration (–2)	• Revived allies function fully but must stabilize at spell’s end or perish again. • Enemies inside cannot avoid vitality drain without leaving zone. • Grapple/Restrain requires STR save each round or remain bound. • Permanent terrain change creates lasting biome (forest, jungle, or verdant field). • Casting requires deep sacrifice: caster permanently loses 1 point of Constitution. • Zone radiates as a miracle visible for miles.	“In one breath, the world ends; in the next, it begins again.”	--
Whisper of the Grave	Death	Apprentice	9	5	Self (1)	--	Instantaneous (1)	At Apprentice: glean fleeting whispers/impressions from nearby spirits; receive one short hint or image related to the current scene, place, or a named deceased.	Container 1: Target (1) → Stand Alone: Reveal/Detect (4)	Add-Ons: Range: Self (1); Duration: Instantaneous (1)	Progressive Spell (3)	• Apprentice: Requires quiet focus; answers are cryptic. • Novice: Shade cannot cross consecrated or warded ground. • Master: Bound spirit departs peacefully when released; may refuse immoral commands. • High Master: Multiple spirits may interfere with allies on a failed control check. • Grand Master: Attempting phylactery anchoring requires rare components; on failure, caster suffers backlash (1 damage + lose 1 initiative step).	“The dead are never silent—only waiting for someone to listen.”	Apprentice: whispers/impressions only. • Novice: shade answers 1–2 questions. • Master: bind a spirit briefly for tasks or a +1 bonus. • High Master: multiple shades can defend (1 damage/round each) and harry foes. • Grand Master: host-level command or first steps toward phylactery anchoring; special components and risks apply.
Grave Chill	Death	Apprentice	9	5	Touch (2)	--	Combat Step (2)	Inflicts 1 necrotic damage and imposes –1 to physical checks for 1 step.	Container 1: Target (1) → Stand Alone: Damage (3) + Debuff (2)	Add-Ons: Range: Touch (2); Duration: Combat Step (2)	--	• Has no effect on constructs or entities without life-force. • The chill is obvious to onlookers (frosting/pale mark). • Repeated use in a scene may alert spirits or set off omen-sensitive wards.	“The grave breathes out its lesson through your hand.”	--
Bone Puppet	Death	Apprentice	9	5	Touch (2)	--	Combat Step (2)	Animates a small bone fraG.O.Dent into a fragile puppet that harasses one foe within 5 ft; that foe suffers disadvantage on their next action.	Container 1: Control (2) → Stand Alone: Grapple/Restrain (4, flavored as harry/interfere)	Add-Ons: Range: Touch (2); Duration: Combat Step (2)	--	• Puppet is destroyed by any damage or strong kick. • Cannot move more than 5 ft from where it animates. • Frightens mundane animals; may impose minor morale effects at G.O.D discretion.	“Even the smallest bone remembers how to move.”	--
Grave Grasp	Death	Novice	16	8	Medium (60 ft)	Radius (10 ft)	Combat Round (5)	Creates a 10 ft radius zone of skeletal hands that restrain enemies; affected targets suffer Immobilize and must break free to act normally.	Container 1: AoE (2) → Stand Alone: Control (2) → Immobilize (6)	Add-Ons: Range: Medium (5); Shape: Radius (3); Duration: Combat Round (5)	--	• Immobilized foes may attempt strength or escape checks to break free. • Spirits manifest visibly in soil/stone as skeletal grasp. • Ineffective on flying targets above the ground. • Disturbs natural wildlife and consecrated ground.	“The dead remember how to hold you still.”	--
Death’s Shroud	Death	Novice	15	8	Short (30 ft)	Sphere (20 ft zone)	Combat Round (5)	Creates a choking necrotic mist that inflicts –1 to attack and movement rolls while within the zone.	Container 1: AoE (2) → Stand Alone: Debuff (2)	Add-Ons: Range: Short (4); Shape: Sphere/Zone (5); Duration: Combat Round (5)	--	• All creatures in zone suffer penalty unless immune to necrotic. • Zone is lightly obscured (–2 to perception). • Cannot stack with itself in the same area. • Lingers briefly as wisps even after fading.	“The grave breathes out its fog to blind the living.”	--
Bind Undead	Death	Novice	14	7	Medium (60 ft)	--	Combat Step (2)	Temporarily seizes control of one undead creature, forcing it to obey a single command.	Container 1: Control (2) → Stand Alone: Link/Bind (6)	Add-Ons: Range: Medium (5); Duration: Combat Step (2); Target (1)	--	• Only functions on undead; no effect on living creatures. • Controlled undead must be able to understand simple commands. • On failed control, undead lashes out against caster (1 damage). • Holy wards or consecrated ground may block the effect.	“Death does not free you—it only changes your master.”	--
Wailing Legion	Death	Master	32	16	Medium (60 ft)	Sphere (30 ft zone)	Combat Round (5)	Creates a haunted zone: enemies inside suffer –1 to all rolls and lose 1 initiative step while in the zone.	Container 1: AoE (2) → Stand Alone: Debuff (2) + Control: Stun/Daze (6)	Add-Ons: Range: Medium (5); Shape: Sphere/Zone (5); Duration: Combat Round (5); Target baseline (1)	--	• Affected foes may attempt Will/Resolve saves to resist. • Ineffective against mindless constructs. • Allies must steel themselves or suffer morale penalty (–1 to checks first step inside). • Cannot stack with itself.	“The dead have no rest, so neither shall you.”	--
Marrow Rot	Death	Master	28	14	Short (30 ft)	--	Combat Round (5)	Inflicts 2 necrotic damage per round and applies –2 debuff to Strength/physical checks; can chain once to a second target.	Container 1: Target (1) → Stand Alone: Damage (3+2 increment = 5) + Debuff (2); Nested Container: Control (2) → Immobilize (6, partial)	Add-Ons: Range: Short (4); Duration: Combat Round (5); Multi-Target (3)	--	• Targeted foes must roll resistance each round or continue suffering. • May not leap to more than 1 extra target. • Rot leaves visible lesions—obvious to witnesses. • Healing magic ends the effect prematurely.	“Your bones are the coffin, and the coffin is closing.”	--
Crypt Lock	Death	Master	45	23	Long (120 ft)	Cube/Zone (20 ft)	Combat Round (5)	Creates a spectral prison zone: creatures inside cannot exit the zone and suffer –1 to movement actions each step.	Container 1: AoE (2) → Stand Alone: Spatial Bubble (8); Nested Container: Control (2) → Anchor/Lock (6)	Add-Ons: Range: Long (7); Shape: Cube/Zone (5); Duration: Combat Round (5)	--	• Exits sealed for duration—no mundane escape. • Teleportation may bypass at G.O.D discretion. • Allies may be trapped if inside when cast. • Causes fear tests on weak-willed enemies.	“Every crypt has a lock, and I hold the key.”	--
Pale Harvest	Death	High Master	72	36	Long (120 ft)	Sphere (40 ft radius)	Combat Round (5)	Drains 2 vitality per round from all creatures in the zone; siphoned vitality heals the caster for half of the total drained.	Container 1: AoE (2) → Stand Alone: Damage (3+2 increments = 7) + Debuff (2); Nested Container: Target (1) → Stand Alone: Transfer Life Force (4+6 extra = 10, heal siphon)	Add-Ons: Range: Long (7); Shape: Sphere (11); Duration: Combat Round (5)	--	• Affects allies and enemies equally unless exempted by G.O.D call. • Healing is capped at caster’s maximum HP. • Consecrated or warded ground halves effect. • May leave terrain blighted, draining crops or small plants. • Repeated use risks permanent corruption of caster’s aura.	“All life is a harvest, and I am the reaper.”	--
Grave Cataclysm	Death	High Master	88	44	Long (120 ft)	Sphere (40 ft radius)	Combat Round (5)	Deals 3 necrotic damage per round, applies –2 debuff to physical actions, and creates difficult terrain of bones and pits.	Container 1: AoE (2) → Stand Alone: Damage (3+4 increments = 11) + Debuff (2); Nested Container: Control (2) → Knockdown (4, from collapsing terrain)	Add-Ons: Range: Long (7); Shape: Sphere (11); Duration: Combat Round (5)	--	• Difficult terrain persists even after spell ends. • Damage is necrotic; resistant/immune creatures halve effect. • Allies in the zone are also affected unless specifically excluded by G.O.D. • Leaves battlefield terrain altered until cleared. • Overuse risks drawing attention from death-aspected entities.	“The earth itself becomes your grave.”	--
Eternal Black Sun	Death	Grand Master	152	76	Line of Sight (10)	Sphere (100 ft radius)	3 Combat Rounds + lingering corruption (3 steps)	All living creatures in the zone take 5 necrotic damage per round and suffer –3 to all rolls. Corpses in the zone rise as temporary undead under caster’s command. Terrain becomes corrupted and remains blighted for days. Spirits in the area are drawn and trapped, circling the Black Sun until freed.	Container 1: AoE (2) → Stand Alone: Damage (3+8 increments = 19) + Debuff (2); Nested Container: Control (2) → Immobilize (6) + Fear/Morale Collapse (flavored Debuff, 2); Container 2: Target (1) → Stand Alone: Create/Destroy (major, 12, animating corpses); Container 3: Temporal/Spatial (5) → Stand Alone: Spatial Bubble (8, lingering corruption zone)	Add-Ons: Range: Line of Sight (10); Shape: Sphere (20 + expanded 10 = 30); Duration: 3 Combat Rounds (15) + Lingering (6)	Progressive Spell Modifier not used	• All living targets in zone take necrotic damage each round. • Corpses in zone rise as undead servants (caster-controlled until duration ends). • Spirits in zone are trapped, circling the orb until destroyed or released. • Terrain becomes corrupted, rendering land infertile for days or weeks. • Morale of all armies present suffers immediate collapse; units must test resolve or flee. • Consecrated ground resists but may be shattered if caster succeeds contested roll. • Overuse risks permanently altering caster (lichdom or physical decay). • After effect ends, G.O.D may decide corruption lingers as semi-permanent world-state change.	“The sun itself dies, and from its corpse I draw eternity.”	--
Arcane Imbuement	Enchantment	Apprentice	10	5	Touch (2)	--	Combat Step (2)	At Apprentice: causes faint magical glow and minor resonance. Expands at higher levels to full item enchantments and multi-layer effects.	Container 1: Target (1) → Stand Alone: Buff (+5% or +1 stat = 2 Mana)	Range: Touch (2), Duration: Combat Step (2)	Progressive Spell (3)	• Apprentice: Imbuement is faint; glow, warmth, or minor buff (+5% effect). • Novice: Item gains temporary magical property (e.g., +1 damage, +1 soak, or utility like producing light). • Master: May imbue multiple items (Multi-Target) or add layered buffs; duration extends to 1 Combat Round. • High Master: Enchantments last beyond combat (up to 1 day); effects may include scaling buffs or multiple simultaneous bonuses. • Grand Master: Creates a battlefield artifact—an item holding multiple High Master-level enchantments at once, lasting the entire encounter (or 1 day at G.O.D. discretion) but fading once resonance collapses.	“The smallest spark of magic can become a legacy, if bound with care.”	Apprentice: Touch imbues faint glow/minor buff. • Novice: Adds functional property (damage/defense/utility) lasting 1 round. • Master: Multi-Target or layered buffs; 1 Combat Round duration. • High Master: Effects last up to 1 day; scaling buffs or multiple bonuses possible. • Grand Master: Item becomes a temporary artifact, carrying several simultaneous enchantments at peak power for 1 encounter or 1 day, then unravels.
Cleanse	Enchantment	Apprentice	7	4	Touch (2)	--	Instantaneous (1)	Removes impurities and arcane residue; restores item to a stable state for enchantment.	Container 1: Target (1) → Stand Alone: Create/Destroy (basic – remove impurities = 5 Mana)	Range: Touch (2); Duration: Instantaneous (1)	--	• Apprentice: Non-combat spell. Prepares an item for safe enchantment. • Removes dirt, corrosion, lingering magic residue. • Failure to cleanse before higher-level enchantments may increase risk of backlash (G.O.D. discretion). • Ineffective against cursed or artifact-level corruption.	“Even the grandest relic begins with a flawless surface.”	--
Gleam	Enchantment	Apprentice	9	5	Touch (2)	--	Combat Round (5)	Object glows or shimmers, providing light or aura of presence.	Container 1: Target (1) → Stand Alone: Illusion/Mask (light/sheen = 4 Mana), Buff (+5% presence or morale = 2 Mana)	Range: Touch (2); Duration: Combat Round (5)	--	• Apprentice: Produces steady glow or sheen on chosen object. • Can provide dim light (torch-level) or visual enhancement. • No combat advantage except possible morale/symbolic buff (+5%). • Fails if object is heavily corrupted or already enchanted.	“Even the humblest tool may shine with borrowed brilliance.”	--
Runeward	Enchantment	Novice	14	7	Touch (2)	--	Combat Round (5)	Temporarily reinforces defense of item/area with arcane ward.	Container 1: Target (1) → Stand Alone: Buff (+2 soak = 2 Mana), Create/Destroy (basic ward layer = 5 Mana)	Range: Touch (2); Duration: Combat Round (5)	--	• Novice: Reinforces item or surface with a protective ward. • Absorbs first 5 points of damage before dissipating. • Can be etched on weapons, armor, or objects. • Fades at end of combat round.	“Even fragile walls may hold against storms, if etched with care.”	--
Weapon Spark	Enchantment	Novice	15	8	Touch (2)	--	Combat Round (5)	Temporarily enhances weapon with elemental damage.	Container 1: Target (1) → Stand Alone: Buff (+1 weapon damage = 2 Mana), Damage (elemental +3 Mana)	Range: Touch (2); Duration: Combat Round (5)	--	• Novice: Adds +1 elemental damage to weapon strikes. • Caster chooses element when casting. • Only functions on weapons not already enchanted. • Fades after 1 combat round.	“A dull blade cuts deeper when it sings with fire.”	--
Echo Seal	Enchantment	Novice	12	6	Short (30 ft)	--	Combat Round (5)	Marks an object with a traceable arcane seal.	Container 1: Target (1) → Stand Alone: Reveal/Detect (4 Mana), Link/Bind (6 Mana)	Range: Short (4); Duration: Combat Round (5)	--	• Novice: Places a mark detectable by the caster within 30 ft. • Can track location or detect tampering. • Cannot pierce heavy wards or dimensional concealment. • Mark fades at end of combat round.	“A mark unseen by most, but never lost to its maker.”	--
Attune Item	Enchantment	Master	25	13	Touch (2)	--	Duration: 1 Day (special)	Aligns an object’s resonance to hold permanent enchantments.	Container 1: Target (1) → Stand Alone: Link/Bind (6 Mana), Buff (stability +2 Mana), Create/Destroy (basic aura weave = 5 Mana)	Range: Touch (2); Duration: Special (1 Day base)	--	• Master: Required step in permanent enchantment sequence. • Item becomes “attuned” and ready for further enchantments. • Attunement persists for 1 day unless reinforced by additional enchantment rituals. • Cannot be used on objects already bound to another enchanter. • Provides no direct combat benefits.	“A vessel must first be opened to hold the legacy within.”	--
Edge Sigil	Enchantment	Master	21	11	Touch (2)	--	Combat Round (5)	Chosen weapon gains +6 resonant damage on each successful hit for the duration.	Container 1: Target (1) → Stand Alone: Damage (+6 = 13 Mana)	Range: Touch (2); Duration: Combat Round (5)	--	• Applies to a single non-enchanted weapon. • Damage type is defined by resonance at cast (e.g., arcane/force). • Does not stack with other on‑hit damage enchantments. • If the wielder fumbles, the sigil sputters but does not explode (no backlash by default).	“Steel remembers the hand that taught it to sing.”	--
Bulwark Sigil	Enchantment	Master	24	12	Touch (2)	--	Combat Round (5)	Armor or shield gains +8 soak; the item also holds 1 reactive dispel against a harmful effect targeting the wearer.	Container 1: Target (1) → Stand Alone: Buff (+8 soak = 9 Mana) Container 2: Target (1) → Stand Alone: Counter/Cancel (6 Mana)	Range: Touch (2); Duration: Combat Round (5)		• Choose one item: armor or shield, non‑enchanted. • The reactive dispel triggers automatically on the		
Permanency	Enchantment	High Master	59	30	Touch (2)	Sphere/Cube/Zone (size 1) (5)	Instantaneous (1)	Bind one valid, active enchantment to a touched item as a permanent property; create a small isolation field during sealing; convert the target effect’s duration to innate; result resists standard dispels (suppression only at G.O.D. discretion).	Container 1: Target (1) → Stand Alone: Link/Bind (6), Transform/Alter (10), Create/Destroy (major channels) (12). Container 2: Temporal/Spatial (5) → Stand Alone: Temporal Stasis (6). Container 3: AoE (2) → Stand Alone: Spatial Bubble (8).	Range: Touch (2); Duration: Instantaneous (1); Shape: Sphere/Cube/Zone (size 1) (5)	Per Success Assignment (3); Component Requirement (rare inks/gem-dust/gold wire) (-2)	• Prereqs: Item must be properly prepared/attuned; a valid object-centric enchantment must be active at time of casting. • Eligible: Buffs on items, Illusion/Mask on items, Reveal/Detect auras, Create/Destroy channels, elemental on-hit riders. • Ineligible: Control effects on creatures, AoE zones as properties, Teleportation/Banish, Summon, effects requiring ongoing Concentration. • Dispel: Standard Counter/Cancel may suppress briefly; removal requires dedicated unweaving at High Master+ (G.O.D. adjudicates). • Backlash on failure (common): temporary magic-mute of the item, caster feedback (1–3 HP), or item durability loss. • Rite pacing: Though an initiative value is listed for consistency, this is normally a 10–60 minute out-of-combat ritual. Also incures the cost of any spell placed into the item.	“The last stitch decides if your name lives in the work.”	--
Arsenal Field	Enchantment	High Master	54	27	Medium (60 ft) (5)	Sphere/Cube/Zone (size 2) (8)	Combat Round (5)	Create a stationary zone that empowers allied weapons inside: each successful hit gains +10 resonant damage while within the field; the perimeter is stabilized against magical interference.	Container 1: AoE (2) → Stand Alone: Damage (+10 = 21) Container 2: Temporal/Spatial (5) → Stand Alone: Spatial Bubble (8)	Range: Medium (60 ft) (5); Shape: Sphere/Cube/Zone (size 2) (8); Duration: Combat Round (5)	--	• Applies only to allied weapons within the zone when the attack resolves. • Does not stack with other on-hit damage enchantments. • Field does not move once placed. • Anti-magic zones of equal or higher tier can suppress the effect while overlapping (G.O.D. adjudication). • Environmental flares or storm-magic may distort the perimeter but not invert it.	“Sharpen the moment, and the steel will follow.”	--
Ascendant Weapon Sigil	Enchantment	Grand Master	99	50	Touch (2)	--	Combat Round (5) + Lingering (+24 steps = 26)	Elevate one weapon to an ephemeral relic: each hit gains +18 resonant damage; the wielder gains +4 attack accuracy while wielding this weapon; the weapon carries one reactive dispel against the first harmful effect targeting the wielder or the attack; a localized stability sheath resists flux around the weapon.	Container 1: Target (1) → Stand Alone: Damage (+18 = 37) | Container 2: Target (1) → Stand Alone: Buff (+4 attack accuracy = 5) | Container 3: Target (1) → Stand Alone: Counter/Cancel (6) | Container 4: Temporal/Spatial (5) → Stand Alone: Spatial Bubble (8)	Range: Touch (2); Duration: Combat Round (5) + Lingering (+24 steps = 26)	Release (Delayed) (+2) (trigger: on draw/unsheathe)	• Duration only ticks while the weapon is drawn; while sheathed the effect is dormant (no ticking, no benefits). • You may pre-cast with the rune dormant; drawing the weapon triggers the release. • Targets one non-enchanted weapon; if already enchanted, G.O.D. may allow this on-hit rider to override lesser riders for the duration (no stacking). • Reactive dispel expends automatically on the first qualifying hostile effect, then is gone. • Stability sheath protects only the weapon’s immediate path/space; it is not a general defense. • Anti-magic of High Master+ may suppress effects while present; removal requires ending the spell. • On critical fumble, the sigil flickers; at G.O.D. discretion, lose 1 lingering step.	“Hold what you are for a heartbeat longer—and let history fit your hand.”	--
Heart’s Influence	Charm	Apprentice	10	5	Touch (2)	--	Combat Step (2)	Apprentice: minor buff to morale and resistance to fear. Expands at higher levels to AoE inspiration/dread effects and battlefield-wide emotional manipulation.	Container 1: Target (1) → Stand Alone: Buff (+5% morale bonus = 2 Mana)	Range: Touch (2), Duration: Combat Step (2)	Progressive Spell (3)	• Apprentice: Subtle charm grants one ally courage, providing +5% to morale-related checks and resistance against fear for 1 combat step. • Novice: Influence extends—either emboldening up to 3 allies (+1 stat or +5% rolls) or sowing dread in 1 foe (–5% to rolls, shaken confidence) for 1 combat round. • Master: Emotion spreads as an aura (AoE radius 10 ft); allies within gain +1 stat, enemies suffer –1 stat; may affect both simultaneously. • High Master: Aura scales to 30 ft and lasts 2 rounds; caster may choose to amplify unity (+10% ally rolls) or collapse enemy resolve (Stun/Daze 1 step on failed Will save). • Grand Master: A tide of resonance engulfs a vast zone (100 ft sphere, Line of Sight); allies fight with transcendent unity (+15% all rolls, immunity to fear), enemies face crushing despair (–15% rolls, potential immobilization); lingering after-effects reshape morale of armies or cities at G.O.D. discretion.	“Every heart beats to a rhythm—this spell simply chooses the tune.”	Apprentice: Single-target courage buff. • Novice: Multi-target ally inspiration or single-target enemy dread. • Master: AoE aura granting buffs/debuffs. • High Master: Larger aura with stun/daze potential. • Grand Master: Battlefield-wide resonance altering morale of armies, lingering even beyond combat.
Soothing Presence	Charm	Apprentice	9	5	Short (30 ft = 4)	Radius (10 ft = 3)	Combat Step (2)	Allies within 10 ft radius gain +5% to Will saves and morale checks; temporary relief from fear effects.	Container 1: AoE (2) → Stand Alone: Buff (+5% morale bonus = 2)	Range: Short (30 ft = 4), Shape: Radius 10 ft (3), Duration: Combat Step (2)	--	• Does not stack with other morale buffs unless ruled by G.O.D. • Aura fades immediately when duration ends. • Ineffective against mindless or emotionless beings.	“A calm word steadies even the most trembling hand.”	--
Momentary Dread	Charm	Apprentice	10	5	Short (30 ft = 4)	--	Combat Step (2)	Target suffers –5% to all rolls for 1 step and must resist or hesitate, losing confidence.	Container 1: Target (1) → Stand Alone: Debuff (–5% = 2)	Range: Short (30 ft = 4), Duration: Combat Step (2)	--	• If target is already under a fear effect, penalties stack only at G.O.D. discretion. • Ineffective against creatures immune to fear or without minds. • Can alert enemies that the caster is dangerous, drawing attention.	“The eyes of dread need only meet yours once.”	--
Rallying Cry	Charm	Novice	16	8	Medium (60 ft = 5)	Radius (10 ft = 3)	Combat Round (5)	Allies within radius gain +1 to morale rolls and saves against fear for 1 round.	Container 1: AoE (2) → Stand Alone: Buff (+1 stat = 2)	Range: Medium (5), Shape: Radius (3), Duration: Combat Round (5)	--	• Effects do not stack with other morale buffs. • Ineffective if allies cannot hear the caster’s cry. • May unintentionally draw enemy attention to the caster. • Works poorly in magically silenced zones.	“One voice can turn the tide of a thousand.”	--
Seed of Doubt	Charm	Novice	14	7	Short (30 ft = 4)	--	Combat Round (5)	Target suffers –10% penalty to morale and attack rolls for 1 round.	Container 1: Target (1) → Stand Alone: Debuff (–10% = 4)	Range: Short (4), Duration: Combat Round (5)	--	• Does not stack with other debuffs of the same type. • Particularly effective on leaders or commanders. • Ineffective against mindless or highly disciplined foes. • Can erode trust if overused on allies during training.	“Even the strongest warrior can falter when they question their own hand.”	--
Shared Bond	Charm	Novice	18	9	Medium (60 ft = 5)	Multi-Target (3)	Combat Round (5)	Up to 3 allies gain +5% to morale rolls and saves; linked allies resist fear and hesitation.	Container 1: Target (1) → Stand Alone: Buff (+5% = 2)	Range: Medium (5), Multi-Target (3), Duration: Combat Round (5)	--	• Link only works while allies remain within range. • Does not transmit language or tactics, only presence. • Ineffective on unwilling targets. • Stacks poorly with other morale effects.	“Three hearts may beat as one, if bound by trust.”	--
Chains of Devotion	Charm	Master	32	16	Medium (60 ft = 5)	--	Combat Round (5)	Target is immobilized for 1 round unless they succeed a Will save. Victim appears loyal and unwilling to act against caster.	Container 1: Control (2) → Stand Alone: Immobilize (6)	Range: Medium (5), Duration: Combat Round (5)	--	• Targeted foe may resist with a Will save. • Ineffective against mindless creatures or those immune to charm. • Can provoke hostility if target breaks free. • May have lasting narrative effects on victim’s perception of caster.	“Devotion can bind tighter than any chain.”	--
Harmony’s Veil	Charm	Master	44	22	Medium (60 ft = 5)	Sphere (30 ft radius = 5)	Combat Round (5)	Allies gain +1 to attack rolls and morale saves; enemies suffer –1 to rolls while in the aura.	Container 1: AoE (2) → Stand Alone: Buff (+1 stat = 2); Container 2: AoE (2) → Stand Alone: Debuff (–1 stat = 2)	Range: Medium (5), Shape: Sphere 30 ft (5), Duration: Combat Round (5)	--	• Effects persist as long as enemies and allies remain in the aura. • Does not stack with other morale effects. • Ineffective against mindless creatures. • Area resonance can be felt by non-combatants nearby, drawing attention.	“The world itself sings—you choose who hears harmony and who hears discord.”	--
False Idol	Charm	Master	47	24	Line of Sight (10)	Sphere (20 ft radius = 5)	Combat Round (5)	Enemies in radius suffer –10% morale and hesitation; allies within radius treat caster as a leader, gaining +10% to morale checks.	Container 1: AoE (2) → Stand Alone: Illusion/Mask (4) → Nested Container: Control (2) → Stand Alone: Stun/Daze (6)	Range: Line of Sight (10), Shape: Sphere 20 ft (5), Duration: Combat Round (5)	--	• Victims may resist with a Will save. • Long-term loyalty or dread may linger beyond combat at G.O.D. discretion. • Ineffective against those immune to illusions or mind effects. • Risk of backlash if allies recognize manipulation. • May alter campaign narrative significantly if used often.	“To play at god is to risk being remembered as one.”	--
Symphony of Souls	Charm	High Master	72	36	Long (120 ft = 7)	Sphere (50 ft radius = 8)	2 Combat Rounds (10)	Allies in radius gain +10% attack, morale, and save rolls; enemies suffer –10% rolls and –1 initiative step.	Container 1: AoE (2) → Stand Alone: Buff (+10% = 4); Container 2: AoE (2) → Stand Alone: Debuff (–10% = 4) + Control (2) → Stand Alone: Decelerate/Slow (–1 init = 4)	Range: Long (7), Shape: Sphere 50 ft (8), Duration: 2 Combat Rounds (10)	--	• Effects persist only while targets remain in range. • Enemies may attempt Will saves each round to resist. • Ineffective against creatures immune to charm/fear. • Song can be heard by all, making stealth impossible. • Emotional after-effects may linger even after combat, altering morale. • Risk of backlash if allies perceive loss of free will in harmony effect.	“When one heart sings, others may listen; when all hearts sing, the world must obey.”	--
Puppet Strings	Charm	High Master	85	43	Medium (60 ft = 5)	Cone (30 ft = 3)	Combat Round (5)	Enemies in cone must succeed a Will save or be restrained and forced to make one attack against allies of caster’s choice.	Container 1: Control (2) → Stand Alone: Grapple/Restrain (4); Container 2: Temporal/Spatial (5) → Stand Alone: Link/Bind (6)	Range: Medium (5), Shape: Cone (3), Duration: Combat Round (5)	--	• Each victim may resist with a Will save each round. • Foes under effect may injure allies, causing morale fallout. • Ineffective against mindless creatures or those immune to control. • Visible “strings” may reveal caster’s presence. • Highly taxing on caster; risk of disorientation if control snaps suddenly. • Morally questionable use may impact reputation or narrative.	“Every heart has strings—some pull themselves, others are pulled.”	--
Dominion of the Heart	Charm	Grand Master	156	78	Line of Sight (10)	Sphere (100 ft radius = 10)	3 Combat Rounds (15)	Allies in radius gain +15% rolls and immunity to fear; enemies suffer –15% rolls, must save or become immobilized in awe/fear. Leaders or commanders may be forced into loyalty or submission at G.O.D. discretion.	Container 1: AoE (2) → Stand Alone: Buff (+15% = 6); Container 2: AoE (2) → Stand Alone: Debuff (–15% = 6) + Control (2) → Stand Alone: Immobilize (6); Container 3: Control (2) → Stand Alone: Blind/Deaf/Silence (5) → Nested Container: Temporal/Spatial (5) → Stand Alone: Link/Bind (6)	Range: Line of Sight (10), Shape: Sphere 100 ft (10), Duration: 3 Combat Rounds (15)	--	• Enemies may attempt Will saves each round, but with disadvantage. • Commanders/leaders may remain loyal or broken after combat, permanently altering narrative. • Ineffective against true mindless foes, though morale impact still ripples outward. • Backlash risk: caster must save or suffer psychic shock, daze, or partial loss of identity. • Emotional aftereffects may linger in entire regions or armies. • Overuse risks permanent corruption of caster’s own will, confusing self with role. • May trigger divine or cosmic scrutiny for violating free will on a massive scale. • Can shift entire campaigns, ending wars or sparking rebellions.	“One will to guide them, one heart to command them, one presence to reshape the world.”	--
Phantom Flicker	Illusion	Apprentice	10	4	Short (4)	--	Instantaneous (1)	Creates a brief illusory distraction.	Container 1: Target (1) → Stand Alone: Illusion/Mask (4)	Range: Short (4), Duration: Instantaneous (1)	--	• Flicker is purely sensory and causes no real harm. • Target may ignore effect if highly focused. • Works best in dim light or chaotic settings.	“A spark where none exists, a whisper in the dark—just enough to break their focus.”	
Veiled Step	Illusion	Apprentice	8	5	Self (1)	--	Combat Step (2)	Minor concealment that blurs the caster’s form.	Container 1: Target (1) → Stand Alone: Illusion/Mask (4)	Range: Self (1), Duration: Combat Step (2)	--	• Grants –5% to enemy Perception rolls against caster. • Breaks instantly if caster makes a loud action or direct attack. • Ineffective in bright light.	“Step lightly, wrapped in the hush of shadows.”	
False Face	Illusion	Apprentice	9	5	Touch (2)	--	Combat Step (2)	Illusory disguise that alters visual perception.	Container 1: Target (1) → Stand Alone: Illusion/Mask (4)	Range: Touch (2), Duration: Combat Step (2)	--	• Grants +5% to disguise/stealth rolls. • Enemies may require a Perception check to pierce illusion. • Breaks instantly if touched or if caster suffers damage.	“A mask woven of shadow and light, convincing until the moment it is broken.”	
Phantasmal Echoes	Illusion	Novice	20	10	Short (4)	--	Combat Round (5)	Up to 3 allies gain illusory doubles; enemies attacking them suffer –10% accuracy for 1 round; Perception save can reveal the true target.	Container 1: Target (1) → Stand Alone: Illusion/Mask (4), Debuff (–10% accuracy = 3)	Range: Short (4), Duration: Combat Round (5), Multi-Target (3)	--	• Physical contact or grapples reveal the true body (illusions collapse for that observer). • Bright, steady lighting grants advantage to Perception checks against the effect. • Does not interfere with ally actions or lines of sight; purely visual refraction. • G.O.D. may grant situational bonuses to foes using blindsense or tremorsense.	“Strike the light; watch the shadow laugh.”	--
Specter’s Whisper	Illusion	Novice	19	10	Short (4)	--	Combat Round (5)	Plants illusory sounds in up to 3 minds; each affected target suffers –5% Perception and may hesitate or misjudge directions for 1 round.	Container 1: Target (1) → Stand Alone: Illusion/Mask (4), Debuff (–5% Perception = 2)	Range: Short (4), Duration: Combat Round (5), Multi-Target (3)	--	• Targets may attempt a Will/Perception save to dismiss the whisper as false. • Cannot deliver complex commands or compel actions; it only mimics sound. • Silent to uninvolved creatures; anti-magic zones or silence fields may suppress it. • Repeated use against the same creature in a scene grants them advantage to disbelieve.	“Who called your name? Turn, and lose the moment.”	--
Glamour Veil	Illusion	Novice	18	9	Touch (2)	--	Combat Round (5)	Up to 3 allies adopt convincing disguises; each gains +10% to disguise/stealth checks for 1 round; visuals only, collapses on close physical inspection.	Container 1: Target (1) → Stand Alone: Illusion/Mask (4), Buff (+10% disguise/stealth = 3)	Range: Touch (2), Duration: Combat Round (5), Multi-Target (3)	--	• Must touch each ally during casting; breaking formation weakens the “shared role” fiction. • Direct handling, grapples, or obvious tactile checks expose the disguise to that observer. • Strong, fixed lighting and known heraldry increase chances to see through the glamour. • Pairs well with forged papers, confident speech, and appropriate tools/props.	“Wear the story, and the world will read it.”	--
Phantasmal Army	Illusion	Master	30	15	Medium (60 ft)	Cube/Zone (20 ft)	1 Combat Round	Overwhelming false forces confuse and demoralize enemies, forcing morale checks and wasted attacks.	Container 1: AoE (2) → Stand Alone: Illusion/Mask (4), Stand Alone: Debuff (–10% rolls = 4).	Range: Medium (5), Shape: Cube/Zone (8), Duration: Combat Round (5)	—	• Enemies inside must roll Perception/Wisdom vs caster’s successes or treat illusions as real. • Allies unaffected. • Works best in open combat.	“The clash of steel, the roar of voices—yet no blade can touch you.”	—
Veil of Shadowstep	Illusion	Master	28	14	Self	—	2 Combat Steps	Afterimages reduce accuracy of enemy attacks while boosting caster’s evasive mobility.	Container 1: Target (1) → Stand Alone: Illusion/Mask (4), Stand Alone: Buff (+10% dodge = 4).	Range: Self (1), Duration: Lingering (2×2 = 4)	Concentration (–2)	• While maintained, attacks against caster suffer –10% accuracy. • Caster gains +10% to dodge rolls. • Ends if concentration breaks.	“Where one shadow ends, another begins—and you walk between them.”	—
Maze of Mirrors	Illusion	Master	46	23	Short (30 ft)	Sphere (20 ft)	1 Combat Round + 2 Lingering Steps	Illusory maze imprisons foes, forcing movement penalties and perception failures.	Container 1: AoE (2) → Stand Alone: Illusion/Mask (4), Stand Alone: Control: Immobilize (6), Stand Alone: Debuff (–10% accuracy = 4).	Range: Short (4), Shape: Sphere (8), Duration: Combat Round (5) + Lingering (4)	Environmental Dependency (–3)	• Targets must pass opposed Perception vs caster’s roll or become trapped in false corridors. • Movement halved even on a success. • Cannot be cast without reflective surfaces or light.	“The mirror shows you every path but the one that leads out.”	—
The Shattered City	Illusion	High Master	72	36	Line of Sight (10)	Sphere (30 ft)	2 Combat Rounds + 2 Lingering Steps	Battlefield-sized illusory catastrophe, breaking enemy coordination and morale.	Container 1: AoE (2) → Stand Alone: Illusion/Mask (4), Stand Alone: Debuff (–15% accuracy & morale = 6), Stand Alone: Control: Stun/Daze (6).	Range: Line of Sight (10), Shape: Sphere (11), Duration: Combat Round (5) + Lingering (4).	Backlash Risk (–5).	• Enemies inside must succeed Perception/Wisdom save or lose 1 action from panic. • All attacks inside suffer –15% accuracy. • Illusion may overwhelm allies with sensory overload (–5% rolls if they fail saves). • Backlash: caster risks psychic shock if control roll fails (stunned 1 step).	“Stone falls, steel bends, and the city screams—yet nothing has changed.”	--
Nightmare Menagerie	Illusion	High Master	84	42	Medium (60 ft)	Sphere (30 ft)	2 Combat Rounds	Illusory beasts cause paralysis, morale collapse, and combat hesitation.	Container 1: AoE (2) → Stand Alone: Illusion/Mask (4), Stand Alone: Control: Immobilize (6), Stand Alone: Debuff (–15% morale = 6).	Range: Medium (5), Shape: Sphere (11), Duration: Combat Round (5) × 2 = 10.	Concentration (–2).	• Enemies must save vs Wisdom/Perception or be immobilized by fear for 1 round. • Even on success, enemies suffer –15% morale/accuracy. • Illusion may bleed into nightmares after combat (G.O.D. discretion). • If concentration breaks, caster suffers lingering hallucinations for 1d4 steps.	“Every shadow hides teeth, and they are all coming for you.”	--
Eclipse of Truth	Illusion	Grand Master	132	66	Line of Sight (10)	Sphere (100 ft)	2 Combat Rounds + 3 Lingering Steps	World-scale layered illusion creating false eclipse, shifting terrain, shadow predators, and temporal dissonance.	Container 1: AoE (2) → Stand Alone: Illusion/Mask (4), Stand Alone: Debuff (–20% accuracy & morale = 8). Container 2: Control (2) → Stand Alone: Immobilize (6), Stand Alone: Stun/Daze (6). Container 3: Temporal/Spatial (5) → Stand Alone: Spatial Bubble (8).	Range: Line of Sight (10), Shape: Sphere (15), Duration: Combat Round (5) × 2 + Lingering (6).	Backlash Risk (–5), Environmental Dependency (–3).	• All creatures in zone must pass opposed Perception/Wisdom vs caster or be unable to distinguish allies from foes (risk of friendly fire). • Enemies suffer –20% morale/accuracy baseline; failed saves impose immobilization or loss of action. • Spatial distortion slows movement; all travel halved. • Allies risk partial blindness or disorientation if unprepared (-5% rolls until acclimated). • Backlash: failed control roll traps caster in lingering hallucinations. • Aftermath: survivors may experience recurring visions, paranoia, or battlefield trauma (G.O.D. discretion).	“The sun itself yields to shadow, and truth is swallowed whole.”	--
Find Familiar	Summoning	Apprentice	9	5	Touch		Combat Step	* Summons a minor familiar (spirit in animal form). * May deliver touch‑range spells. * Provides limited sensory impressions (G.O.D discretion).	Container: Target (1) → Summon (minor, 8)	Range: Touch (2); Duration: Combat Step (2)	Concentration (–2); Component Requirement (–2)	* If reduced to 0 HP, the familiar vanishes without a corpse. * Form may vary on each casting unless bound by a contract. * Requires whispered true‑name and a chalk circle to cast.	“The bond of a name whispered into the void becomes fur and feather.”	—
Call Trinket	Summoning	Apprentice	8	4	Self		Instantaneous	* Summons a minor object you already possess (belt/pack/pocket). * Appears instantly in hand.	Container: Target (1) → Summon (minor object, 8)	Range: Self (1); Duration: Instantaneous (1)	Environmental Dependency (–3)	* Cannot retrieve items not personally owned or carried. * G.O.D may impose noise/light tells on arrival. * Fails harmlessly if the item is not on your person.	“Your hand slips into nowhere, and comes back holding just what you need.”	—
Spirit Lantern	Summoning	Apprentice	10	5	Self		Combat Step	* Summons a harmless lantern‑spirit that sheds bright light in a close radius. * May gesture or drift toward danger (G.O.D discretion).	Container: Target (1) → Summon (minor, 8)	Range: Self (1); Duration: Combat Step (2)	Concentration (–2)	* Vanishes immediately if concentration breaks. * Provides no damage; may disrupt stealth in darkness. * Flickers or dims in strong anti‑magic.	“A light borrowed from beyond the veil, eager to guide but never to fight.”	—
Summon Pack Beast	Summoning	Novice	16	8	Short (30 ft)		Combat Round	* Summons one medium beast ally. * Obeys basic verbal commands. * Vanishes at end of duration.	Container: Target (1) → Summon (minor beast, 8)	Range: Short (4); Duration: Combat Round (5)	Concentration (–2)	* Beast has average stats for its type. * If slain, it dissipates into mist. * Cannot be healed or resurrected normally.	“A loyal beast answers the planar whistle.”	—
Phalanx of Echoes	Summoning	Novice	18	9	Medium (60 ft)	Wall (30 ft)	Combat Step	* Summons 3–4 phantom warriors along a 30 ft wall. * They provide partial cover and deal minor spectral damage (1 each) if engaged. * Vanish after one step.	Container: AoE (2) → Summon (minor entities, 8)	Range: Medium (5); Shape: Wall 30 ft (4); Duration: Combat Step (2)	Component Requirement (–2; requires stomp or weapon clash)	* Ghosts cannot leave the wall formation. * Attacks count as magical but weak. * Dispersed if directly targeted with Negation/Dispel.	“From memory’s battlefield, the fallen march once more.”	—
Retrieve from Beyond	Summoning	Novice	14	7	Medium (60 ft)		Instantaneous	* Pulls a small unattended object (up to 10 lbs) into caster’s hand. * Object must be visible and within range.	Container: Target (1) → Summon (minor object, 8)	Range: Medium (5); Duration: Instantaneous (1)	Environmental Dependency (–3; fails if object is carried/worn)	* Cannot retrieve objects held or carried. * G.O.D may require skill check if obstructed. * Sudden arrival may cause noise or light distortion.	“The world itself delivers what you demand.”	—
Summon Warband	Summoning	Master	28	14	Medium (60 ft)	Multi-Target (6)	Combat Round	* Summons up to 6 minor warriors. * Each fights with basic martial stats. * Provides morale boost to nearby allies.	Container: Target (1) → Summon (minor, 8) × Multi-Target (6 = 18)	Range: Medium (5); Duration: Combat Round (5)	Concentration (–2); Static Assignment (1)	* Warriors vanish if slain or after duration. * Morale bonus applies only while at least 3 remain. * Cannot be healed.	“The clash of unseen armies marches to your call.”	—
Obsidian Guardian	Summoning	Master	34	17	Short (30 ft)	Single Target	Combat Round	* Summons a large golem-like guardian. * Grants partial cover to allies behind it. * Can grapple or restrain enemies.	Container: Target (1) → Summon (major, 15) + Control (2 → Grapple/Restrain 4)	Range: Short (4); Duration: Combat Round (5);	Component Requirement (–2; requires onyx shard); Static Assignment (1)	* Guardian obeys single-word commands. * Grapple counts as magical restraint. * Dismissed if onyx shard is broken.	“A giant of stone answers, warding the weak and binding the bold.”	—
Circle of Binding	Summoning	Master	42	21	Long (120 ft)	Sphere (20 ft radius)	Combat Round	* Summons a powerful outsider into a binding circle. * Chains restrain it within zone. * Zone also blocks other planar passage.	Container: AoE (2) → Summon (major, 15) + Control (2 → Immobilize 6)	Range: Long (7); Shape: Sphere 20 ft (5 +2 for radius increase); Duration: Combat Round (5)	Backlash Risk (–5); Concentration (–2)	* If concentration fails, creature may break free. * Circle blocks teleport/planar effects in radius. * Outsider hostile unless bargains are struck.	“The chains of your will drag the unwilling from beyond.”	—
Concord of Ten Thousand	Summoning	High Master	53	27	Long (120 ft)	Sphere (40 ft radius)	Combat Round	* Ten minor spectral soldiers appear at chosen points. * Zone grants allies +1 initiative and imposes –1 initiative on foes. * Spatial drag and a shove wall deter crossing.	Container A: Target (1) → Summon (minor, 8) + Multi-Target (+12 for 9 extra = 10 total) = 21; Container B: AoE (2) → Buff (2) + Debuff (2) + Spatial Bubble (8) + [Control (2) → Push (3)] = 19	Range: Long (7); Shape: Sphere 40 ft (5 + 1 size = +3 → 8); Duration: Combat Round (5)	Concentration (–2); Backlash Risk (–5)	* If concentration breaks, the formation field collapses; soldiers persist only until spell ends. * Push is a 10‑ft shove when crossing the wall edge (G.O.D may call for saves). * Soldiers use “minor” statline and vanish at duration end.	“Ten thousand feet march in cadence; the world keeps time or stumbles.”	—
Seal of the Eclipsed Gate	Summoning	High Master	76	38	Line of Sight	Sphere (40 ft radius)	Combat Round	* Two major outsiders manifest within the bubble. * Bubble imposes slow/drag; allies gain a modest boon, foes a hinder. * Both outsiders are bound/immobilized unless control fails.	Container T: Temporal/Spatial (5); Inside it → Container A (AoE 2) → Spatial Bubble (8) + Buff (2) + Debuff (2) = 14; plus Shape/Duration below. Separate: Container B: Target (1) → Summon (major, 15); Container C: Target (1) → Summon (major, 15) = 32; Container D: Control (2) → Immobilize (6) + Multi-Target (2 targets = 3 +1 = 4) = 12	Range: Line of Sight (10); Shape: Sphere 40 ft (5 + 1 size = +3 → 8); Duration: Combat Round (5)	Concentration (–2); Backlash Risk (–5); Environmental Dependency (–3; eclipse/ominous alignment/night sky)	* If concentration fails, either outsider may act freely; G.O.D adjudicates immediate behavior. * Projectiles bend unpredictably through the bubble. * Terrain may suffer lasting scars from planar strain.	“Two worlds grind like gears; you hold the pin that keeps them meshed—until you don’t.”	—
Eternal Concord of Realms	Summoning	Grand Master	156	78	Unlimited (15)	Zone/Cube (5 + 4 sizes = 17)	3 Combat Rounds (15) + Lingering 5 steps (10)	* Summons 2 major entities and 12 minor attendants. * Reshapes terrain into fortified ringwork. * Establishes a temporal bubble that drags enemies. * Allies in zone gain +2 initiative and +1 stat. * Enemies in zone suffer –2 initiative and morale penalties. * At will, banish up to 6 designated enemies inside the cube.	Container A — Temporal/Spatial (5): Summon Major (15) + Summon Major (15) + Summon Minor (8 + Multi-Target 9 = 17) → 52 • Container B — AoE (2): Spatial Bubble (8) + Create/Destroy Major (12) → 22 • Container C — Control (2): Immobilize (6) + Pull (3) + Multi-Target (6) → 17 • Container D — AoE (2): Buff (2+1 extra = 3) + Accelerate/Hasten (4+2 extra = 6) = 11 • Container E — AoE (2): Debuff (2+1 extra = 3) + Decelerate/Slow (4+2 extra = 6) = 11 • Container F — Target (1): Banish (10) + Multi-Target (6) = 17 → Subtotal 132	Range Unlimited (15); Shape Cube 5 + 12 = 17; Duration 15 + 10 = 25 → Add-Ons 57	Modifiers: Concentration (–2); Component Requirement (–4); Backlash Risk (–5) → –11	* If concentration fails, summoned entities may turn hostile. * Terrain alterations remain after spell ends but without magical cohesion. * Banished enemies may return later depending on G.O.D adjudication. * Attendants vanish if commander entity is destroyed.	“When worlds answer one voice, armies march in cadence across time.”	—
Mend Stone	Transmutation	Apprentice	8	4	Touch	Single Target	Instantaneous	Repairs cracks or breaks in stone up to 1 cubic foot.	Target (1) + Create/Destroy (basic, 5) + Touch (2)	Range: Touch (2); Duration: Instantaneous (1)	None	Does not restore magical properties of crafted items.	“Stone remembers wholeness when reminded.”	N/A
Purify Water	Transmutation	Apprentice	8	4	Touch	Single Target	Instantaneous	Removes toxins, filth, or salt from up to 1 gallon of water.	Target (1) + Create/Destroy (basic, 5) + Touch (2)	Range: Touch (2); Duration: Instantaneous (1)	None	Cannot create water; only alters existing liquid.	“Every river seeks purity—the mage only hastens it.”	N/A
Resize Trinket	Transmutation	Apprentice	9	5	Touch	Single Target	Combat Step	Enlarges or shrinks one non-living item (under 10 lbs.) by up to 50% for 1 step.	Target (1) + Buff (2, size mod) + Transform/Alter (10)	Range: Touch (2); Duration: Combat Step (2)	Component Requirement (–2*2=-4); Concentration (–2*2=-4)	If effect ends mid-use, the object snaps back instantly.	“Size is only a suggestion to matter.”	N/A
Shape Metal	Transmutation	Novice	18	9	Touch	Single Target	Combat Round	Reshape up to 1 cubic foot of non‑living metal into a new simple form.	Target (1) + Transform/Alter (10)	Range: Touch (2); Duration: Combat Round (5)	None	Not precise enough for moving clockwork; thin sections may become brittle at G.O.D. discretion.	“Metal remembers the forge.”	N/A
Enlarge Object	Transmutation	Novice	18	9	Short (30 ft)	Single Target	Combat Round	Double the size (and weight) of one non‑living object up to 50 lbs for 1 round.	Target (1) + Transform/Alter (10)	Range: Short (4); Duration: Combat Round (5)	Component Requirement (–2)	Requires a marked scaling token, consumed on cast (–2 Mana). On end, object reverts instantly and may dislodge or strain fittings.	“Greatness is a matter of scale.”	N/A
Stone to Mud	Transmutation	Novice	16	8	Touch	Single Target	Instantaneous	Transform up to a 5‑ft cube of natural/unworked stone into ordinary mud.	Target (1) + Transform/Alter (10) + Create/Destroy (basic, 5)	Range: Touch (2); Duration: Instantaneous (1)	Environmental Dependency (–3)	Only affects natural/unworked stone; finished masonry and carved statues resist and cause the spell to fizzle harmlessly.	“Even mountains have soft hearts.”	N/A
Forgeheart Wall	Transmutation	Master	32	16	Medium (60 ft)	Wall (30 ft)	Combat Round	Instantly raise a 30-ft wall of metal-reinforced stone; provides full cover and blocks passage.	Container 1: AoE (2) + Stand Alone: Create/Destroy (major, 12); Container 2: Target (1) + Stand Alone: Transform/Alter (10)	Range: Medium (5); Shape: Wall (4); Duration: Combat Round (5)	Environmental Dependency (–3)	Wall only manifests if earth/stone is available; fizzles on bare surfaces.	“The earth remembers, but the mage rewrites.”	N/A
Chimeric Fusion	Transmutation	Master	29	15	Touch	Single Target	Combat Round	Temporarily merge two non-living objects into one hybrid, gaining combined traits.	Container 1: Target (1) + Stand Alone: Transform/Alter (10); Container 2: Target (1) + Stand Alone: Create/Destroy (basic, 5)	Range: Touch (2); Duration: Combat Round (5)	Concentration (–2); Component Requirement (alchemical catalyst, –2)	When effect ends, both items take damage or distortion; G.O.D. decides severity.	“What was separate is now one, if only for a heartbeat.”	N/A
Mass Resize	Transmutation	Master	36	18	Short (30 ft)	Radius (20 ft)	Combat Round	All non-living objects in radius enlarged up to ×4 or shrunk to ¼ size for 1 round.	Container 1: AoE (2) + Stand Alone: Transform/Alter (10); Container 2: Control (2) + Stand Alone: Debuff (–2 Strength equivalent, 4)	Range: Short (4); Shape: Radius 20 ft (7); Duration: Combat Round (5)	Backlash Risk (–5)	Caster must pass Willpower or suffer –5% rolls next step from vertigo.	“Size is only a suggestion.”	N/A
Worldshaper’s Maw	Transmutation	High Master	72	36	Long (120 ft)	Sphere (30 ft radius)	Combat Round	Opens a collapsing 30-ft radius zone: terrain liquefies into rubble/mud, and unattended objects begin to break apart.	Container 1: AoE (2) + Stand Alone: Create/Destroy (major, 12); Container 2 (nested within AoE): Control (2) + Stand Alone: Immobilize (6); Container 3 (nested): Target (1) + Stand Alone: Transform/Alter (10)	Range: Long (7); Shape: Sphere radius 30 ft (5 +3+3 = 11); Duration: Combat Round (5)	Backlash Risk (–5); Concentration (–2)	Base subtotal = 2+12 + 2+6 + 1+10 +7+11+5 = 56; total with modifiers = 72. Terrain becomes hazardous rubble; immobilized targets may need STR checks each step.	“The land itself opens its jaws.”	N/A
Eternal Alloy	Transmutation	High Master	85	43	Medium (60 ft)	Cube (20 ft)	Lingering (3 steps)	Within a 20-ft cube, all non-living material is fused into a composite alloy with supernatural durability for 3 steps.	Container 1: AoE (2) + Stand Alone: Create/Destroy (major, 12); Container 2: Target (1) + Stand Alone: Transform/Alter (10); Container 3 (nested): Temporal/Spatial (5) + Stand Alone: Temporal Stasis (6)	Range: Medium (5); Shape: Cube 20 ft (5+3 = 8); Duration: Lingering 3 steps (2+2+2 = 6)	Component Requirement (rare mineral catalyst, –2); Environmental Dependency (–3)	Base subtotal = 2+12 + 1+10 + 5+6 + 5+8+6 = 55; with modifiers applied, effective = 85. Created alloy is G.O.D-defined but considered nearly unbreakable.	“What is forged here endures beyond time.”	N/A
Genesis Transmutation	Transmutation	Grand Master	148	74	Unlimited	Sphere (1 mile)	Lingering (hours)	Reconstitutes all non-living matter within 1 mile into new forms of the caster’s design. Terrain, structures, and natural features are transmuted en masse.	Container 1: AoE (2) + Stand Alone: Create/Destroy (major, 12); Container 2 (nested inside AoE): Target (1) + Stand Alone: Transform/Alter (10); Container 3 (nested): Temporal/Spatial (5) + Stand Alone: Temporal Stasis (6); Container 4: Control (2) + Stand Alone: Immobilize (6) to stabilize collapsing structures.	Range: Unlimited (15); Shape: Sphere 1 mile (5 + (3×10) = 35); Duration: Lingering (hours) (2 + 2×10 = 22)	Backlash Risk (–5); Concentration (–2); Component Requirement (legendary focus, –2)	- Requires legendary focus (e.g., philosopher’s stone equivalent).  - Caster risks permanent backlash: lose 1d10% of max HP on failure.  - Environment altered permanently unless dispelled by equal or greater magic.  - Narrative permission: G.O.D may veto changes that shatter campaign logic.	“The world is not broken—it is unfinished.”	
Quickshift: Webbed Grip	Transformation	Apprentice	7	4	Self (1)	—	Combat Step (2)	+10% Swim or +10% Climb (choose at cast).	Target (1) → Buff (+5% = 2) + extra Buff (+1)	Range: Self (1); Duration: Combat Step (2)	—	Cost: Target (1) + Buff (2) + Buff increment (1) + Self (1) + Combat Step (2) = 7. Must choose Swim or Climb on cast.	Membranes bloom, grip tightens, and the next hold is suddenly yours.	—
Skin of Scales (Lesser)	Transformation	Apprentice	5	3	Touch (2)	—	Combat Step (2)	+1 Natural Armor/DR vs. slashing & piercing.	Target (1) → Buff (+1 stat = 2)	Range: Touch (2); Duration: Combat Step (2)	Concentration (−2)	Cost: Target (1) + Buff (2) + Touch (2) + Combat Step (2) − Concentration (2) = 5. Ends if concentration breaks.	Your skin whispers like mail under cloth.	—
Nocturne Pupils	Transformation	Apprentice	5	3	Self (1)	—	Combat Step (2)	+5% Perception in dim/dark; ±5 sight tweak via Sense Modifier.	Target (1) → Buff (+5% = 2)	Range: Self (1); Duration: Combat Step (2)	Sense Modifier (+2); Environmental Dependency (−3, only dim or darker light)	Cost: Target (1) + Buff (2) + Self (1) + Combat Step (2) + Sense Modifier (2) − Dependency (3) = 5. No benefit in bright light.	Shadow parts like a curtain when your eyes learn its rhythm.	—
Gills of the Shorefolk	Transformation	Novice	14	7	Touch (2)	—	Combat Round (5)	Target breathes underwater for one combat round, gaining water-adapted respiration.	Target (1) → Transform/Alter (10)	Range: Touch (2); Duration: Combat Round (5)	—	Cost: Target (1) + Transform/Alter (10) + Touch (2) + Combat Round (5) = 18 → reduced by Environmental Dependency (−4, fails if not submerged) = 14. Effect ends if target leaves aquatic environment.	“You inhale river, and exhale air.”	—
Chameleon Veil	Transformation	Novice	16	8	Self (1)	—	Combat Round (5)	+15% to Stealth checks, sight-based detection suffers −10%.	Target (1) → contains Buff (+10% = 4) + Debuff (−10% = 2)	Range: Self (1); Duration: Combat Round (5)	—	Cost: Target (1) + Buff (4) + Debuff (2) + Self (1) + Combat Round (5) + Transform/Alter (10) = 22 → Environmental Dependency (−6, fails if in open bright light) = 16.	“Your body paints itself in the world’s brushstrokes.”	—
Beast’s Limb	Transformation	Novice	19	10	Touch (2)	—	Combat Round (5)	+2 Strength (applies to rolls using that limb); natural claw attack (counts as weapon).	Target (1) → Transform/Alter (10) + Buff (+1 stat = 2, doubled for +2 = 4)	Range: Touch (2); Duration: Combat Round (5)	Component Requirement (−2, claw must be ritually marked before battle)	Cost: Target (1) + Transform/Alter (10) + Buff (4) + Touch (2) + Combat Round (5) − Component Req (2) = 19.	“Your hand is no longer yours—it’s something hungrier.”	—
Wings of the Raptor	Transformation	Master	23	12	Self (1)	—	Combat Round (5)	Grants flight movement (40 ft) for one combat round.	Target (1) → Transform/Alter (10)	Range: Self (1); Duration: Combat Round (5)	—	Flight requires both arms free to balance wings; cannot wear heavy armor.	“Sky answers muscle; your shoulders erupt with storm.”	—
Packform Shift	Transformation	Master	29	15	Short (30 ft) (4)	—	Combat Round (5)	Up to 3 allies gain +1 Strength and +1 Dexterity for one combat round.	Target (1) → Transform/Alter (10) + Buff (2 + 2)	Range: Short (4); Duration: Combat Round (5); Multi-Target (3)	—	Max 3 allies may benefit; additional targets require recasting.	“Your kin bare their teeth, and the hunt begins.”	—
Fleshbind Curse	Transformation	Master	32	16	Medium (60 ft) (5)	—	Combat Round (5)	Target suffers forced deformity: −2 Strength, −2 Dexterity, movement speed halved.	Control (2) → contains Debuff (2 + 2) + Transform/Alter (10)	Range: Medium (5); Duration: Combat Round (5); Target container (1) nested	—	Effect does not cause permanent injury but leaves disadvantage on recovery checks for 1 round after.	“The body rebels; bone and tendon remember nothing familiar.”	—
Avatar of Chimera	Transformation	High Master	76	38	Self (1)	—	Combat Round (5)	Grants caster +4 Strength, +2 Dexterity, natural claw/bite/tail attacks (counts as weapons), flight, and +2 Natural Armor for one combat round.	Target (1) → Transform/Alter (10) + Buff (2 increments = 4) + Buff (+2 Dex = 2) + Buff (+2 Armor = 4) + extra Buff increments (2 + 2) nested inside	Range: Self (1); Duration: Combat Round (5)	—	Transformation is unstable: when the duration ends, caster must roll vs. system shock or suffer −1 Strength for remainder of combat.	“Three beasts roar in your chest, and none agree on mercy.”	—
Plagueform Wave	Transformation	High Master	84	42	Long (120 ft) (7)	Radius (20 ft) (5 + 2)	Combat Round (5)	Allies in zone: +2 Constitution, +1 Strength. Enemies in zone: −2 Constitution, movement halved.	Control (2) → contains Debuff (2 + 2) + Transform/Alter (10) | Target (1) → contains Buff (2 + 2 + 2) + Transform/Alter (10) → nested in AoE (2).	Range: Long (7); Shape: Radius 20 ft (7); Duration: Combat Round (5)	—	Area pulses with unstable energy: creatures must succeed Will save or suffer 1 point of Fatigue even if unaffected by primary effect.	“The wave passes, and the strong grow stronger while the frail wither like ash.”	—
Genesis Metamorphosis	Transformation	Grand Master	145	73	Line of Sight (10)	Sphere/Zone (50 ft radius = 5 + 3x3 = 14)	Combat Round (5) + Lingering (4)	Allies in zone: gain +4 Strength, +2 Constitution, wings or gills (player’s choice) for flight/swim, and +3 Natural Armor. Enemies in zone: −4 Strength, −2 Dexterity, speed halved, and must succeed a Will save or collapse prone. Terrain in zone becomes biologically unstable, creating dangerous hazards.	Target (1) → Transform/Alter (10) + Buff (+4 Str = 8, +2 Con = 4, +3 Armor = 6, Flight/Swim utility = 10) | Control (2) → Debuff (−4 Str = 6, −2 Dex = 4, half speed = 6, Will-save prone = 6) + Transform/Alter (10) | AoE (2) → contains both Target and Control nests.	Range: Line of Sight (10); Shape: Sphere Zone 50 ft (14); Duration: Combat Round (5) + Lingering (4)	Backlash Risk (−5, caster suffers 1d6 damage if fails Focus roll)	• Cost: Target (1) + Buffs (28) + Transform/Alter (10) + Control (2) + Debuffs (22) + Transform/Alter (10) + AoE (2) + Range LOS (10) + Shape Sphere/Zone (14) + Duration (9) − Backlash Risk (5) = 145. • Zone reshapes terrain biologically; dangerous terrain counts as Difficult + Hazard (G.O.D adjudicates). • Allies who already possess natural wings/gills instead gain doubled buff effects.	“Life itself forgets its form, and the world is written anew in your image.”	—
Momentary Step	Time & Space	Apprentice	8	4	Self	None	Instantaneous	Instantaneous self‑teleport up to 15 ft to a visible space.	Container: Temporal/Spatial (5) + Stand Alone: Teleportation (8)	Add‑Ons: Range: Self (1); Duration: Instantaneous (1)	Component Requirement (–2), Concentration (–2), Environmental Dependency (–3)	Must have a clear destination space in line of sight; fails in antimagic/void zones or where space is “locked” by G.O.D effect; if Concentration is broken before release, spell fizzles.	“Step once, and the world redraws itself around you.”	None
Temporal Glimpse	Time & Space	Apprentice	8	4	Self	None	Instantaneous	Caster gains a brief foresight bonus, effectively granting a +5% bonus on their next defensive or reactive action.	Container: Temporal/Spatial (5) + Stand Alone: Buff (+5% = 2)	Range: Self (1); Duration: Instantaneous (1)	Static Assignment (1)	Only applies to next defense or dodge; does not stack with itself.	“A single heartbeat stolen from the future can save a life.”	None
Slow Tether	Time & Space	Apprentice	10	5	Short (30 ft)	None	Combat Step	Target suffers –1 Initiative for 1 step.	Container: Temporal/Spatial (5) + Container: Target (1) + Stand Alone: Decelerate/Slow (4)	Range: Short (4); Duration: Combat Step (2)	None	Effect ends immediately after 1 step; resistant targets may shake off at G.O.D. discretion.	“Even a second stolen can shift the battle’s rhythm.”	None
Blink Step	Time & Space	Novice	16	8	Medium (60 ft)	None	Instantaneous	Instant relocation of self within 60 ft.	Container: Temporal/Spatial (5) + Stand Alone: Teleportation (8)	Add-Ons: Medium Range (5); Instantaneous (1)	Component Requirement (–2), Concentration (–2)	Must have line-of-sight to destination; misfire possible in obstructed zones.	“A flicker, a blur—and you are already gone.”	None
Stasis Snare	Time & Space	Novice	18	9	Short (30 ft)	None	Combat Round	Target suffers –2 Initiative and reduced mobility.	Container: Temporal/Spatial (5) + Container: Target (1) + Stand Alone: Decelerate/Slow (4) + Stand Alone: Immobilize (6)	Add-Ons: Short Range (4); Combat Round (5)	None	If target passes Willpower check, effect reduces to –1 Initiative only.	“Even seconds stolen can unravel destiny’s thread.”	None
Spatial Anchor	Time & Space	Novice	19	10	Medium (60 ft)	None	Combat Round	Target is anchored in place; forced movement fails.	Container: Temporal/Spatial (5) + Container: Control (2) + Stand Alone: Anchor/Lock (6) + Container: Target (1)	Add-Ons: Medium Range (5); Combat Round (5)	Backlash Risk (–5)	If anchor collapses, caster is briefly staggered (–1 Initiative).	“The world itself grips you and refuses release.”	None
Worldstride	Time & Space	Master	27	14	Unlimited	None	Instantaneous	Caster teleports to any visible or described destination.	Container: Temporal/Spatial (5) + Stand Alone: Teleportation (8)	Add-Ons: Unlimited Range (15); Instantaneous (1)	Concentration (–2)	Misfires may occur if destination is poorly described; G.O.D may impose arrival damage, splitting, or time displacement.	“The world itself becomes a door, if you dare to walk through.”	None
Chrono-Burst	Time & Space	Master	34	17	Medium (60 ft)	Sphere/Cube (20 ft zone)	Combat Round	Allies gain +2 Initiative; enemies suffer –2 Initiative for 1 combat round.	Container: Temporal/Spatial (5) + Container: AoE (2) + Stand Alone: Accelerate/Hasten (4) + Stand Alone: Decelerate/Slow (4)	Add-Ons: Medium Range (5); Shape: Sphere 20 ft (8); Duration: Combat Round (5)	Component Requirement (–2), Backlash Risk (–5)	Caster must succeed on Concentration check or also be affected by one side of the bubble.	“In this bubble, seconds bloom into eternities and destinies collapse in a breath.”	None
Spatial Rend	Time & Space	Master	42	21	Long (120 ft)	Sphere (15 ft radius)	Combat Round	Deals 2 points of damage per round; pulls creatures toward center (10 ft).	Container: Temporal/Spatial (5) + Container: AoE (2) + Container: Control (2) + Stand Alone: Damage (5 for 2 pts) + Stand Alone: Pull (3)	Add-Ons: Long Range (7); Shape: Sphere 15 ft (5); Duration: Combat Round (5)	Backlash Risk (–5)	If control is lost, caster takes 2 damage and is pulled toward rift’s center.	“The wound hungers, and all must answer its call.”	None
Gate	Time & Space	High Master	74	37	Unlimited	Sphere/Cube (30 ft portal)	Combat Round	The caster creates a two-way portal linking two locations. Armies or large groups can pass through for 1 full round.	Container: Temporal/Spatial (5) + Stand Alone: Teleportation (8) + Container: AoE (2)	Add-Ons: Range Unlimited (15); Shape: Sphere/Cube 30 ft (11); Duration: Combat Round (5)	Component Requirement (–2), Concentration (–2), Backlash Risk (–5)	Requires anchoring at both ends; unstable gates collapse violently, dealing 3 damage to nearby creatures.	“Step through the veil, and the world folds to your will.”	None
Chrono-Stasis Field	Time & Space	High Master	82	41	Long (120 ft)	Sphere (40 ft radius)	Combat Round	Freezes all creatures/objects inside sphere; caster may exclude up to 3 allies.	Container: Temporal/Spatial (5) + Container: AoE (2) + Stand Alone: Temporal Stasis (6)	Add-Ons: Long Range (7); Shape: Sphere 40 ft (11); Duration: Combat Round (5)	Backlash Risk (–5), Concentration (–2)	If concentration breaks, stasis unravels violently, staggering caster (–2 Initiative) and freeing trapped actions all at once.	“Time itself bends to silence at your command.”	None
Infinite Labyrinth	Time & Space	Grand Master	136	68	Unlimited	Sphere (1 mile radius, nested anomalies)	Combat Round + Lingering (5 steps)	Creates a vast shifting labyrinth of folded space: (1) Enemies become lost, unable to navigate reliably. (2) Allies risk scattering, must save to stay in formation. (3) Random distortions each round: teleportation loops, mirror doubles, or corridor stretches. (4) Terrain permanently altered after collapse.	Outer Container: Temporal/Spatial (5) + Container: AoE (2) → Shape Sphere 1 mile (29) + Duration Combat Round (5) + Lingering 5 steps (7) Nested Container A: Control (2) + Stand Alone: Immobilize (6) + Stand Alone: Grapple/Restrain (4) → winding hallways prevent escape Nested Container B: Temporal/Spatial (5) + Stand Alone: Teleportation (8) + Stand Alone: Spatial Bubble (8) → scattering and corridor looping Nested Container C: Temporal/Spatial (5) + Stand Alone: Illusion/Mask (4) + Stand Alone: Transform/Alter (10) → creates false passages and warped exits	Range: Unlimited (15); Shape: Sphere (29); Duration: Combat Round (5) + Lingering (7)	Backlash Risk (–5), Concentration (–2), Environmental Dependency (–3)	If concentration breaks, the labyrinth folds in on itself: all creatures inside are scattered to random points across the world, caster included. Geography may be permanently altered (cities shifted, rivers rerouted).	“Walk one step, and it takes you forever. Walk forever, and you return to your first step.”	None
Glimpse of Truth	Divination	Apprentice	8	4	Touch	Single Target	Instantaneous	Reveals concealed or magical traces within touched object or creature.	Container: Target (1) + Stand Alone: Reveal/Detect (4)	Range: Touch (2); Duration: Instantaneous (1)	—	Apprentice notes: Limited to surface details and faint magical traces. Requires direct contact. Reveals only currently present concealments, not past events.	Even the smallest secret resents the light of truth.	—
Echo of the Hunt	Divination	Apprentice	10	5	Short (30 ft)	Single Target	Instantaneous	Instant directional ping toward target within 30 ft; vague, momentary guidance.	Container: Target (1) + Stand Alone: Reveal/Detect (4)	Range: Short (4); Duration: Instantaneous (1)	—	Apprentice notes: Provides direction, not precise location. Cannot pass through dense shielding or lead beyond line-of-effect obstructions. Best used repeatedly between movements.	The world itself whispers where your quarry has gone.	—
Whisper of Tongues	Divination	Apprentice	10	5	Self	Single Target	Combat Step	Comprehends speech of nearby creature(s); rough but functional translation.	Container: Target (1) + Stand Alone: Reveal/Detect (4) + Stand Alone: Buff (linguistic comprehension = 2)	Range: Self (1); Duration: Combat Step (2)	—	Apprentice notes: Limited to spoken, audible languages. No reading/writing translation. Accuracy falters with obscure or magical tongues.	For a moment, every word feels like your own.	—
Eye of Secrets	Divination	Novice	20	10	Short (30 ft)	Radius (10 ft)	Combat Round	Reveals concealed doors, glyphs, or invisibility within a 10 ft radius; allies gain +5% perception.	Container: AoE (2) + Stand Alone: Reveal/Detect (4) + Stand Alone: Buff (+5% = 2)	Add-Ons: Range Short (4); Shape Radius 10 ft (3); Duration Combat Round (5)	—	Novice notes: Reveals magical/sensory concealment but not deep wards. Allies must be within zone to benefit. Only applies during duration.	The silver gaze spares no shadow.	—
Threads of Fate	Divination	Novice	19	10	Medium (60 ft)	—	Combat Step	Allies gain +1 initiative; enemies suffer –5% to their next roll (choose targets).	Container: Target (1) + Stand Alone: Accelerate/Hasten (+1 init = 4) + Stand Alone: Debuff (–5% = 2)	Add-Ons: Range Medium (5); Multi-Target (2 extra = 5); Duration Combat Step (2)	—	Novice notes: Choose each affected target on cast; effects apply once per target. Buffs/debuffs don’t stack with themselves. Requires line-of-effect to each target.	The future’s whisper nudges the present’s step.	—
Voice of the Lost	Divination	Novice	17	9	Self	Radius (10 ft)	Combat Round	Detects recent presence and strongest emotional impression within a 10 ft radius.	Container: AoE (2) + Stand Alone: Reveal/Detect (4) + Stand Alone: Sense Modifier (+5 = 2)	Add-Ons: Range Self (1); Shape Radius 10 ft (3); Duration Combat Round (5)	—	Novice notes: Impressions only from the last few minutes. Emotions are broad categories (fear, joy, anger). Does not reconstruct exact words unless they were loudly spoken.	The walls still remember; you need only listen.	—
Far-Seer’s Eye	Divination	Master	50	25	Unlimited	Radius (10 ft)	Combat Round	Create a remote “scry-sensor” at any distance; caster sees/hears from within a 10‑ft radius, revealing hidden/invisible creatures and magical auras in that zone.	Container 1: Temporal/Spatial (5) + Stand Alone: Spatial Bubble (8) + Stand Alone: Link/Bind (6) = 19; Container 2: AoE (2) + Stand Alone: Reveal/Detect (4) = 6; Total before add-ons/mods = 25	Range: Unlimited (15); Shape: Radius 10 ft (3); Duration: Combat Round (5)	Concentration (–2); Expose/Conceal (+2); Release (Delayed) (+2)	• Sensor is intangible; cannot be attacked, but anti‑magic can suppress it. • Reveals concealment/invisibility as outlines; does not negate cover or silence effects. • Line‑of‑effect to the destination is not required, but the zone must exist (no void/vacuum unless setting allows). • On concentration break, the link snaps and the sensor fizzles. • If multiple sensors are prepared via Release, only one can be active at a time per caster.	“Every secret imagines itself alone—until an eye arrives without a footstep.”	—
Expose the Flaw	Divination	Master	33	17	Medium (60 ft)	—	Combat Round	Mark up to 3 creatures; each suffers –5% per success (min –5%) to defense/avoidance checks against allied attacks, and their weak points are revealed to allies.	Container: Target (1) + Stand Alone: Reveal/Detect (4) + Stand Alone: Debuff (–5%) (2) + Stand Alone: Link/Bind (6) = 13; Total before add-ons/mods = 13	Add‑Ons: Range Medium (5); Duration Combat Round (5); Multi‑Target (2 extra = 5)	Per Success Assignment (+3); Expose/Conceal (+2)	• Choose up to 3 targets on cast; effects apply once per target for the duration. • The debuff applies to blocks/dodges/saves versus allied attacks, not to raw damage. • Targets under total cover cannot be marked; breaking line‑of‑effect ends their mark. • If a target is invisible, Reveal outlines them to allies but does not dispel the condition. • A second casting on the same targets during the duration does not stack; use the stronger result.	“Truth is sharpest where armor is thinnest.”	—
Oracle’s Reposition	Divination	Master	37	19	Short (30 ft)	—	Instantaneous	Teleport up to 3 willing allies you can target within 30 ft to safe spaces you can see within 30 ft; each teleported ally also gains +1 initiative.	Container 1: Temporal/Spatial (5) + Stand Alone: Teleportation (8) = 13; Container 2: Target (1) + Stand Alone: Accelerate/Hasten (+1 init = 4) + Stand Alone: Reveal/Detect (4) = 9; Total before add-ons/mods = 22	Add‑Ons: Range Short (4); Multi‑Target (2 extra = 5); Duration Instantaneous (1)	Per Success Assignment (+3); Release (Delayed) (+2)	• Allies must be willing and in line‑of‑effect; destination squares must be in the caster’s line of sight and unoccupied. • Each success beyond the first increases max teleport distance by +5 ft (still capped by G.O.D constraints). • Cannot pass through barriers that explicitly block teleportation; treat as failure for that target only. • Using Release allows pre‑setting a trigger (e.g., “when the ogre swings at Bran”); one stored charge at a time. • Teleporting into hazardous terrain is allowed but resolves hazards normally after arrival.	“Step where the blow isn’t.”	—
All-Seeing Veil	Divination	High Master	74	37	Line of Sight	Sphere (100 ft radius)	2 Combat Rounds	Reveals all illusions, hidden objects, invisible creatures, and magical auras in a massive zone. Applies –10% concealment defenses to all targets inside.	Container 1: AoE (2) + Stand Alone: Reveal/Detect (4) + Stand Alone: Debuff (–10% concealment = 4) = 10; Container 2: Temporal/Spatial (5) + Stand Alone: Spatial Bubble (8) = 13; Total before add-ons/mods = 23	Add-Ons: Range: Line of Sight (10); Shape: Sphere 100 ft radius (11); Duration: 2 Combat Rounds (10)	Expose/Conceal (+2); Concentration (–2)	• Allies and enemies equally revealed—caster cannot choose. • While active, illusions cannot function in the zone. • Perception rolls inside the sphere gain +10% clarity at G.O.D. discretion. • Ending concentration causes the veil to collapse instantly.	“The veil lifts, and all things are naked to the eye.”	—
Threads of Fate	Divination	High Master	88	44	Medium (60 ft)	Multi-Target (5)	Combat Round + 3 Lingering Steps	Up to 5 targets linked by threads; allies gain +5% to attacks against them; enemies suffer –2 Initiative and –5% defense. Futures briefly visible to caster and allies.	Container 1: Control (2) + Stand Alone: Anchor/Lock (6) + Stand Alone: Debuff (–5% defense = 2) + Stand Alone: Decelerate/Slow (–2 init = 5) = 15; Container 2: Target (1) + Stand Alone: Link/Bind (6) + Stand Alone: Reveal/Detect (4) = 11; Total before add-ons/mods = 26	Add-Ons: Range: Medium (5); Multi-Target: 4 extra (12); Duration: Combat Round (5) + Lingering 3 steps (6)	Per Success Assignment (+3); Release (Delayed) (+2); Expose/Conceal (+2)	• Threads may attach to up to 5 creatures at once; breaking line-of-sight severs the link. • Allies striking bound targets gain +5% to their rolls. • Enemies bound suffer initiative reduction and defenses falter. • Release allows threads to snap into place on a pre-set trigger. • Lingering fate-echoes may persist even after threads break.	“Every future is a tether—pull one, and the present unravels.”	—
Revelation of Eternity	Divination	Grand Master	132	66	Unlimited	Sphere (300 ft radius)	3 Combat Rounds	All illusions dispelled, all concealments revealed. Allies gain +2 Initiative and +10% accuracy against exposed foes. Enemies suffer –2 Initiative, –10% defenses, and cannot benefit from concealment. Caster perceives fraG.O.Dents of the future.	Container 1: Temporal/Spatial (5) + Stand Alone: Spatial Bubble (8) + Stand Alone: Reveal/Detect (4) = 17; Container 2: AoE (2) + Stand Alone: Debuff (–10% defenses = 4) + Stand Alone: Decelerate/Slow (–2 init = 5) = 11; Container 3: Target (1) + Stand Alone: Buff (+2 init = 6) + Stand Alone: Buff (+10% accuracy = 4) = 11; Total before add-ons/mods = 39	Add-Ons: Range Unlimited (15); Shape Sphere 300 ft radius (29); Duration 3 Combat Rounds (15)	Modifiers: Concentration (–2); Backlash Risk (–5); Expose/Conceal (+2)	• Caster must succeed a Willpower save each round or suffer 10 psychic damage from overwhelming influx of knowledge. • On casting, all illusions/hidden effects within radius end instantly—no save. • Allies within sphere automatically see invisible/hidden creatures. • Enemies may not roll concealment, cover, or invisibility saves while inside. • G.O.D discretion: fraG.O.Dents of “future vision” may allow allies advantage on narrative tasks. • Backlash risk: on failed save, caster is stunned for 1 step as their mind shatters briefly. • The spell cannot be sustained longer than 3 rounds without narrative consequence.	“The world cannot bear all its truths at once—yet, for a moment, you can.”	—
Arcane Snuff	Negation	Apprentice	10	4	Touch	Single Target	Instantaneous	Dispel one minor magical effect in touch range.	Container: Target (1) + Stand Alone: Counter/Cancel (6) = 7	Range: Touch (2); Duration: Instantaneous (1)	—	• Apprentice notes: Only dispels effects of Apprentice or Novice tier. • Failure may cause harmless magical backlash (sparks, loud pop). • Requires direct contact with effect or enchanted item.	“Even the smallest flame of magic can be blown out.”	—
Detect Enchantment	Negation	Apprentice	8	4	Self	Single Target	Combat Step	Reveals enchantments or magical properties of a single item or creature.	Container: Target (1) + Stand Alone: Reveal/Detect (4) = 5	Range: Self (1); Duration: Combat Step (2)	—	• Apprentice notes: Does not identify exact functions, only presence and general nature of magic. • Cannot pierce deep wards or high-level protections. • Requires focus and uninterrupted observation.	“The unseen script upon all things is easier to read than most imagine.”	—
Unravel Spark	Negation	Apprentice	9	5	Melee Range	Single Target	Instantaneous	Ends one Apprentice-tier magical effect or enchantment on target.	Container: Target (1) + Stand Alone: Counter/Cancel (6) = 7	Add-Ons: Range Melee reach(3); Duration Instantaneous (1)	Component Requirement -2	• Apprentice notes: Only ends Apprentice-level effects, not Novice or stronger. • If effect is layered, only the weakest layer is stripped. • Safe to cast; carries no backlash risk.	“Every spell frays if you tug the right thread.”	—
Dampen Aura	Negation	Novice	15	8	Short (30 ft)	Single Target	Combat Step	Weakens a target’s magical aura, imposing –5% effectiveness to its ongoing magical effects for 1 step.	Container: Target (1) + Stand Alone: Debuff (–5%) (2) + Stand Alone: Counter/Cancel (6) = 9	Add-Ons: Range Short (4); Duration Combat Step (2) = +6	—	Novice notes: Cannot suppress effects stronger than Novice tier. Stacks poorly—recasting before expiration only refreshes duration. May make enchanted targets harder to detect by Divination spells.	“Magic can roar, but it can also be hushed.”	—
Spell Shatter	Negation	Novice	13	7	Medium (60 ft)	Single Target	Instantaneous	End one active magical effect of Novice or lower tier on a creature or object.	Container: Target (1) + Stand Alone: Counter/Cancel (6) = 7	Add-Ons: Range Medium (5); Duration Instantaneous (1) = +6	Modifiers: Backlash Risk (–5); Expose/Conceal (+2); Per Success Assignment (+3)	Novice notes: Works on effects up to Novice tier. On failed check, caster takes 1d4 backlash damage. Unknown or exotic magics may impose disadvantage at G.O.D. discretion.	Casting sounds like breaking glass across reality.	—
Unweave Glyph	Negation	Novice	11	6	Touch	Single Target	Combat Step	Safely unravels a stationary rune/ward/glyph of Novice or lower tier without triggering it.	Container: Target (1) + Stand Alone: Counter/Cancel (6) = 7	Add-Ons: Range Touch (2); Duration Combat Step (2) = +4	—	Novice notes: Only works on stationary wards and glyphs of Novice or lower. Attempting on higher-tier wards fails and the caster is stunned for 1 step. Requires uninterrupted focus during the step.	Every ward is just a knot—pull it loose, and the snare falls apart.	—
Arcane Lockdown	Negation	Master	34	17	Medium (60 ft)	Radius (20 ft)	1 Combat Round	All magical effects within the zone are suppressed or weakened, preventing new low-tier spells from forming.	Container: AoE (2) + Control (2) = 4; Stand Alone: Counter/Cancel (6); Stand Alone: Debuff (–10% magical potency = 4) = +10. Add-Ons: Range Medium (5); Shape Radius 20 ft (5); Duration Combat Round (5) = +15. Total = 34.	Range Medium (5); Shape Radius 20 ft (5); Duration Combat Round (5).	—	Master notes: Works automatically on Apprentice/Novice spells; Master or higher require opposed rolls. Suppression ends when zone expires.	The lattice bends, and within its bars, magic cannot breathe.	—
Mirror of Reversal	Negation	Master	29	15	Short (30 ft)	Single Target	Instantaneous	Reflects the next hostile spell back at its original caster.	Container: Target (1) + Stand Alone: Counter/Cancel (6) = 7. Add-Ons: Range Short (4); Duration Instantaneous (1) = +5. Modifier: Release (Delayed, trigger = incoming spell, +2); Static Assignment (+1); Expose/Conceal (+2) = +5. Subtotal = 17. Container 2: Control (2) + Stand Alone: Redirect/Reflect (treated as Counter extension = 10) = 12. Grand Total = 29.	Range Short (4); Duration Instantaneous (1).	Release (Delayed) (+2); Static Assignment (+1); Expose/Conceal (+2).	Master notes: Can only reflect spells of equal or lower Mastery. If multiple spells strike simultaneously, only the first is reflected.	The mirror never lies—only returns what it sees.	—
Seal of Silence	Negation	Master	41	21	Long (120 ft)	Radius (30 ft)	1 Combat Round + Lingering (2 steps)	Prevents verbal casting and negates ongoing magical effects within the zone.	Container: AoE (2) + Control (2) = 4. Stand Alone: Counter/Cancel (6); Control: Silence (5); Stand Alone: Debuff (–10% spell accuracy = 4) = +15. Add-Ons: Range Long (7); Shape Radius 30 ft (7); Duration Combat Round (5) + Lingering 2 steps (4) = +16. Total = 41.	Range Long (7); Shape Radius 30 ft (7); Duration Combat Round (5) + Lingering (4).	Environmental Dependency (–3).	Master notes: Affects both friend and foe inside the seal. Physical silence also hinders communication. Ends automatically if the seal glyph is destroyed.	In the hush, even thought feels smothered.	—
Annihilation Field	Negation	High Master	78	39	Line of Sight	Sphere (60 ft radius)	2 Combat Rounds	A massive zone where all active magical effects up to Master tier are suppressed or destroyed; new spells cast into the zone fizzle unless High Master or higher.	Container 1: AoE (2) + Stand Alone: Counter/Cancel (6) + Stand Alone: Debuff (–15% magical potency = 6) = 14; Container 2: Control (2) + Stand Alone: Silence (5) + Stand Alone: Anchor/Lock (6) = 13; Subtotal = 27. Add-Ons: Range Line of Sight (10); Shape Sphere 60 ft radius (11); Duration 2 Combat Rounds (10) = +31. Modifiers: Backlash Risk (–5); Expose/Conceal (+2); Concentration (–2). Final Total = 78.	Range Line of Sight (10); Shape Sphere (11); Duration 2 Combat Rounds (10).	Backlash Risk (–5); Expose/Conceal (+2); Concentration (–2).	High Master notes: Suppresses both allies’ and enemies’ effects. Backlash: caster takes 2d6 psychic damage if concentration breaks. Creates null zone where magic items temporarily lose effects.	The silence here is not peace—it is devouring.	—
Reflective Maelstrom	Negation	High Master	84	42	Medium (60 ft)	Radius (30 ft)	1 Combat Round + Lingering (2 steps)	For 1 round, up to 5 hostile spells directed at the caster or allies are reflected or redirected. Spells too strong to reflect are partially canceled, reducing their effect by 50%.	Container 1: AoE (2) + Stand Alone: Counter/Cancel (6) + Stand Alone: Debuff (–10% accuracy for reflected spells = 4) = 12; Container 2: Control (2) + Stand Alone: Redirect/Reflect (treated extension = 10) + Stand Alone: Link/Bind (6) = 18; Subtotal = 30. Add-Ons: Range Medium (5); Shape Radius 30 ft (7); Duration Combat Round (5) + Lingering 2 steps (4) = +21. Modifiers: Release (Delayed) (+2); Backlash Risk (–5); Per Success Assignment (+3); Expose/Conceal (+2). Final Total = 84.	Range Medium (5); Shape Radius 30 ft (7); Duration Combat Round (5) + Lingering (4).	Release (Delayed) (+2); Backlash Risk (–5); Per Success Assignment (+3); Expose/Conceal (+2).	High Master notes: Can reflect up to 5 spells before collapse. Spells too strong (Grand Master) cannot be reflected but are halved. Backlash: each failed reflect roll deals 1d6 damage to caster. Ends early if caster is stunned.	Chaos in the storm chooses no side.	—
Oblivion Veil	Negation	Grand Master	168	84	Unlimited	Sphere (300 ft radius)	3 Combat Rounds + Lingering (5 steps)	An enormous zone of anti-magic that nullifies *all* magical effects within 300 ft; cancels ongoing spells, prevents new spells, severs enchantments, and banishes conjured beings. Even Grand Master effects must succeed a saving roll or collapse.	Container 1: AoE (2) + Stand Alone: Counter/Cancel (6) + Stand Alone: Debuff (–20% magical potency = 8) + Stand Alone: Banish (10) = 26; Container 2: Control (2) + Stand Alone: Silence (5) + Stand Alone: Anchor/Lock (6) = 13; Nested Container: Temporal/Spatial (5) + Stand Alone: Spatial Bubble (8) + Stand Alone: Temporal Stasis (6) = 19; Subtotal = 58. Add-Ons: Range Unlimited (15); Shape Sphere 300 ft radius (29); Duration 3 Combat Rounds (15) + Lingering 5 steps (10) = +69. Modifiers: Backlash Risk (–5); Concentration (–2); Expose/Conceal (+2); Environmental Dependency (–3). Final Total = 168.	Range Unlimited (15); Shape Sphere (29); Duration 3 Combat Rounds (15) + Lingering (10).	Backlash Risk (–5); Concentration (–2); Expose/Conceal (+2); Environmental Dependency (–3).	Grand Master notes: • Allies and enemies equally affected—no exceptions. • All magical effects (items, wards, enchantments, summoned beings) collapse inside the Veil. • Even Grand Master spells require saves each round or fail. • Backlash: caster takes 5d6 psychic damage per round sustained. • After effect ends, ambient magic in the area remains suppressed for 1 hour per combat round of duration. • Casting Oblivion Veil twice in the same region risks permanent dead-magic zones. • Mortal casters rarely survive more than one use.	“When the Veil falls, magic itself forgets how to exist.”	—
Object Echo	Clairsentience	Apprentice	7	4	Touch	Single Target	Combat Step	Reveals the strongest recent impression or last significant user of the touched object.	Target (1) + Reveal/Detect (4)	Range: Touch (2); Duration: Combat Step (2)	Concentration (-2)	• If the object is rarely used, impressions are faint or fraG.O.Dented. • Conflicting echoes may blur specifics (G.O.D discretion). • Breaking concentration ends the glimpse early.	“The past clings to all things—listen, and it whispers back.”	N/A
Danger Sense	Clairsentience	Apprentice	6	3	Self	Single Target	Combat Step	+5% to defensive rolls or initiative checks for 1 step.	Target (1) + Buff (2)	Range: Self (1); Duration: Combat Step (2)	—	• Triggers best against immediate threats within the scene. • Does not guarantee avoidance—merely tilts odds. • Manifestations vary: a jolt, a hush, a prickle at the neck.	“The mind moves before the body knows why.”	N/A
Aura Glimpse	Clairsentience	Apprentice	10	5	Short (30 ft)	Single Target	Instantaneous	Reveals surface emotional state and immediate intent for a moment.	Target (1) + Reveal/Detect (4)	Range: Short (4); Duration: Instantaneous (1)	—	• Information is momentary and can be missed if not heeded. • Deep or shielded motives require higher-tier techniques. • Strong deception may show as turbulent or “split” colors.	“In every soul burns a light; in every shadow, a secret.”	N/A
Thread of Fate	Clairsentience	Novice	12	6	Short (30 ft)	Single Target	Combat Round	Reveals “threat / opportunity / neutral” for the target’s immediate path.	Target (1) + Reveal/Detect (4) + Buff (2)	Range: Short (4); Duration: Combat Round (5)	—	• Provides broad guidance only, not exact details. • Works best on individuals actively making choices. • Overuse may create conflicting impressions.	“Every choice carries a shadow of tomorrow.”	N/A
Echo Reading	Clairsentience	Novice	15	8	Medium (60 ft)	Radius (10 ft)	Combat Round	Reveals whether creatures have passed through the area recently; grants +10% to Perception for hidden traces.	AoE (2) + Reveal/Detect (4)	Range: Medium (5); Shape: Radius 10 ft (3); Duration: Combat Round (5); Sense Modifier (2)	—	• Fails if the area is magically scrubbed/cleansed. • Crowded areas yield only strongest lingering presence. • May reveal strong emotional residue.	“The walls themselves remember.”	N/A
Aura Veil Pierce	Clairsentience	Novice	18	9	Short (30 ft)	Single Target	Combat Round	Allows detection of lies or concealed motives; grants ±10 to Insight or opposed rolls.	Target (1) + Reveal/Detect (4) + Debuff (2)	Range: Short (4); Duration: Combat Round (5); Sense Modifier (2)	—	• Strong-willed targets may resist (Wisdom save at G.O.D. discretion). • Long-term ailments may show faintly, but not fully diagnosed. • May cause sensory overload if multiple targets are attempted.	“No mask is perfect—the aura always flickers.”	N/A
Web of Insight	Clairsentience	Master	28	14	Medium (60 ft)	Sphere (20 ft)	Combat Round	Maps energetic connections between visible beings and objects, revealing alliances, bindings, or hostility.	Target (1) + AoE (2) + Reveal/Detect (4) + Link/Bind (6)	Range: Medium (5); Shape: Sphere 20 ft (8); Duration: Combat Round (5)	Concentration (-2)	• Connections appear as glowing threads only visible to caster. • Reveals type of relationship, not exact details. • Complex areas with dozens of ties may overwhelm or blur. • If disrupted, threads snap suddenly, causing psionic backlash (1d4 damage).	“All things are bound; I simply see the knots.”	N/A
Foresight Step	Clairsentience	Master	32	16	Self	Single Target	Combat Round	Caster gains +10% to attack rolls and +10% to defense rolls this round; may choose to “preempt” one incoming strike (G.O.D. adjudicated).	Target (1) + Buff (2) + Temporal/Spatial (5)	Range: Self (1); Duration: Combat Round (5); Static Assignment (1)	Concentration (-2)	• Preempting a strike forces a Willpower save vs caster’s roll. • Splitting into multiple futures risks mental strain (lose 1d4 initiative next round if concentration breaks). • Caster feels the “echo” of possible deaths. • Cannot be stacked or repeated consecutively.	“The next step has already been taken.”	N/A
Echo Chamber	Clairsentience	Master	40	20	Long (120 ft)	Zone (30 ft)	Combat Round	Reveals all creatures, objects, and hidden features in the zone; illusions are disrupted or revealed.	AoE (2) + Reveal/Detect (4) + Illusion/Mask (4)	Range: Long (7); Shape: Zone 30 ft (11); Duration: Combat Round (5); Sense Modifier (2)	Concentration (-2)	• Illusions do not vanish, but become translucent to caster’s sight. • Sound-based illusions falter outright. • High mana cost makes it fatiguing; if cast more than once per day, caster suffers -10% Perception until rest. • Targets within may feel “listened to” or exposed.	“The world hums, and in its chorus, lies cannot hide.”	N/A
Threads of Destiny	Clairsentience	High Master	64	32	Medium (60 ft)	Sphere (30 ft)	Combat Round	Allies gain +15% to defense and initiative rolls; enemies suffer -10% to attack rolls; psion may force one enemy to reroll an action.	Target (1) + AoE (2) + Control (2) + Buff (2) + Debuff (2)	Range: Medium (5); Shape: Sphere 30 ft (11); Duration: Combat Round (5)	Concentration (-2); Static Assignment (1)	• Reroll effect usable once per cast; requires Willpower save if enemy is strong-willed. • Splitting across multiple futures risks caster backlash (1d6 self damage if concentration breaks). • Threads blur if more than 12 beings are present, reducing bonuses/penalties by half. • Cannot be stacked with other foresight effects. • Allies may feel unsettling déjà vu.	“Every step was always meant to fall exactly here.”	N/A
World’s Whisper	Clairsentience	High Master	82	41	Long (120 ft)	Zone (60 ft)	Combat Round	Reveals all hidden, invisible, or concealed creatures/objects; grants allies +15% Perception and negates Stealth in the zone.	AoE (2) + Reveal/Detect (4) + Illusion/Mask (4) + Control (2)	Range: Long (7); Shape: Zone 60 ft (17); Duration: Combat Round (5); Sense Modifier (2)	Concentration (-2); Environmental Dependency (-3)	• Overwhelming—caster risks daze (Willpower save or lose 1 action). • Strong illusions are not destroyed, but revealed. • Environmental dependency: silence or magically dead zones reduce effectiveness by 50%. • Fatiguing: caster suffers -10% Perception until next rest. • Allies may feel exposed as if their secrets are laid bare. • Enemies often recognize they are “being watched.”	“The land itself speaks—I am only its voice.”	N/A
Eyes Beyond Time	Clairsentience	Grand Master	120	60	Unlimited	Sphere (120 ft)	Combat Round	All enemies in the zone suffer –15% to all rolls; all allies gain +20% to rolls. Once per round, the psion may declare a “foreseen” outcome, forcing a reroll or negating an action.	Target (1) + AoE (2) + Temporal/Spatial (5) + Control (2) + Buff (2) + Debuff (2) + Reveal/Detect (4)	Range: Unlimited (15); Shape: Sphere 120 ft (23); Duration: Combat Round (5)	Concentration (-2); Backlash Risk (-5); Static Assignment (1)	• Caster suffers severe backlash if concentration breaks: 3d6 psychic damage + stunned for 1 round. • May only be used once per day; repeated attempts collapse caster into temporal feedback (G.O.D fiat). • Allies feel uncanny synchronicity but may fear loss of free will. • Enemies often sense their actions are already “undone.” • Battlefield may experience subtle anomalies: reversed sound, repeating motions, shadows moving independently. • If abused, reality may scar (permanent G.O.D narrative change).	“I see the battle not as it is—but as it already was.”	N/A
Mind-Forge Tool	Metacreativity	Apprentice	9	5	Self	—	Combat Step	Creates a simple, handheld tool suitable for one immediate task; object behaves as durable steel for the duration, then vanishes.	Container: Target (1) + Stand Alone: Create/Destroy (Basic) (5)	Range: Self (1); Duration: Combat Step (2)	—	Limited to simple tools with no moving parts beyond a hinge; fractures if used to exceed human leverage.	“Thought becomes leverage.”	—
Force Buckler	Metacreativity	Apprentice	7	4	Self	—	Combat Step	Buff: +10% to defense/blocks for the duration; visible force-shield manifests on the caster’s arm.	Container: Target (1) + Stand Alone: Buff (+10% = 4)	Range: Self (1); Duration: Combat Step (2)	—	Requires active guard; provides no benefit if unaware or incapacitated; does not stack with another manifested shield.	“Raise your will; the world meets it.”	—
Psi-Edge Blade	Metacreativity	Apprentice	10	5	Self	—	Combat Round	Buff: +5% accuracy and +1 damage with manifested blade for the duration.	Container: Target (1) + Stand Alone: Buff +1 damage = 3	Range: Self (1); Duration: Combat Round (5)	—	Counts as a light melee weapon; vanishes if disarmed; cannot be thrown.	“Hold the line where reality thins.”	—
Ectoplasmic Barrier	Metacreativity	Novice	15	8	Short (30 ft)	Wall (30 ft)	Combat Round	Manifests a solid wall of psionic force (30 ft long); blocks movement and ranged attacks until duration ends.	Container: AoE (2) + Stand Alone: Create/Destroy (Major) (12)	Range: Short (4); Shape: Wall (30 ft) (4); Duration: Combat Round (5)	—	• Provides total cover against line-of-sight effects until destroyed or duration ends. • Physical attacks can attempt to break with STR check vs caster roll. • Does not move once placed.	“A thought made fortress.”	—
Ephemeral Ally	Metacreativity	Novice	17	9	Medium (60 ft)	—	Combat Round	Summons a minor ephemeral creature (wolf-sized) that can attack or defend; vanishes when defeated or duration ends.	Container: Target (1) + Stand Alone: Summon (Minor) (8)	Range: Medium (5); Duration: Combat Round (5)	—	• Summon has stats comparable to mundane wolf (light damage, moderate defense). • Controlled as free mental action each round. • Counts as psionic construct, not true creature.	“From will, a guardian takes shape.”	—
Force Lance	Metacreativity	Novice	13	7	Medium (60 ft)	Line (30 ft)	Instantaneous	Deals 2 damage points (base 1 +1 extra) in a piercing line 30 ft long, striking all creatures in path.	Container: AoE (2) + Stand Alone: Damage (3 + 2 extra = 5)	Range: Medium (5); Shape: Line (30 ft) (3); Duration: Instantaneous (1)	—	• Treat as piercing/thrusting attack for resistance purposes. • Requires line of sight to all affected targets. • Cannot curve or bend once fired.	“A thought sharpened into a spear.”	—
Citadel of Thought	Metacreativity	Master	30	15	Long (120 ft)	Sphere/Cube (20 ft zone)	Combat Round	Manifests a temporary fortress-like wall or cube (20 ft zone) that provides total cover and obstructs movement.	Container: AoE (2) + Stand Alone: Create/Destroy (Major) (12)	Range: Long (7); Shape: Sphere/Cube Zone (5+3 for 20 ft zone=8); Duration: Combat Round (5)	—	• Provides solid barrier with hardness similar to stone. • May trap allies or enemies if created around them (Dex save to dive clear). • Cannot move once placed; vanishes when duration ends.	“A fortress raised from pure will.”	—
Eidolon Construct	Metacreativity	Master	36	18	Short (30 ft)	—	Combat Round	Summons a major ephemeral ally (human-sized construct) with moderate combat stats; acts autonomously but within caster’s broad intent.	Container: Target (1) + Stand Alone: Summon (Major) (15)	Range: Short (4); Duration: Combat Round (5)	—	• Construct has stats similar to a seasoned warrior. • Can be targeted/destroyed as normal creature. • Vanishes instantly if caster is incapacitated.	“A guardian born of imagination, bound by will.”	—
Reality Armory	Metacreativity	Master	42	21	Medium (60 ft)	Multi-Target (3 allies)	Combat Round	Manifests a personal weapon or shield for each ally (up to 3); each item grants +5% attack or +5% defense during duration.	Container: Target (1) + Stand Alone: Create/Destroy (Basic) (5)	Range: Medium (5); Duration: Combat Round (5); Multi-Target (3)	—	• Each ally chooses one weapon/shield manifestation on creation. • Objects vanish if dropped or thrown. • Items are psionic projections, not physical loot.	“An arsenal conjured in a breath.”	—
Colossus of Will	Metacreativity	High Master	72	36	Long (120 ft)	—	Combat Round	Summons a massive construct (golem-scale) with devastating melee strikes and immense durability; acts under caster’s general intent.	Container: Target (1) + Stand Alone: Summon (Major, scaled up) (15 → 40)	Range: Long (7); Duration: Combat Round (5); Add scaling costs (20)	—	• Stats comparable to siege creature or giant. • Provides cover for allies behind it. • Vanishes if caster falls unconscious. • Consumes immense psionic strain; caster suffers –2 Willpower checks until short rest.	“Imagination given titanic form.”	—
Reality Bastion	Metacreativity	High Master	85	43	Line of Sight	Sphere/Cube Zone (60 ft)	Combat Round	Creates a fortified psionic stronghold over a 60 ft zone, providing cover, impeding enemy movement, and bolstering ally morale.	Container: AoE (2) + Stand Alone: Create/Destroy (Major, scaled up) (12 → 40)	Range: Line of Sight (10); Shape: Sphere/Cube Zone 60 ft (5 + 15 scaling = 20); Duration: Combat Round (5); Add scaling costs (8)	—	• Allies inside gain +10% defense. • Enemies treat terrain as difficult movement. • Bastion blocks most line-of-sight attacks from outside. • Risk: caster suffers 1d6 mental fatigue damage when dismissed.	“A fortress spanning thought’s horizon.”	—
Eternal Citadel	Metacreativity	Grand Master	150	75	Unlimited	Sphere/Cube Zone (200 ft)	Combat Round + Lingering (3 steps)	Manifests an immense psionic fortress spanning 200 ft zone; grants cover, boosts allies, hinders enemies, and leaves behind unstable ruins.	Container: AoE (2) + Stand Alone: Create/Destroy Major scaled up (12 → 80)	Range: Unlimited (15); Shape: Sphere/Cube Zone 200 ft (5 + 21 scaling = 26); Duration: Combat Round (5) + Lingering 3 steps (2+2+2=6); Add scaling costs (21)	—	• Allies within gain +15% defense and +1 Willpower checks. • Enemies within suffer –10% accuracy and move at half speed. • Leaving/entering zone requires Will save or disorientation. • After collapse, terrain remains unstable for 1d4 days, G.O.D sets effects. • Caster suffers 2d6 psychic backlash damage upon dismissal. • Legendary psionic signature: other metacreatives can sense the residue for weeks.	“Where thought stands eternal, walls rise against the tide.”	—
Ember Spark	Psychokinesis	Apprentice	9	5	Short (30 ft)	Single Target	Instantaneous	Deals 1 fire damage.	Container: Target (1) → Stand Alone: Damage (3)	Add-Ons: Range Short (4), Duration Instantaneous (1)	None	• May ignite flammable objects nearby. • Fire vanishes immediately after impact.	“The mind lights the spark; the world provides the flame.”	None
Stone Rattle	Psychokinesis	Apprentice	10	5	Touch	Single Target	Combat Step	Deals 1 damage and inflicts –5% accuracy penalty until step ends.	Container: Target (1) → Stand Alone: Damage (3) + Debuff (2)	Add-Ons: Range Touch (2), Duration Combat Step (2)	None	• Only effective on solid ground or stone. • Accuracy penalty applies only for one step.	“Even the smallest stone can topple the stride.”	None
Gust Lash	Psychokinesis	Apprentice	10	5	Short (30 ft)	Single Target	Instantaneous	Pushes target 10 ft away.	Container: Control (2) → Stand Alone: Push (3)	Add-Ons: Range Short (4), Duration Instantaneous (1)	None	• Push resolves immediately and may trigger terrain hazards. • Ineffective in environments with no air.	“The air itself answers my command.”	None
Flame Jet	Psychokinesis	Novice	16	8	Short (30 ft)	Cone (30 ft)	Instantaneous	All in cone take 2 fire damage.	Container: AoE (2) → Stand Alone: Damage (6)	Add-Ons: Range Short (4), Shape Cone 30 ft (3), Duration Instantaneous (1)	None	• May ignite terrain or objects. • Fire does not persist after initial cast.	“The will becomes fire, and fire becomes hunger.”	None
Rock Shard	Psychokinesis	Novice	15	8	Medium (60 ft)	Single Target	Instantaneous	Deals 3 damage of bludgeoning/piercing type.	Container: Target (1) → Stand Alone: Damage (9)	Add-Ons: Range Medium (5), Duration Instantaneous (1)	None	• Rock is mentally conjured from loose terrain, or force-shaped from raw earth nearby. • If no material is available, shard appears as pure force crystal.	“The world itself can be your weapon.”	None
Wind Shear	Psychokinesis	Novice	20	10	Short (30 ft)	Line (30 ft)	Instantaneous	All targets in line take 2 damage and are pushed 10 ft back.	Container: AoE (2) + Control (2) → Stand Alone: Damage (6), Push (3)	Add-Ons: Range Short (4), Shape Line 30 ft (3), Duration Instantaneous (1)	None	• Push effect applies after damage is dealt. • Loose terrain may scatter violently.	“The storm does not wait—it cuts where it wills.”	None
Molten Surge	Psychokinesis	Master	30	15	Medium (60 ft)	Sphere (10 ft)	Combat Round	All targets in sphere take 4 fire damage, terrain counts as hazardous until end of duration.	Container: AoE (2) → Stand Alone: Damage (9) + Stand Alone: Create/Destroy (basic, terrain fissure = 5)	Add-Ons: Range Medium (5), Shape Sphere 10 ft (5), Duration Combat Round (5)	None	• Terrain remains dangerous for allies and enemies alike. • Flammable objects ignite automatically. • Difficult terrain inside radius until duration ends. • Fire suppression effects may weaken or extinguish hazard.	“The earth remembers fire, and I remind it to speak.”	None
Lightning Chain	Psychokinesis	Master	32	16	Long (120 ft)	Multi-Target (3 extra)	Instantaneous	Deals 2 lightning damage to primary target, then arcs to 3 additional targets for 1 lightning damage each.	Container: Target (1) → Stand Alone: Damage (6)	Add-Ons: Range Long (7), Multi-Target +3 (3), Duration Instantaneous (1)	None	• Requires line of sight to secondary targets. • Secondary arcs must be within 30 ft of previous strike. • May overload metal objects/armor. • Thunderclap may reveal position.	“Once lightning leaps, it never stops until the storm is done.”	None
Crushing Grasp	Psychokinesis	Master	28	14	Medium (60 ft)	Single Target	Combat Round	Target is grappled and immobilized, taking 2 damage each step.	Container: Control (2) → Stand Alone: Grapple/Restrain (4) + Stand Alone: Immobilize (6) + Container: Target (1) → Stand Alone: Damage (6)	Add-Ons: Range Medium (5), Duration Combat Round (5)	None	• Target may attempt escape check each step. • Grip deals damage automatically each step. • Allies may attack restrained target at advantage. • High STR targets may resist initial grasp.	“The world itself is my hand, and you will not slip free.”	None
Maelstrom Vortex	Psychokinesis	High Master	72	36	Long (120 ft)	Sphere (30 ft)	Combat Round	All enemies in the vortex are pulled 20 ft inward each step, take 4 damage per step, and must save or be knocked prone.	Container: AoE (2) + Control (2) → Stand Alone: Pull (3) + Stand Alone: Knockdown (4) + Container: AoE Nested → Stand Alone: Damage (12)	Add-Ons: Range Long (7), Shape Sphere 30 ft (11), Duration Combat Round (5)	None	• Affects all within sphere, including allies. • Flying creatures pulled to ground. • Terrain becomes hazardous/difficult inside vortex. • Save required each step or prone. • Water/air elements may cause drowning risk in low-lying areas.	“The storm has a will, and I am its voice.”	None
Seismic Rupture	Psychokinesis	High Master	85	43	Line of Sight	Sphere (60 ft)	Combat Round	All creatures and structures in zone take 6 damage per step, terrain becomes unstable, collapse checks required.	Container: AoE (2) → Stand Alone: Damage (18) + Stand Alone: Create/Destroy Major (12)	Add-Ons: Range Line of Sight (10), Shape Sphere 60 ft (17), Duration Combat Round (5)	None	• Structures collapse automatically if not reinforced. • Allies also affected if in zone. • Creates permanent fissures and unstable terrain. • Repeated casting may alter entire landscapes. • Collapsing terrain may bury targets alive.	“The bones of the world do not forgive when broken.”	None
Cataclysm	Psychokinesis	Grand Master	150	75	Unlimited	Sphere (120 ft)	Combat Round + Lingering (3 steps)	All creatures, structures, and terrain within sphere suffer: 8 fire damage, 8 lightning damage, 6 bludgeoning damage from quakes, and are subjected to floods causing drowning risk. Zone remains unstable and hazardous for lingering duration.	Container: AoE (2) + Control (2) + Temporal/Spatial (5) → Stand Alone: Damage (24 fire + 24 lightning + 18 quake = 66) + Stand Alone: Create/Destroy Major (12) + Stand Alone: Spatial Bubble (8)	Add-Ons: Range Unlimited (15), Shape Sphere 120 ft (23), Duration Combat Round (5) + Lingering (3)	Modifiers: Backlash Risk (–5), Environmental Dependency (–3)	• Allies are not spared; caster may be destroyed by backlash. • Permanently alters terrain and ecosystems. • Requires G.O.D adjudication for drowning, collapse, and fire spread. • Save checks required each step against knockdown, immolation, or drowning. • Casting creates visible mark (scorched land, cracked sky). • May trigger lasting weather disruptions or elemental anomalies. • Caster must roll collapse check or suffer death at spell’s end.	“When the mind commands all elements, the world itself remembers fear.”	None
Cellular Mend	Psychometabolism	Apprentice	8	4	Touch	Single Target	Instantaneous	Heals 2 HP by accelerating natural recovery.	Container: Target (1) + Stand Alone: Healing (3+2 = 5)	Range: Touch (2) + Duration: Instantaneous (1)	—	• Cannot close massive wounds, only stabilizes. • May leave faint glowing scar tissue for a short time. • User feels brief fatigue post-cast.	“The body remembers how to be whole; the mind simply reminds it.”	—
Adrenal Surge	Psychometabolism	Apprentice	7	4	Self	Single Target	Combat Step	Buff grants +1 Strength and +1 Initiative for 1 step.	Container: Target (1) + Stand Alone: Buff (2+2 = 4)	Range: Self (1) + Duration: Combat Step (2)	—	• Grants +1 Strength and +1 Initiative only for the next action. • Caster suffers 1 step of fatigue after the effect ends. • Overuse can draw G.O.D.-ruled penalties.	“Burn bright, but burn briefly.”	—
Metabolic Purge	Psychometabolism	Apprentice	9	5	Touch	Single Target	Instantaneous	Applies a cleansing Buff that restores baseline function by suppressing/removing one poison, toxin, or fatigue condition.	Container: Target (1) + Stand Alone: Buff (2 + scaling +2 = 4)	Range: Touch (2); Duration: Instantaneous (1)	—	• Buff is conditional: only activates if a poison, toxin, or fatigue debuff is currently present. • Treated as Buff for system math; purge effect is narrative only. • Leaves caster/target fatigued briefly afterward. • Cannot remove magical curses or spiritual afflictions.	“The body spits out weakness when commanded to be strong.”	—
Cellular Regeneration	Psychometabolism	Novice	13	7	Touch	Single Target	Combat Round	Heals 2 vitality points.	Container: Target (1) + Stand Alone: Healing (3 + 2 scaling = 5)	Range: Touch (2); Duration: Combat Round (5)	—	• Restores 2 vitality points. • Can stabilize dying creatures if used immediately. • After effect ends, target suffers mild ache and fatigue.	“Life accelerated by will alone.”	—
Iron Skin	Psychometabolism	Novice	12	6	Touch	Single Target	Combat Round	Buff: +15% Damage Resistance (three increments).	Container: Target (1) + Stand Alone: Buff (2 + 2 scaling = 4)	Range: Touch (2); Duration: Combat Round (5)	—	• Reduces physical damage taken by 15%. • Does not stack with mundane armor bonuses (use higher). • After effect ends, target suffers –5% penalty to Dex-based checks until short rest.	“Flesh hardens as will steels it.”	—
Metabolic Burn	Psychometabolism	Novice	13	7	Self	—	Combat Round + Lingering (1 step)	Buff: +10% Attack and +1 Damage for duration.	Container: Target (1) + Stand Alone: Buff (2 + 2 scaling = 4)	Range: Self (1); Duration: Combat Round (5) + Lingering (2)	—	• Grants +10% to all attack rolls and +1 damage for the duration. • Lingering 1 step represents body overheating after burst. • After effect ends, caster suffers –1 Initiative for 1 round.	“Burn life to burn brighter.”	—
Hypermetabolic Overdrive	Psychometabolism	Master	24	12	Touch	—	Combat Round + Lingering (2 steps)	Buff: +20% Attack and +2 Damage; plus Accelerate/Hasten: +2 Initiative.	Container: Target (1) + Stand Alone: Buff (+20% attack, +2 damage) (7) + Stand Alone: Accelerate/Hasten (+2 init) (5)	Range: Touch (2); Duration: Combat Round (5) + Lingering 2 (4)	—	• After effect ends, target suffers –10% fatigue penalty for 1 round. • Cannot be stacked with other metabolic buffs. • Lingering steps represent overheating pulses.	“Burn beyond the body’s limits.”	—
Adaptive Regeneration	Psychometabolism	Master	22	11	Touch	—	Combat Round + Lingering (1 step)	Heals 4 vitality and grants +10% Defense.	Container: Target (1) + Stand Alone: Healing (4 points) (9) + Stand Alone: Buff (+10% defense) (3)	Range: Touch (2); Duration: Combat Round (5) + Lingering 1 (2)	—	• Healing and buff are simultaneous. • Cannot heal beyond natural maximum. • Post-effect ache/hunger until rest.	“The wound closes stronger than before it was made.”	—
Biofeedback Field	Psychometabolism	Master	24	12	Medium (60 ft)	Radius (20 ft)	Combat Round + Lingering (1 step)	Allies in the zone gain +10% Defense and resist minor poison/fatigue; enemies suffer –5% Attack.	Container: AoE (2) + Stand Alone: Buff (+10% defense to allies) (3) + Stand Alone: Debuff (–5% attack to enemies) (2)	Range: Medium (5); Shape: Radius 20 ft (5); Duration: Combat Round (5) + Lingering 1 (2)	—	• “Resist” is narrative: treat as Buff interaction vs. applicable effects. • Field ends abruptly; allies gain brief fatigue flavor. • Does not stack with stronger area buffs/debuffs—use the higher source.	“Life itself radiates in defiance.”	—
Metabolic Dominion	Psychometabolism	High Master	64	32	Medium (60 ft)	Radius (30 ft)	2 Combat Rounds + Lingering (1 step)	Allies gain +20% attack and +2 damage; enemies suffer –10% accuracy and –2 damage.	Container 1: AoE (2) + Stand Alone: Buff [attack +20% = 2 + 4 scaling = 6; damage +2 = 3 + 2 scaling = 5] = 11. Container 2: AoE (2) + Stand Alone: Debuff [accuracy –10% = 2 + 2 scaling = 4; damage –2 = 2 + 2 scaling = 4] = 10. Add-ons: Range Medium (5); Shape Radius 30 ft (3 + 2 scaling = 5); Duration 2 Rounds (5 + 5 = 10) + Lingering 1 (2). Total = 64.	Range: Medium (5); Shape: Radius (5); Duration: Combat Round ×2 (10) + Lingering (2)	—	• Affects allies and enemies simultaneously in the same zone. • Cannot stack with other metabolic buffs/debuffs. • Lingering step represents system shock (flavor penalty may apply). • G.O.D may allow enemy Willpower saves each round to reduce debuff by half.	“The battlefield beats with one heart—yours.”	—
Regenerative Metamorphosis	Psychometabolism	High Master	55	28	Touch	Single Target	Instantaneous + Lingering (2 steps)	Heals 8 vitality and restores one major injury (limb/organ); grants +15% defense for the duration.	Container: Target (1) + Stand Alone: Healing (3 + 14 scaling = 17) + Stand Alone: Buff (+15% defense = 2 + 3 scaling = 5) = 23. Add-ons: Range Touch (2); Duration Instantaneous (1) + Lingering 2 (4). Total = 55.	Range: Touch (2); Duration: Instant (1) + Lingering (4)	—	• Can restore lost limbs or organs if cast within 24 hours. • Healing effect capped at natural vitality max. • Lingering represents strain, tremors, or weakness after regrowth. • Cannot be repeated on the same target within a single day. • G.O.D may call for Constitution save to avoid collapse if cast repeatedly.	“Flesh does not remember loss—it remembers wholeness.”	—
Genesis Renewal	Psychometabolism	Grand Master	144	72	Line of Sight	Sphere/Cube Zone (200 ft)	Combat Round + Lingering (3 steps)	Allies heal 10 vitality, regrow limbs, and gain +20% defense; enemies suffer –20% attack and take 5 damage from metabolic backlash.	Container 1: AoE (2) + Stand Alone: Healing (3 + (9×2)=21) + Buff (+20% defense = 2 + 4 scaling = 6) = 29. Container 2: AoE (2) + Stand Alone: Debuff (–20% attack = 2 + 4 scaling = 6) + Stand Alone: Damage (3 + (2×2)=7) = 15. Add-ons: Range Line of Sight (10); Shape Sphere/Cube Zone 200 ft (5 + (17×3)=56); Duration Combat Round (5) + Lingering 3 (6). Total = 144.	Range: Line of Sight (10); Shape: Sphere/Cube Zone 200 ft (56); Duration: Combat Round (5) + Lingering (6)	—	• Restores up to 10 vitality and lost limbs/organs for allies inside. • Enemies suffer severe backlash: –20% attack and 5 direct vitality damage. • Does not affect constructs, undead, or purely spiritual beings. • Leaves behind “biological resonance” terrain: faint glow and psychic echo linger for days. • Caster suffers 2d6 psychic backlash damage after use. • Multiple saves may be required for enemies (Will to resist debuff, Con to halve damage). • Signature act: this spell leaves a permanent psionic “mark” visible to other metacreatives.	“Life itself bends, reshaped by one indomitable will.”	—
Dimensional Peek	Psychoportation	Apprentice	8	4	Short (30 ft)	—	Instantaneous	Briefly reveals what lies beyond a nearby physical barrier or out of direct line of sight.	Container: Temporal/Spatial (5) + Stand Alone: Reveal/Detect (4) 	Range: Short (30 ft) (4)	Backlash Risk (-5)	• Provides a single momentary view; no sustained tracking. • Fine details may be missed; motion blurs. • Cannot pierce reinforced dimensional seals. Backlash rise, if failed their conciousness is stuck outside of their body for the duration of the spell	“My mind walks where my body cannot.”	
Echo Step (Minor Boost)	Psychoportation	Apprentice	6	3	Self	—	Combat Step	Buff self with +5% movement/initiative for one combat step.	Container: Target (1) + Stand Alone: Buff (2)	Range: Self (1); Duration: Combat Step (2)	—	• Only affects the caster and only for a single step. • Repeated casts in quick succession may cause brief vertigo. • Visible shimmer can betray position.	“I walk faster than the world can notice.”	
Spatial Veil	Psychoportation	Apprentice	10	5	Self	—	Instantaneous	Impose a brief concealment shimmer, causing a minor miss-chance in the instant of action.	Container: Temporal/Spatial (5) + Stand Alone: Illusion/Mask (4)	Range: Self (1); Duration: Instantaneous (1)	—	• Applies only to the immediate moment of action (one attack/targeting instance). • Does not stack with stronger concealment. • Disrupted by solid contact or area effects.	“The world bends to misplace me.”	
Blink Step	Psychoportation	Novice	18	9	Short (30 ft)	Single Target	Instantaneous	Instantly teleport self up to 30 ft into line of sight.	Container: Temporal/Spatial (5) + Stand Alone: Teleportation (8)	Range: Short (4), Duration: Instantaneous (1)		• Requires line of sight to destination. • If location is obstructed, caster arrives at nearest open square. • Slight nausea after repeated use in a round.	“The world blinks, and so do I.”	
Phase Hand	Psychoportation	Novice	19	10	Touch	Single Target	Combat Step	Phase one hand or small object through solid matter.	Container: Temporal/Spatial (5) + Stand Alone: Transform/Alter (10)	Range: Touch (2), Duration: Combat Step (2)		• Cannot phase entire body. • If concentration breaks while intersecting matter, limb takes 1 damage. • Limited to small objects or a single limb.	“The wall is real, but only if I agree it is.”	
Anchor Blink	Psychoportation	Novice	19	10	Medium (60 ft)	Single Target	Instantaneous	Teleports self instantly to a chosen anchor point within 60 ft.	Container: Temporal/Spatial (5) + Stand Alone: Teleportation (8)	Range: Medium (5), Duration: Instantaneous (1)		• Requires clear line of sight to anchor. • Anchor disrupted (moving target) causes fizzle. • Strain causes –1 initiative on caster’s next step.	“Everywhere is tied to me by invisible thread.”	
Blink Assault	Psychoportation	Master	27	14	Medium (60 ft)	—	Combat Round	Caster teleports up to 3 times in a round, making one attack from each position.	Container: Temporal/Spatial (5) + Stand Alone: Teleportation (8) + Stand Alone: Buff (+2 attack = 6)	Range: Medium (5), Duration: Combat Round (5)	—	• Each teleport must be to a visible square within 60 ft. • Enemies struck suffer –5% accuracy on next step from disorientation. • If caster is interrupted mid-chain, remaining teleports are lost. • Rapid blinking leaves caster fatigued after 2 consecutive uses.	“Everywhere, nowhere, and right behind you.”	
Phase Passage	Psychoportation	Master	33	17	Short (30 ft)	Sphere (10 ft)	Combat Round	Create a temporary gateway allowing allies to phase through a solid barrier up to 30 ft away.	Container: Temporal/Spatial (5) + Stand Alone: Transform/Alter (10)	Range: Short (4), Shape: Sphere (5), Duration: Combat Round (5), Multi-Target: up to 3 (3)	—	• Gateway allows only willing allies. • Size limits entry to 1 Medium creature per step. • Barrier beyond 30 ft cannot be breached. • If disrupted early, remaining allies may be trapped halfway.	“Walk not around the wall, but through the world beyond it.”	
Dimensional Anchor	Psychoportation	Master	41	21	Long (120 ft)	—	Combat Round	Anchor a target in place, preventing teleportation, phasing, or forced movement.	Container: Temporal/Spatial (5) + Stand Alone: Link/Bind (6) + Stand Alone: Debuff (–10% speed = 4) + Control Container (2) + Control: Immobilize (6)	Range: Long (7), Duration: Combat Round (5), Target (1)	—	• Target must make a save or be immobilized. • Anchored creatures cannot teleport, blink, or phase. • If resisted, target still suffers –10% speed until end of round. • Anchoring strains caster; –5% to their own speed next round.	“The universe itself pins you where you stand.”	
Cataclysmic Rift	Psychoportation	High Master	72	36	Medium (60 ft)	Sphere (30 ft)	Combat Round + Lingering (1 step)	Opens a temporary dimensional tear that drags creatures inward, dealing positional control and massive hazard risk.	Container: Temporal/Spatial (5) + Stand Alone: Spatial Bubble (8) + Stand Alone: Banish (10) + Control Container (2) + Control: Pull (3)	Range: Medium (5), Shape: Sphere (11 for 30 ft), Duration: Combat Round (5) + Lingering (2)	—	• All in zone make save vs. pull. • Failed save: dragged 10 ft per step toward center. • Creatures touching rift edge must save or be banished until end of encounter. • Rift closes after effect, leaving warped terrain. • Allies may also be caught if careless.	“The world breaks open, and it wants to swallow you.”	
Phase Exodus	Psychoportation	High Master	84	42	Unlimited	—	Instantaneous	Teleports up to 20 willing creatures to any chosen destination in the same plane.	Container: Temporal/Spatial (5) + Stand Alone: Teleportation (8) + Stand Alone: Multi-Target (15 for 20 creatures)	Range: Unlimited (15), Duration: Instantaneous (1)	—	• Requires precise knowledge of destination. • If caster misjudges, G.O.D may place group in hazardous or offset location. • Massive strain: caster suffers –20% accuracy and –10% speed next combat. • Enemies cannot be carried unless unconscious. • Warps local reality, leaving echoes detectable by other psions.	“Follow me, for the world is only a hallway.”	
Eternal Horizon Gate	Psychoportation	Grand Master	144	72	Unlimited	Sphere (1 mile)	Lingering (permanent until dispelled)	Opens a titanic permanent planar gate linking two distant locations or planes.	Container: Temporal/Spatial (5) + Stand Alone: Teleportation (8) + Stand Alone: Pocket Space (12) + Stand Alone: Link/Bind (6) + Stand Alone: Create/Destroy (major, 12)	Range: Unlimited (15), Shape: Sphere (30 for mile-scale), Duration: Lingering (56 for permanent planar effect)	—	• Creates a permanent portal between two points chosen by caster. • If cast imperfectly, destabilization may erase both locations. • Requires enormous psionic stamina; caster must save vs. collapse. • Gate is detectable worldwide by psions and planar beings. • Passage allows armies, structures, or planar entities to cross freely. • Closing the gate requires equal or greater power. • Entire regions may be altered socially, politically, or militarily by its presence.	“I open the path, and the world shall never be the same.”	
Kinetic Push	Telekinesis	Apprentice	10	5	Short (30 ft)	Single Target	Instantaneous	Target is shoved back 10 ft; minor impact damage at G.O.D. discretion.	Container: Control (2) + Push (3); Container: Target (1)	Range: Melee Range(3); Duration: Instant (1)	—	Apprentice: May knock prone on failed Agility check. Novice+: May extend push distance with extra successes.	The air itself obeys my hand.	None
Force Grasp	Telekinesis	Apprentice	10	5	Short (30 ft)	Single Target	Combat Step	Hold or move an unattended object up to 10 lbs.	Container: Target (1) + Stand Alone: Create/Destroy (basic, 5) repurposed for “lift object” effect	Range: Short (4)	—	Uses Create/Destroy (basic) to narrate telekinetic lift rather than material alteration. G.O.D. may require Strength/Weight checks for larger items.	Your blade is not yours—it is mine.	None
Deflect Projectile	Telekinesis	Apprentice	9	5	Short (30 ft)	Single Target	Instantaneous	Redirect or cancel a small projectile aimed at self or ally.	Container: Target (1) + Stand Alone: Counter/Cancel (6)	Range: Self(1); Duration: Instant (1)	—	Can only affect light/medium projectiles (arrows, bolts, thrown knives). Cannot block bullets or siege weapons at Apprentice level.	The arrow stops where my will begins.	None
Force Wave	Telekinesis	Novice	15	8	Short (30 ft)	Cone (30 ft)	Instantaneous	All creatures in the cone are pushed 10 ft; targets may fall prone on failed Agility check.	Containers: AoE (2) + Control (2) with Stand-Alone: Push (3)	Range: Short (4); Shape: Cone (3); Duration: Instant (1)	—	No damage—pure displacement. Terrain/hazards apply normally; G.O.D. may call Agility to avoid prone.	“The mind does not strike—it sweeps.”	None
Telekinetic Pull	Telekinesis	Novice	13	7	Medium (60 ft)	—	Instantaneous	Target is pulled 10 ft toward the caster; unattended objects may fly to the caster’s hand.	Containers: Control (2) with Stand-Alone: Pull (3) + Target (1)	Range: Medium (5); Duration: Instant (1)	Static Assignment (1)	Resisted with Strength; cannot pull >50 lbs at Novice. Static Assignment fixes pull to 10 ft (no success-scaling).	“Your weapon is already mine.”	None
Kinetic Armor	Telekinesis	Novice	11	6	Self	—	Combat Round	Grants +2 armor soak against physical damage for 1 round.	Container: Target (1) with Stand-Alone: Buff (+2 soak = 3)	Range: Self (1); Duration: Combat Round (5)	Static Assignment (1)	Buff math = base +1 stat (2) + one extra stat (+1) = 3. Stacks with mundane armor, not with other kinetic fields.	“The air hardens into my shield.”	None
Telekinetic Crush	Telekinesis	Master	27	14	Medium (60 ft)	—	Combat Round	Target suffers 4 damage per round and is restrained; may attempt Strength save each step to break free.	Containers: Control (2) + Stand-Alone: Grapple/Restrain (4) + Target (1) + Stand-Alone: Damage (9 for 4 dmg)	Range: Medium (5); Duration: Combat Round (5)	Static Assignment (1)	Target can resist with a contested Strength roll; Static Assignment fixes damage to 4 per round.	“The world closes in, and there is no air to breathe.”	None
Force Barrier	Telekinesis	Master	21	11	Short (30 ft)	Wall (30 ft)	Combat Round	A shimmering wall of force blocks passage; grants full cover; soak may scale with successes unless fixed with Static Assignment.	Containers: AoE (2) + Target (1) + Stand-Alone: Create/Destroy (basic barrier = 5)	Range: Short (4); Shape: Wall (4); Duration: Combat Round (5)	—	If you want a fixed 10-HP soak, add Static Assignment (+1 mana) to lock it.	“Not stone, not steel—will alone.”	None
Mass Levitation	Telekinesis	Master	40	20	Medium (60 ft)	Radius (20 ft)	Combat Round + Lingering (2 steps)	All creatures/objects in the radius rise ~20 ft; enemies must save or hang immobilized; allies may glide/reposition.	Containers: AoE (2) + Control (2) with Stand-Alone: Immobilize (6) + Stand-Alone: Spatial Bubble (8)	Range: Medium (5); Shape: Radius 20 ft (5); Duration: Combat Round (5) + Lingering 2 (4)	Per Success Assignment (3)	Each success adds +5 ft lift height; apply fall damage when the effect ends.	“The ground is a suggestion—I refuse it.”	None
Telekinetic Maelstrom	Telekinesis	High Master	51	26	Long (120 ft)	Radius (30 ft)	Combat Round + Lingering (6 steps)	All creatures in the radius take 6 damage per round; targets must save or be knocked prone by flying debris; movement is distorted within the storm.	Containers: AoE (2) + Control (2) with Stand-Alones: Damage (6 = 13), Knockdown (4), Spatial Bubble (8)	Range: Long (7); Shape: Radius 30 ft (7); Duration: Combat Round (5) + Lingering 6 steps (8)	Backlash Risk (-5)	Uses Spatial Bubble to model violent pressure/wind shearing. On failed control check each round, caster suffers 5 damage (Backlash). Loose objects become hazards at G.O.D. discretion.	The air itself rebels, dragging the world into your storm.	None
Titan's Grasp	Telekinesis	High Master	51	26	Line of Sight	—	Combat Round + Lingering (2 steps)	A colossal force-hand restrains up to 4 distinct targets; each restrained target suffers 5 damage per round until they break free.	Containers: Control (2) + Target (1) with Stand-Alones: Grapple/Restrain (4), Anchor/Lock (6), Damage (5 dmg = 11)	Range: Line of Sight (10); Multi-Target 4 (3 + 4); Duration: Combat Round (5) + Lingering 2 steps (4)	Static Assignment (1)	Anchor/Lock pins seized targets to position. Static Assignment fixes damage at 5/round. Strength/Fortitude saves to escape. Huge/engine-sized targets at G.O.D. discretion.	A mountain's weight, given fingers.	None
Cataclysmic Convergence	Telekinesis	Grand Master	129	65	Long (120 ft)	Sphere (60 ft)	Combat Round + Lingering (2 steps)	All creatures in sphere are pulled inward, restrained, and take 8 damage per round; projectiles misfire and terrain fractures under the strain.	Container 1: AoE (2) + Control (2) with Stand-Alones: Pull (3), Knockdown (4) Container 2: Control (2) with Stand-Alones: Immobilize (6), Damage (17 for 8 dmg) Container 3: Temporal/Spatial (5) with Stand-Alone: Spatial Bubble (8)	Range: Long (7); Shape: Sphere 60 ft (11); Duration: Combat Round (5) + Lingering 2 (4)	Backlash Risk (-5)	Three independent containers act at once: one drags targets inward, one crushes/immobilizes, one distorts movement. Permanent terrain damage. Backlash: caster suffers 8 damage on failed focus check per round.	“The storm has many hands, and they all close upon you.”	None
Mind Whisper	Telepathy	Apprentice	9	5	Short (30 ft)	—	Combat Step	One-way telepathic message to a single target; no thought reading or backchannel.	Container: Target (1); Stand Alone: Link/Bind (6)	Range: Short (4); Duration: Combat Step (2)	Concentration (-2); Component Requirement (-2)	Repurposing note: Link/Bind is used here strictly as a mental conduit, not restraint. Breaking concentration ends link.	Your voice in their mind, clear as a whisper in silence.	None
Surface Scan	Telepathy	Apprentice	10	5	Touch	—	Instantaneous	Reveals surface thoughts/emotions; slight –5% composure penalty from mental jolt.	Container: Target (1); Stand Alone: Reveal/Detect (4); Stand Alone: Debuff (2)	Range: Touch (2); Duration: Instantaneous (1)	—	Repurposing note: Debuff models momentary composure slip from mental ping. Target may notice intrusion on failed Willpower save.	A ripple of thought betrays more than a thousand words.	None
Emotional Nudge	Telepathy	Apprentice	10	5	Short (30 ft)	—	Combat Step	Choose at cast: +5% morale buff to ally or –5% unease penalty to enemy.	Container: Target (1); Stand Alone: Buff (2) or Debuff (2)	Range: Short (4); Duration: Combat Step (2)	Static Assignment (1) Concentration (-2)	Repurposing note: Buff/Debuff stands in for emotion tilt. Strong anchored emotions may resist.	A thought not your own, but felt as if it were.	None
Silent Chorus	Telepathy	Novice	17	9	Short (30 ft)	—	Combat Round	Temporary telepathic network for up to 3 willing targets.	Container: Target (1); Stand Alone: Link/Bind (6)	Range: Short (4); Duration: Combat Round (5); Multi-Target (3)	Concentration (-2)	Repurposing note: Link/Bind anchors each participant in a shared channel; network collapses if caster’s focus breaks.	Three minds, one chorus, no words spoken.	None
Truth Sense	Telepathy	Novice	14	7	Touch	—	Combat Step	Detects lies or spoken/emotional dissonance.	Container: Target (1); Stand Alone: Reveal/Detect (4)	Add-Ons: Range: Touch (2); Duration: Combat Step (2); Buff (+5% insight) (2); Debuff (–5% composure) (2)	Static Assignment (1)	Repurposing note: Buff = caster’s sharpened insight; Debuff = target’s slip in composure.	Every lie carries its own shadow.	None
Mental Suggestion	Telepathy	Novice	16	8	Short (30 ft)	—	Combat Step	Instills a single compelling suggestion (roleplay-scale).	Container: Target (1); Stand Alone: Illusion/Mask (4); Stand Alone: Debuff (2)	Range: Short (4); Duration: Combat Step (2)	Per Success Assignment (3)	Repurposing note: Illusion = implanted thought; Debuff = reduced clarity of independent judG.O.Dent.	The whisper becomes your own idea.	None
Memory Weave	Telepathy	Master	24	12	Touch	—	Combat Round	Access and alter one short memory, shifting clarity or emotional tone.	Container: Target (1); Stand Alone: Reveal/Detect (4); Stand Alone: Transform/Alter (10); Stand Alone: Illusion/Mask (4)	Range: Touch (2); Duration: Combat Round (5)	Concentration (-2)	Repurposing note: Transform/Alter = editing memory content; Illusion/Mask = overlaying false details. • Risk of fractured recall if resisted (Willpower save).	Every memory is a story, and stories can be edited.	None
Psychic Domination	Telepathy	Master	21	11	Short (30 ft)	—	Combat Step	Compel one target to perform a single simple command immediately.	Container: Control (2); Stand Alone: Anchor/Lock (6); Stand Alone: Grapple/Restrain (4); Stand Alone: Debuff (–5% will) (2); Stand Alone: Link/Bind (6)	Range: Short (4); Duration: Combat Step (2)	Backlash Risk (-5)	Repurposing notes: Anchor/Lock fixes the mind to the chosen directive; Link/Bind provides the compulsion tether. On a strong resist (Willpower save), command is hesitated or partially executed; backlash may inflict a brief daze on the caster.	Your will is not your own.	None
Telepathic Storm	Telepathy	Master	29	15	Medium (60 ft)	Radius (30 ft)	Combat Round	All creatures in the radius suffer psychic disorientation: –10% coordination and a save to avoid losing their next action.	Container: AoE (2); Stand Alone: Illusion/Mask (4); Stand Alone: Debuff (–10% coordination) (3); Container: Control (2); Stand Alone: Stun/Daze (6)	Range: Medium (5); Shape: Radius 30 ft (7); Duration: Combat Round (5)	Backlash Risk (-5)	Math notes: Debuff scales at +1 per extra –5% (2+1=3). Radius 30 ft = 10 ft base (3) +20 ft (+2/+2)=7 total. Backlash may also daze the caster on a failed cast.	A tempest of thoughts drowns all reason.	None
Mindquake	Telepathy	High Master	51	26	Medium (60 ft)	Radius (40 ft)	Combat Round + Lingering (4 steps)	All in zone suffer –25% coordination, chance of Stun/Daze, Knockdown, Disarm, and intrusive thought-echo illusions.	Container: AoE (2); Stand Alone: Illusion/Mask (4+4); Stand Alone: Debuff –25% (6); Container: Control (2); Stand Alone: Stun/Daze (6); Stand Alone: Disarm (5); Stand Alone: Knockdown (4)	Range: Medium (5); Shape: Radius 40 ft (9); Duration: Combat Round (5) + Lingering 4 (4)	Backlash Risk (–5)	On backlash, caster also suffers mental static: –10% rolls next round.	The world shakes not in stone, but in thought.	None
Crown of Thorns	Telepathy	High Master	54	27	Line of Sight	Single Target	3 Combat Rounds	Force obedience with pain; resisted actions cause psychic damage and stacking penalties.	Container: Control (2+2); Stand Alone: Immobilize (6); Stand Alone: Grapple/Restrain (4); Stand Alone: Anchor/Lock (6); Stand Alone: Debuff –10% will (3); Stand Alone: Debuff –10% coordination (3); Stand Alone: Damage (psychic pain, 3); Stand Alone: Stun/Daze (6); Container: Target (1)	Range: Line of Sight (10); Duration: 3 Rounds (15)	Backlash Risk (–5); Concentration (–2)	On backlash, psychic bleed: 5 damage/round until healed.	A crown that bleeds the mind until it kneels.	None
Hive Dominion	Telepathy	Grand Master	133	67	Unlimited	Zone (1 mile radius)	2 Combat Rounds + Lingering (10 steps)	All minds in radius are linked, compelled, drained of vitality, and reshaped into a hive chorus under the caster.	Container 1: AoE (2) → Range Unlimited (15), Shape Zone 1 mile (30), Duration 2 Rounds (10) + Lingering 10 (10); Nested Control (2) → Stand-Alones: Link/Bind (6), Anchor/Lock (6), Immobilize (6) | Container 2: Control (2) → Stand-Alones: Stun/Daze (6), Debuff –25% resistance (6), Damage (psychic backlash, 3), Create/Destroy (thought channels, 5); Nested Temporal/Spatial (5) | Container 3: Target (1) → Stand-Alones: Buff synergy +25% (6), Illusion/Mask (4), Transform/Alter (10); Nested AoE (2) | Container 4: Control (2) → Stand-Alone: Transfer Life Force (4)	—	Backlash Risk (–5); Concentration (–2); Environmental Dependency (–3)	Corrected architecture: 4 main containers with nested sub-containers for lattice depth. Total 133 Mana. Backlash may cause fused identities, psychic bleed, or permanent insanity.	The world’s thoughts collapse into one voice — yours.	None
Shadow Grasp	Umbrakinesis	Apprentice	10	5	Short (30 ft)	Single Target	Combat Step	Targeted tendril lightly restrains for one step.	Container: Control (2); Stand Alone: Grapple/Restrain (4).	Range: Short (4); Duration: Combat Step (2).	Modifier: Concentration (–2).	Apprentice: Target may resist with a Strength/Athletics check; losing concentration ends the grasp.	“The shadows remember your outline and do not wish to let go.”	—
Umbral Veil	Umbrakinesis	Apprentice	8	4	Self	Single Target	Combat Step	Creates brief concealment; +5 to stealth or enemies suffer –5% accuracy in dim areas (G.O.D. adjudicates).	Container: Target (1); Stand Alone: Illusion/Mask (4).	Range: Self (1); Duration: Combat Step (2).	—	Apprentice: Veil flickers in bright light; fails in direct, harsh illumination.	“In shadow’s embrace, you are less than seen, more than gone.”	—
Flicker Step	Umbrakinesis	Apprentice	7	4	Self	Single Target	Instantaneous	Caster teleports up to 10 ft between connected shadows.	Container: Temporal/Spatial (5); Stand Alone: Teleportation (8).	Range: Self (1); Duration: Instantaneous (1).	Modifiers: Environmental Dependency (–3; requires connected shadows), Backlash Risk (–5; misstep).	Apprentice: Fails without a clear shadow path. On severe failure or broken line, caster takes 1 damage from spatial shear.	“Between one shadow and the next, a heartbeat is all the distance.”	—
Shadow Snare	Umbrakinesis	Novice	19	10	Short (30 ft)	Cone (30 ft)	Combat Step	Targets in cone are lightly restrained and slowed for one step.	Container: Control (2) + AoE (2); Stand Alone: Grapple/Restrain (4); Stand Alone: Decelerate/Slow (4).	Shape: Cone (3); Range: Short (4); Duration: Combat Step (2).	Modifier: Concentration (–2).	Novice: Targets may resist with Strength/Athletics; breaking the caster’s concentration ends the snare early; bright light grants advantage to escape attempts.	“The more you struggle, the deeper the dark holds you.”	—
Cloak of Midnight	Umbrakinesis	Novice	20	10	Medium (60 ft)	Multi-Target (3 targets)	Combat Round	Allies gain concealment; foes suffer –5% accuracy (or allies gain +5 stealth/evasion, G.O.D. adjudicates).	Container: Target (1); Stand Alone: Illusion/Mask (4); Stand Alone: Buff (+5%) (2).	Range: Medium (5); Multi-Target (3); Duration: Combat Round (5).	—	Novice: Loses potency in bright light or against Reveal/Detect effects; attacking from the veil may reduce the benefit until next step.	“In midnight’s cloak, you are seen only by the night.”	—
Umbral Step	Umbrakinesis	Novice	19	10	Short (30 ft)	Multi-Target (2)	Instantaneous	Teleports caster and one ally up to 30 ft via connected shadows.	Container: Temporal/Spatial (5) + Target (1); Stand Alone: Teleportation (8).	Range: Short (4); Multi-Target (3); Duration: Instantaneous (1).	Modifier: Environmental Dependency (–3; must begin/end in shadow).	Novice: Fails if destination lacks shadow; on failure, action is spent and neither creature moves.	“Step once, and the dark carries more than you alone.”	—
Eclipse Shroud	Umbrakinesis	Master	26	13	Medium (60 ft)	Sphere (30 ft radius)	Combat Round	Zone of darkness that conceals allies and hinders enemies’ accuracy.	Container: AoE (2) + Control (2); Stand Alone: Illusion/Mask (4); Stand Alone: Debuff (–10% = 3).	Range: Medium (5); Shape: Sphere 30 ft (5); Duration: Combat Round (5).	—	Master: Allies gain +5 stealth; enemies suffer –10% accuracy; strong light or Reveal/Detect can pierce sections of the shroud.	“Where shadow reigns, certainty dissolves.”	—
Nightfang Manifest	Umbrakinesis	Master	23	12	Short (30 ft)	Single Target	Combat Round	Summons a shadow beast that deals 2 damage per step and imposes –5% accuracy (fear).	Container: Target (1); Stand Alone: Summon (minor) (8); Stand Alone: Damage (2 = 5); Stand Alone: Debuff (–5% = 2).	Range: Short (4); Duration: Combat Round (5).	Modifier: Concentration (–2).	Master: Requires caster’s focus; breaking concentration ends the beast early; bright light halves the beast’s damage.	“From the dark between breaths comes the hunter unseen.”	—
Shadow Maw	Umbrakinesis	Master	21	11	Medium (60 ft)	Single Target	Combat Round	Target restrained, suffers 3 damage, and takes –1 to a chosen physical stat for the duration.	Container: Control (2) + Target (1); Stand Alone: Grapple/Restrain (4); Stand Alone: Damage (3 = 7); Stand Alone: Debuff (–1 stat = 2).	Range: Medium (5); Duration: Combat Round (5).	Modifier: Backlash Risk (–5; if resisted, caster takes 1 damage).	Master: On a failed target save by a large margin, panic/fear may force a disengage or prone at G.O.D. discretion.	“The abyss does not bite—it devours.”	—
Shadow Cataclysm	Umbrakinesis	High Master	61	31	Long (120 ft)	Sphere (40 ft radius)	2 Combat Rounds + Lingering 2 steps	All inside take 6 damage per round, suffer –10% accuracy, and risk Blind; movement is impeded by grasping shadows.	Container 1: AoE (2) + Temporal/Spatial (5); Stand Alone: Spatial Bubble (8). Container 2: Control (2); Stand Alone: Grapple/Restrain (4); Stand Alone: Blind (5). Container 3: Target (implicit via AoE); Stand Alone: Damage (6 = 13); Stand Alone: Debuff (–10% = 3).	Range: Long (7); Shape: Sphere 40 ft (8); Duration: Combat Round (5) + Lingering 2 (4).	Modifier: Backlash Risk (–5).	High Master: Allies may also suffer –5% accuracy within the maelstrom; strong light sources can carve temporary “safe lanes.” On severe control loss, caster takes 1 damage (backlash).	“In the heart of the shadowstorm, even fear forgets its way out.”	—
Eternal Eclipse	Umbrakinesis	High Master	55	28	Line of Sight	Sphere (60 ft radius)	3 Combat Rounds	Allies gain full concealment (+10 stealth/evasion adjudication); enemies suffer –15% accuracy, –1 Initiative, and must resist fear.	Container 1: AoE (2) + Control (2); Stand Alone: Illusion/Mask (4); Stand Alone: Debuff (–15% = 4); Stand Alone: Decelerate/Slow (4). Container 2: (folded into zone effects); Stand Alone: Debuff (Fear, –5% = 2).	Range: Line of Sight (10); Shape: Sphere 60 ft (14); Duration: 3 × Combat Round (15).	Modifier: Concentration (–2).	High Master: Requires line of sight to initiate; bright/magical light may pierce edges or reduce penalties at G.O.D. discretion. Breaking concentration collapses the eclipse immediately.	“When the eclipse falls, the world remembers the weight of nothing.”	—
Oblivion Eclipse	Umbrakinesis	Grand Master	148	74	Line of Sight	Sphere (200 ft radius)	3 Combat Rounds + Lingering (3 steps)	All inside take 10 damage/round, suffer –15% accuracy, lose –2 Constitution per round, and must resist being pulled toward the center. At collapse, central victims risk annihilation.	Container 1: AoE (2) + Temporal/Spatial (5); Stand Alone: Spatial Bubble (8). Container 2: Control (2); Stand Alone: Grapple/Restrain (4); Stand Alone: Pull (3); Stand Alone: Immobilize (6). Container 3: (AoE zone effects); Stand Alone: Damage (10 = 21); Stand Alone: Debuff (–15% accuracy = 4); Stand Alone: Constitution Drain (–2 = 3). Container 4: Control (nested); Stand Alone: Banish/Erase (10).	Range: Line of Sight (10); Shape: Sphere 200 ft (56); Duration: 3 × Combat Round (15) + Lingering 3 (5).	Modifiers: Backlash Risk (–5); Environmental Dependency (–3; requires shadow source).	If backlash occurs, caster takes 5 damage + –1 Constitution per round sustained. On failure, central victims are banished/erased permanently at G.O.D. discretion.	“The final night does not fall—it consumes.”	—
Somnolent Touch	Oneirics	Apprentice	9	5	Touch	Single Target	Combat Step	Target suffers –1 initiative for the step as sleep-pressure grips their mind.	Container 1: Target (1); Stand Alone: Decelerate/Slow (–1 initiative = 4).	Add-On: Range: Touch (2); Duration: Combat Step (2).	None	* Fatigue sensation is mental, not physical; immunity to sleep effects may grant advantage to resist at G.O.D. discretion. * Multiple applications do not stack initiative penalties during the same step.	“Dreams are but a blink away.”	None
Whisper of Night	Oneirics	Apprentice	8	4	Short (30 ft)	Single Target	Instantaneous	Minor auditory/visual illusion distracts target, granting allies +5% chance to succeed against them this step.	Container 1: Target (1); Stand Alone: Illusion/Mask (4).	Add-On: Range: Short (4); Duration: Instantaneous (1).	Modifier: Concentration (–2).	* Illusions are non-damaging and momentary. * If caster’s concentration is broken before resolution, the effect fizzles.	“Whispers ride the edge of waking.”	None
Lucid Spark	Oneirics	Apprentice	10	5	Short (30 ft)	Single Target	Combat Step	Target gains +5% perception and +1 initiative for the step.	Container 1: Target (1); Stand Alone: Buff (+5% perception = 2); Stand Alone: Accelerate/Hasten (+1 initiative = 4).	Add-On: Range: Short (4); Duration: Combat Step (2).	Modifier: Environmental Dependency (–3; diminished in heavy fatigue or magical sleep zones).	* Only one Lucid Spark may benefit a target at a time. * If the environment imposes magical drowsing, the G.O.D. may reduce the buff’s potency.	“Awareness blooms like a dream you choose to hold.”	None
Dream Snare	Oneirics	Novice	19	10	Short (30 ft)	Single Target	Combat Step	Target is briefly restrained by looping dream logic, suffers –10% accuracy and –1 initiative for the step.	Container 1: Control (2); Stand Alone: Grapple/Restrain (4); Stand Alone: Debuff (–10% accuracy = 3); Stand Alone: Decelerate/Slow (–1 initiative = 4).	Add-On: Range Short (4); Duration Combat Step (2).	None	* Not true sleep; mental loop only. * Targets with strong anti-control defenses may gain advantage to resist at G.O.D. discretion.	“Reality slips, and the dream holds tight.”	None
Night Terror	Oneirics	Novice	17	9	Short (30 ft)	Single Target	Combat Round	Target suffers –5% accuracy and –2 to Wisdom-based checks for 1 round.	Container 1: Target (1); Stand Alone: Illusion/Mask (4); Stand Alone: Debuff (–5% accuracy = 2); Stand Alone: Debuff (–2 Wisdom = 3).	Add-On: Range Short (4); Duration Combat Round (5).	Modifier: Concentration (–2).	* If concentration breaks before resolution, the effect fizzles. * Fear-resistant creatures may reduce penalties at G.O.D. discretion.	“From your darkest corners, I bring truth.”	None
Shared Dream	Oneirics	Novice	14	7	Medium (60 ft)	Multi-Target (2)	Combat Step	Two targets are linked: ally gains +5% accuracy; foe suffers –5% accuracy for 1 step.	Container 1: Target (1); Stand Alone: Buff (+5% accuracy = 2). Container 2: Target (1); Stand Alone: Debuff (–5% accuracy = 2).	Add-On: Range Medium (5); Duration Combat Step (2); Multi-Target (4 for two total targets).	Modifier: Environmental Dependency (–3; less effective if target is asleep or fully unconscious).	* Both targets must be within range. * If either resists the mental link, the spell fails.	“In dreams, we walk as one—whether you wish it or not.”	None
Dream Bastion	Oneirics	Master	34	17	Medium (60 ft)	Multi-Target (3 allies)	2 Combat Rounds	Allies gain +10% to resist mental effects; illusions targeting them suffer –10% effectiveness.	Container 1: Control (2); Stand Alone: Anchor/Lock (6). Container 2: Target (1); Stand Alone: Buff (+10% mental resistance = 3). Container 3: Target (1); Stand Alone: Debuff (–10% illusions vs. allies = 3).	Add-On: Range Medium (5); Duration 2 Combat Rounds (10); Multi-Target (5).	Modifier: Concentration (–2).	* If concentration breaks, barrier collapses immediately. * Only protects conscious allies.	“In this place, no shadow may pass without my leave.”	None
Nightmare Sculpt	Oneirics	Master	27	14	Medium (60 ft)	Radius (20 ft)	1 Combat Round	All inside suffer –10% accuracy; must resist or be Stunned for 1 step as panic overwhelms.	Container 1: AoE (2); Stand Alone: Illusion/Mask (4); Stand Alone: Debuff (–10% accuracy = 3). Container 2: Control (2); Stand Alone: Stun/Daze (6).	Add-On: Range Medium (5); Shape Radius 20 ft (5); Duration Combat Round (5).	Modifier: Backlash Risk (–5; caster risks 1-step stun if illusion collapses).	* Victims know it’s unreal only after the spell ends. * Especially potent in enclosed spaces.	“The dream bends, and the world with it.”	None
Dreamwalk	Oneirics	Master	27	14	Short (30 ft)	Single Target	Combat Round + Lingering (2 steps)	Target is linked to caster: suffers –2 Constitution and –10% accuracy; caster gains +2 Perception and dream-sense of enemy’s next action.	Container 1: Control (2); Stand Alone: Link/Bind (6). Container 2: Target (1); Stand Alone: Debuff (–2 CON = 3); Stand Alone: Debuff (–10% accuracy = 3). Container 3: Target (1); Stand Alone: Buff (+2 Perception = 3).	Add-On: Range Short (4); Duration Combat Round (5); Lingering 2 steps (2).	Modifier: Environmental Dependency (–3; must be night, or target fatigued/asleep).	* If caster breaks concentration, both snap back with 1 step of stun. * If target is fully unconscious, effect escalates dangerously (G.O.D. discretion).	“Step lightly—this dream is not yours alone.”	None
Cathedral of Sleep	Oneirics	High Master	51	26	Line of Sight	Radius (70 ft)	Combat Round + Lingering (2 steps)	All creatures in the area suffer –15% accuracy; those who fail a mental resistance check are Stunned for 1 step; a smaller subset (at G.O.D. discretion or on severe failure) fall into brief Temporal Stasis for 1 step.	Container 1: AoE (2); Stand Alone: Illusion/Mask (4); Stand Alone: Debuff (–15% accuracy = 4). Container 2: Control (2); Stand Alone: Stun/Daze (6). Container 3: Temporal/Spatial (5); Stand Alone: Temporal Stasis (6).	Add-On: Range Line of Sight (10); Shape Radius 70 ft (15); Duration Combat Round (5); Lingering 2 steps (2).	Modifiers: Backlash Risk (–5); Concentration (–2); Environmental Dependency (–3; diminished in full daylight or consecrated anti-dream zones).	* Stun and Stasis do not stack on the same creature in the same step; apply the stronger outcome. * Creatures with sleep immunity still suffer spatial distortion but may gain advantage vs. Stun. * If concentration breaks, the Cathedral collapses immediately, ending ongoing effects. * Creatures leaving the radius shed the debuff at the end of their current step. * Illusions are multi-sensory but non-damaging; they impose penalties rather than inflicting harm.	“Sleep has walls, and tonight they stand around you.”	None
Labyrinth of the Sleeper	Oneirics	High Master	56	28	Line of Sight	Sphere/Cube/Zone (Large x3)	2 Combat Rounds + Lingering (3 steps)	Within the zone: space pressure hampers movement (Spatial Bubble), all creatures suffer –10% accuracy, and those failing a control check become Immobilized for as long as they remain in the maze (re-check each step on their turn).	Container 1: Temporal/Spatial (5); Stand Alone: Spatial Bubble (8). Container 2: AoE (2); Stand Alone: Illusion/Mask (4); Stand Alone: Debuff (–10% accuracy = 3). Container 3: Control (2); Stand Alone: Immobilize (6).	Add-On: Range Line of Sight (10); Shape Sphere/Cube/Zone size 3 (11); Duration 2 Combat Rounds (10); Lingering 3 steps (3).	Modifiers: Backlash Risk (–5; if the maze collapses prematurely, caster is Stunned 1 step); Environmental Dependency (–3; weakened under blazing noon, strengthened at night).	* Spatial Bubble and Immobilize stack in sequence: first apply movement pressure, then check for Immobilize. * Teleportation into/out of the maze is at disadvantage unless the caster permits. * Flying or incorporeal movement still contends with spatial pressure (narrate as “heavy sky” or “thick walls”). * Exiting the zone ends Immobilize at the end of the creature’s current step. * Friendly fire is possible; allies are also affected unless shielded by separate magic.	“Choose a turn. The maze chooses you back.”	None
Eternal Dreamfall	Oneirics	Grand Master	122	61	Line of Sight	Sphere (200 ft radius)	3 Combat Rounds + Lingering (3 steps)	Enemies in the sphere suffer –15% accuracy and –2 Initiative; must resist or be Stunned for 1 step each round. On severe failures, targets fall into Temporal Stasis for 1 step. Allies gain +10% perception and +1 Initiative.	Container 1: AoE (2) + Temporal/Spatial (5); Stand Alone: Spatial Bubble (8); Stand Alone: Temporal Stasis (6). Container 2: Control (2); Stand Alone: Stun/Daze (6); Stand Alone: Decelerate/Slow (–2 Initiative = 8). Container 3: Target (1); Stand Alone: Debuff (–15% accuracy = 6); Stand Alone: Buff (+10% perception = 4; +1 Initiative = 4). Container 4 (Nested): Illusion/Mask (multi-sensory battlefield dreamscape = 10).	Add-On: Range Line of Sight (10); Shape Sphere 200 ft (19); Duration 3 Combat Rounds (15) + Lingering 3 steps (6).	Modifiers: Concentration (–2); Backlash Risk (–5).	* Stasis and Stun do not stack per step; apply stronger. * Sleep-immune creatures still risk Slow/Stun. * If concentration breaks, backlash stuns allies in the sphere for 1 step. * Lingering illusions may disorient even after fade.	“Wakefulness and dream are but two masks. In this place, you wear them all at once.”	None
Spark of Laughter	Joy	Apprentice	9	5	Short (30 ft)	—	Combat Step	Target gains +5% accuracy for 1 step.	Container: Target (1) + Stand Alone: Buff (+5% accuracy = 2)	Add-Ons: Range Short (4), Duration Combat Step (2)	—	* Small morale boost only; stacks with other buffs at G.O.D. discretion. * If the target is under a Fear effect, this cancels the penalty for 1 step instead.	“The right laugh can break the heaviest chains.”	Apprentice: Small buff only. Novice+: May expand to Multi-Target with scaled bonuses.
Gentle Reprieve	Joy	Apprentice	7	4	Touch	—	Instantaneous	Target regains 1 vitality (healing point).	Container: Target (1) + Stand Alone: Healing (3)	Add-Ons: Range Touch (2), Duration Instantaneous (1)	—	* Cannot remove lasting injuries; works only for immediate vitality. * If used outside combat, eases emotional fatigue more than physical wounds.	“A melody soft enough to cradle the heart.”	Apprentice: Simple 1-point heal. Novice+: Expand to 2–3 healing points or Multi-Target touch.
Joyful Guard	Joy	Apprentice	9	5	Short (30 ft)	—	Combat Step	Target gains +5% resistance for 1 step.	Container: Target (1) + Stand Alone: Buff (+5% resistance = 2)	Add-Ons: Range Short (4), Duration Combat Step (2)	—	* Effect is morale-based; resistance stacks with armor but not with itself. * If the ally laughs audibly, effect lingers 1 extra initiative step at G.O.D. discretion.	“Joy itself becomes a shield.”	Apprentice: Single target resist buff. Novice+: Multi-Target expansion or +10% resistance.
Chorus of Delight	Joy	Novice	20	10	Short (30 ft)	Radius (10 ft)	Combat Round	All allies in radius gain +5% to rolls and +1 Initiative for 1 round.	Container: AoE (2) + Stand Alone: Buff (+5% = 2) + Stand Alone: Accelerate/Hasten (+1 Init = 4)	Add-Ons: Range Short (4), Shape Radius 10 ft (3), Duration Combat Round (5)	—	* Effects stack with other buffs at G.O.D. discretion. * May cancel a fear effect for duration.	“One song, many voices—all lifted together.”	Novice: Small AoE buff. Master+: Expand radius or add lingering effect.
Festival Spark	Joy	Novice	18	9	Short (30 ft)	Cone (30 ft)	Combat Round	Allies in cone gain +5% damage and +5% resistance for 1 round.	Container: AoE (2) + Stand Alone: Buff (+5% damage = 2) + Stand Alone: Buff (+5% resistance = 2)	Add-Ons: Range Short (4), Shape Cone 30 ft (3), Duration Combat Round (5)	—	* Boosts morale through joy; cannot stack with itself. * May provide roleplay opportunities for large celebrations.	“Even the battlefield can echo with festival drums.”	Novice: Basic combat buff. Master+: Cone expands or resistance scales higher.
Echo of Resilience	Joy	Novice	13	7	Short (30 ft)	Multi-Target (2)	Instantaneous	Up to 2 targets regain 1 vitality each.	Container: Target (1) + Stand Alone: Healing (3)	Add-Ons: Range Short (4), Multi-Target (adds 1 extra target = 3+1 = 4), Duration Instantaneous (1)	—	* Only restores vitality, not conditions. * Outside combat, may ease exhaustion or grief.	“A remembered joy is a shield against despair.”	Novice: 2-target heal. Master+: Expand number of targets or heal 2 vitality each.
Radiant Harmony	Joy	Master	30	15	Medium (60 ft)	Radius (20 ft)	Combat Round	All allies in radius gain +10% to rolls and +2 Initiative for 1 round.	Containers: AoE (2) + Target (1) + Stand Alone: Buff (+10% rolls = 4, +2 Init = 8)	Add-Ons: Range Medium (5), Shape Radius 20 ft (5), Duration Combat Round (5)	—	* May cancel fear/morale penalties for duration. * Allies describe feeling “in concert” with each other.	“When every note strikes true, joy itself conducts the battle.”	Master: AoE buff. High Master+: Expand to lingering effects or add healing pulse.
Carnival of Courage	Joy	Master	26	13	Short (30 ft)	Cone (40 ft)	Combat Round + Lingering (1 step)	Allies in cone gain +10% damage and +10% resistance for 1 round, lingering 1 step.	Container: AoE (2) + Stand Alone: Buff (+10% damage = 4, +10% resistance = 4)	Add-Ons: Range Short (4), Shape Cone 40 ft (5), Duration Combat Round (5), Lingering +1 step (2)	—	* Lingering effect represents afterglow of celebration. * Cannot stack with itself.	“Where music roars, courage follows.”	Master: Cone buff. High Master+: Expand cone or add multi-round lingering.
Ballad of Shared Triumph	Joy	Master	31	16	Medium (60 ft)	—	Instantaneous	Up to 4 allies regain 1 vitality each.	Container: Target (1) + Stand Alone: Healing (3×4 = 12)	Add-Ons: Range Medium (5), Multi-Target (3+1 per target beyond first = 12), Duration Instantaneous (1)	—	* Cannot be used to remove conditions. * Healing described as warmth of triumph spreading through group.	“A chorus of victory mends more than wounds.”	Master: Multi-target heal. High Master+: Each ally may heal 2 vitality or add lingering regeneration.
Symphony of Exultation	Joy	High Master	53	27	Line of Sight	Radius (50 ft)	Combat Round + Lingering (2 steps)	Allies in area gain +15% to rolls, +2 Initiative, +2 damage, and +10% resistance for 1 round; the effect lingers 2 steps. Cancels one active fear/despair effect in the area on cast.	Container: AoE (2) + Stand Alone: Buff (+15% rolls = 4) + Stand Alone: Accelerate/Hasten (+2 Init = 5) + Stand Alone: Buff (+2 damage = 3) + Stand Alone: Buff (+10% resistance = 3) + Stand Alone: Counter/Cancel (cancel one fear/despair effect = 6)	Add-Ons: Range Line of Sight (10), Shape Radius 50 ft (3 + 2×4 = 11), Duration Combat Round (5) + Lingering 2 steps (2×2 = 4)	—	* “Cancel fear/despair” uses Counter/Cancel. * Effects don’t stack with themselves; refresh on recast.	“When joy conducts the field, doubt has no measure.”	High Master: Battlefield-wide anthem. Grand Master+: Add pulsing regeneration.
Revelry Unending	Joy	High Master	55	28	Long (120 ft)	Radius (40 ft)	Combat Round + Lingering (3 steps)	Allies in area gain +10% damage, +10% resistance, +1 Initiative, and regenerate 1 vitality at the start of their turn while in the zone; effect lingers 3 steps after leaving. The zone gently “carries” movement like a jubilant current.	Containers: AoE (2) + Temporal/Spatial (5) + Stand Alone: Buff (+10% damage = 3) + Stand Alone: Buff (+10% resistance = 3) + Stand Alone: Accelerate/Hasten (+1 Init = 4) + Stand Alone: Healing (regen 1 = 3) + Stand Alone: Spatial Bubble (8)	Add-Ons: Range Long (7), Shape Radius 40 ft (3 + 2×3 = 9), Duration Combat Round (5) + Lingering 3 steps (2×3 = 6)	—	* Regen is 1 vitality per turn while in zone; ceases when outside/after lingering. * Spatial Bubble is narrative “flow,” not forced movement.	“The festival carries every heart a step further.”	High Master: Festival aura. Grand Master+: Increase regen to 2 and add ally reposition (Pull/Push via Control).
Eternal Jubilee	Joy	Grand Master	118	59	Line of Sight	Sphere (120 ft)	2 Combat Rounds + Lingering (2 steps)	Allies gain +15% rolls, +2 Initiative, +2 damage, +10% resistance, and regenerate 2 vitality each round. Fear and despair effects are canceled. Enemies within sphere suffer –10% accuracy and –1 Initiative.	Primary Container: AoE (2). Nested Container 1: Target (1) + Stand Alone: Buff (+15% rolls = 6, +2 Init = 8, +2 dmg = 6, +10% resist = 4). Nested Container 2: Target (1) + Stand Alone: Healing (regen 2 = 5). Nested Container 3: Control (2) + Stand Alone: Counter/Cancel (6). Nested Container 4: Target (1) + Stand Alone: Debuff (–10% acc = 4, –1 Init = 4).	Add-Ons: Range Line of Sight (10), Shape Sphere 120 ft (5 base + 9 increments×3 = 32), Duration 2 Rounds (10) + Lingering 2 steps (4).	—	* Uses **nested containers** to split buffs, healing, debuffs, and cancel into clear channels. * Cannot be combined with lesser Joy buffs—they collapse into Jubilee. * May cause roleplay “aftershock” of mass celebration.	“When joy ascends beyond measure, even shadows learn to dance.”	Grand Master: May extend to Unlimited range and 3+ rounds in cosmic-scale performances.
Steal the Smile	Sorrow	Apprentice	9	5	Short (30 ft)	—	Combat Step	Target suffers –5% to all rolls for 1 step.	Container: Target (1) + Stand Alone: Debuff (–5% = 2)	Add-Ons: Range Short (4), Duration Combat Step (2)	—	* Only affects mental/emotional resilience. * Cannot stack with itself but may combine with other debuffs.	“Even joy can be stolen with the wrong note.”	Apprentice: Single-target –5%. Novice+: Upgrade to –10% or expand with AoE.
Tearful Lament	Sorrow	Apprentice	9	5	Short (30 ft)	Single Target	Combat Step	Target suffers –5% to all rolls for one step.	Container: Target (1) + Stand Alone: Debuff (–5% = 2)	Add-Ons: Range Short (4), Duration Combat Step (2)	—	• Target feels an urge to weep uncontrollably. • Does not stack with other flat roll penalties from Sorrow effects.	Every note is a reminder of what has been lost.	—
Echo of Mourning	Sorrow	Apprentice	10	5	Touch	Single Target	Combat Step	Target weeps uncontrollably; foe suffers –1 accuracy, ally recovers 1 fatigue.	Container: Target (1) + Stand Alone: Debuff (–1 = 2) + Stand Alone: Healing (1 = 3)	Add-Ons: Range Touch (2), Duration Combat Step (2)	—	• Emotional release may cause hesitation in roleplay. • Foe accuracy penalty does not stack. • Ally fatigue recovery is minor but immediate.	A single note carries the weight of a funeral dirge.	—
Steal the Smile	Sorrow	Apprentice	9	5	Short (30 ft)	—	Combat Step	Target suffers –5% to all rolls for 1 step.	Container: Target (1) + Stand Alone: Debuff (–5% = 2)	Add-Ons: Range Short (4), Duration Combat Step (2)	—	* Only affects mental/emotional resilience. * Cannot stack with itself but may combine with other debuffs.	“Even joy can be stolen with the wrong note.”	Apprentice: Single-target –5%. Novice+: Upgrade to –10% or expand with AoE.
Dirge of Weariness	Sorrow	Novice	20	10	Short (30 ft)	Cone (30 ft)	Combat Round	All foes in cone suffer –5% rolls and –1 damage for 1 round.	Container: AoE (2) [Stand Alone: Debuff (–5% = 2, –1 dmg = 2)]	Add-Ons: Range Short (4), Shape Cone 30 ft (3), Duration Combat Round (5)	—	• Emotional heaviness dulls actions. • Debuff does not stack with itself but can stack with other Sorrow effects. • Cone manifests as audible lament.	The song makes weapons feel like burdens.	—
Lamenting Shackles	Sorrow	Master	23	12	Medium (60 ft)	Single Target	Combat Round	Target is Restrained; suffers –1 Strength and –1 Initiative for duration.	Container: Target (1) + Container: Control (2) [Stand Alone: Grapple/Restrain (4), Debuff –1 Strength (2), Debuff –1 Init (4)]	Add-Ons: Range Medium (5), Duration Combat Round (5)	—	• Restrained target must contest Strength to break free. • Emotional weight manifests as ghostly chains audible as low wails. • Failure to resist may roleplay as despair.	Every link is forged from tears never shed.	—
Wail of the Forsaken	Sorrow	Master	23	12	Medium (60 ft)	Radius (20 ft)	Combat Round	Foes in radius suffer –10% rolls and –2 damage for 1 round.	Container: AoE (2) [Stand Alone: Debuff –10% (3), Debuff –2 dmg (3)]	Add-Ons: Range Medium (5), Shape Radius 20 ft (5), Duration Combat Round (5)	—	• The cry may trigger morale checks at G.O.D. discretion. • Cannot stack with itself. • May spook mounts or beasts.	The wail is the sound of a thousand funerals remembered at once.	—
Chains of Melancholy	Sorrow	Master	26	13	Medium (60 ft)	Multi-Target (3 targets)	Combat Round	Each target is Restrained and suffers –1 Initiative.	Container: Target (1) + Container: Control (2) [Stand Alone: Grapple/Restrain (4), Stand Alone: Decelerate/Slow –1 Init (4)]	Add-Ons: Range Medium (5), Duration Combat Round (5), Multi-Target 3 (5)	—	• Each round, restrained foes may contest Strength to escape. • Chains moan with palpable grief. • Restrained limits movement and portions of actions per your system rules.	Grief binds more tightly than iron.	—
Dirge of the Hollow Heart	Sorrow	Master	29	15	Long (120 ft)	Sphere (30 ft)	Combat Round + Lingering (1 step)	All creatures in sphere suffer –5% accuracy, –1 damage, and –1 Initiative for duration.	Container: AoE (2) [Stand Alone: Debuff –5% (2), Debuff –1 dmg (2), Stand Alone: Decelerate/Slow –1 Init (4)]	Add-Ons: Range Long (7), Shape Sphere 30 ft (5), Duration Combat Round (5), Lingering (2)	—	• Lingering sorrow continues to sap after the hymn fades. • May force morale checks at G.O.D. discretion. • Does not stack with itself.	The song leaves hearts hollow, as if hope itself has fled the field.	—
Elegy of Despair	Sorrow	High Master	62	31	Medium (60 ft)	Radius (60 ft)	2 Combat Rounds	All enemies in radius suffer –30% rolls, –2 damage, and –2 Initiative for 2 rounds.	Container: AoE (2) [Stand Alone: Debuff –30% (12), Debuff –2 dmg (4), Debuff –2 Init (8)]	Add-Ons: Range Medium (5), Shape Radius 60 ft (13), Duration 2 Combat Rounds (10)	—	• Forces morale checks at G.O.D. discretion. • Does not stack with itself. • Mounts and beasts may panic under the song.	The song convinces warriors their fight is already lost.	—
Funeral Chains	Sorrow	High Master	78	39	Medium (60 ft)	Sphere (60 ft)	2 Combat Rounds + Lingering (2 steps)	All foes in sphere are Restrained, suffer –2 Initiative and –10% to rolls.	Container: Control (2) [Stand Alone: Grapple/Restrain (4), Stand Alone: Debuff –2 Init (8), Stand Alone: Debuff –10% rolls (4), Stand Alone: Anchor/Lock (6)] + Container: AoE (2)	Add-Ons: Range Medium (5), Shape Sphere 60 ft (13), Duration 2 Combat Rounds (10), Lingering (4)	Modifier: Backlash Risk (–5)	• Restrained foes must contest Strength each round. • Chains shriek with despair audible across the battlefield. • Backlash risk: caster suffers –1 Initiative if concentration breaks.	Every chain forged from grief rattles louder than iron.	—
Cataclysm of Grief	Sorrow	Grand Master	104	52	Unlimited	Sphere (180 ft)	5 Combat Rounds + Lingering (3 steps)	All creatures in area suffer –50% accuracy, –5 damage, and –5 Initiative; each round there is a 50% chance to become Stunned for 1 step; additionally, oppressive sorrow imposes Immobilize and Silence (via Control) while the hymn peaks.	Container: AoE (2) [Stand Alone: Debuff –50% (11), Debuff –5 dmg (6), Stand Alone: Decelerate/Slow –5 Init (8)] + Container: Control (2) [Stand Alone: Stun/Daze (6), Stand Alone: Immobilize (6), Stand Alone: Blind/Deaf/Silence (5)]	Add-Ons: Range Unlimited (15), Shape Sphere 180 ft (20), Duration 5 Combat Rounds (25), Lingering (6)	Modifiers: Backlash Risk (–5), Environmental Dependency (–3; only functions outdoors or in spaces with strong echo)	• Morale checks each round at G.O.D. discretion; failures may flee or surrender. • On a broken focus, caster suffers –20% to rolls for 1 hour (narrative collapse). • Animals and mounts panic; fragile objects may rattle and crack. • Aftermath may mark the site as cursed ground (narrative tag).	When the Cataclysm of Grief is sung, even the heavens bow their heads in mourning.	—
Heart’s Whisper	Love	Apprentice	9	5	Touch	Single Target	Instantaneous	Heals 1 HP and removes one minor shaken/fear condition.	Container: Target (1) + Stand Alone: Healing (3) + Stand Alone: Debuff Removal (2)	Add-Ons: Range Touch (2), Duration Instantaneous (1)	None	* Only effective for minor emotional or fear-based debuffs.	Even the faintest note of love can silence fear.	Apprentice: Heal 1 HP + remove minor shaken. Novice+: Could scale to multi-target or AoE.
Bond of Trust	Love	Apprentice	10	5	Touch	Multi-Target (2 allies)	Combat Step	Two allies gain +5% to all rolls for 1 step.	Container: Target (1) + Stand Alone: Buff (+5% = 2)	Add-Ons: Range Touch (2), Multi-Target (3 for 2 allies), Duration Combat Step (2)	None	* Buff is light and fleeting, encouraging timing during a key strike.	Love finds its strength when shared between two.	Apprentice: +5% buff for 2 allies. Novice+: Scales to more allies or longer duration.
Unveiled Affection	Love	Apprentice	9	5	Touch	Single Target	Combat Step	Reveals surface-level emotions; target suffers –5% to resist social influence for 1 step.	Container: Target (1) + Stand Alone: Reveal/Detect (4) + Stand Alone: Debuff (–5% = 2)	Add-Ons: Range Touch (2), Duration Combat Step (2)	Modifier: Concentration (–2)	* Target may resist with Willpower roll at G.O.D. discretion.	Truth of the heart cannot hide when love sings.	Apprentice: Reveal emotions, –5% resist. Novice+: Wider range or multiple targets.
Harmony’s Embrace	Love	Novice	18	9	Short (30 ft)	—	Combat Step	Three allies gain +5% to all rolls and +1 Initiative for 1 step.	Container: Target (1) + Stand Alone: Buff (+5% = 2) + Stand Alone: Accelerate (+1 Init = 4)	Add-Ons: Multi-Target (3 allies = 5) + Range Short (4) + Duration Combat Step (2)	None	* Cannot stack with other initiative buffs. Time it for the key strike.	“When love binds, fear breaks.”	Apprentice: Buff 2 allies briefly. Novice: Buff 3 allies for a step. Master+: Wider groups and stronger bonuses.
Mending Serenade	Love	Novice	16	8	Medium (60 ft)	Radius (10 ft)	Instantaneous	All allies in the radius heal 2 HP.	Container: AoE (2) + Stand Alone: Healing (3 base +2 for extra point = 5)	Add-Ons: Range Medium (5) + Shape Radius 10 ft (3) + Duration Instantaneous (1)	None	* Healing is light, intended for rallying allies mid-fight.	“The melody carries the ache away.”	Apprentice: Heal 1 target lightly. Novice: Heal small group 2 HP. Master+: Larger radius and stronger healing.
Revelation of Hearts	Love	Novice	17	9	Short (30 ft)	Cone (30 ft)	Combat Step	Reveals surface emotions in the cone; affected targets suffer –5% to resist social influence for 1 step.	Container: AoE (2) + Stand Alone: Reveal/Detect (4) + Stand Alone: Debuff (–5% = 2)	Add-Ons: Range Short (4) + Shape Cone 30 ft (3) + Duration Combat Step (2)	None	* G.O.D. may allow contested Willpower to resist.	“Love unveils what fear conceals.”	Apprentice: Reveal single target emotions. Novice: Reveal group cone. Master+: Larger areas, stronger penalties.
Symphony of Devotion	Love	Master	25	13	Medium (60 ft)	Radius (20 ft)	Combat Round	Allies in radius gain +10% to rolls and +2 Initiative for 1 round.	Container: AoE (2) + Stand Alone: Buff (+10% = 3) + Stand Alone: Accelerate (+2 Init = 5)	Add-Ons: Range Medium (5) + Shape Radius 20 ft (5) + Duration Combat Round (5)	None	* Does not stack with other initiative buffs.	Time your push while the chorus holds.	Novice: Buff 3 allies briefly. Master: Buff group for full round. High Master+: Stronger bonuses, larger radii.
Healing Chorus	Love	Master	22	11	Medium (60 ft)	Radius (20 ft)	Instantaneous	Allies in radius heal 4 HP.	Container: AoE (2) + Stand Alone: Healing (3 base + 3×2 = 9)	Add-Ons: Range Medium (5) + Shape Radius 20 ft (5) + Duration Instantaneous (1)	None	* Healing is moderate; cannot exceed target’s normal max HP.	“Each verse carries a thread of life.”	Novice: Heal small group lightly. Master: Heal group 4 HP. High Master+: Stronger healing, wider shapes.
Revelation Aria	Love	Master	23	12	Medium (60 ft)	Radius (20 ft)	Combat Step + Lingering (1 step)	All creatures in radius are revealed emotionally; enemies suffer –10% to resist social influence.	Container: AoE (2) + Stand Alone: Reveal/Detect (4) + Stand Alone: Debuff (–10% = 3)	Add-Ons: Range Medium (5) + Shape Radius 20 ft (5) + Duration Combat Step (2) + Lingering 1 step (2)	None	* G.O.D. may allow Willpower to resist surface reveal.	“Truth echoes louder than silence when sung with love.”	Novice: Reveal group lightly. Master: Reveal larger group with penalties. High Master+: Full battlefield revelations.
Eternal Vow	Love	High Master	56	28	Medium (60 ft)	Radius (40 ft)	3 Combat Rounds	Allies in the zone share damage (first 2 damage per strike is spread evenly); allies gain +15% to rolls; enemies suffer –15% to social influence and cannot impose charm/fear.	Root: Target (1)   → Stand Alone: Debuff (–15% = 5)   → Nested Container: AoE (2)      - Stand Alone: Buff (+15% = 5)      - Stand Alone: Link/Bind (6)   → Nested Container: Control (2)      - Stand Alone: Counter/Cancel (6)	Add-Ons: Range Medium (5), Shape Radius 40 ft (9), Duration 3 Rounds (15)	None	* Damage-sharing capped at 2 points per strike. * Charm/fear immunity ends when spell ends.	Love made vow becomes a shield none can break.	Novice: Buffs few allies. Master: Shared vitality and moderate buffs. High Master: Group damage-link, stronger buffs/debuffs, wide radius and multi-round duration.
Aria of Sacred Union	Love	High Master	53	27	Medium (60 ft)	Cone (90 ft)	2 Rounds + Lingering (3 steps)	Allies in cone gain +3 Initiative and +3 Soak for 2 rounds; enemies reveal surface emotions and suffer –15% to resist social influence; honesty lingers for 3 steps beyond aria.	Root: Target (1)   → Stand Alone: Reveal/Detect (4)   → Stand Alone: Debuff (–15% = 5)   → Nested Container: AoE (2)      - Stand Alone: Accelerate (+3 Init = 7)      - Stand Alone: Buff (+3 Soak = 6)	Add-Ons: Range Medium (5), Shape Cone 90 ft (7), Duration 2 Rounds (10), Lingering 3 steps (6)	None	* Soak bonus applies to both physical and magical damage. * Emotional reveal limited to surface thoughts.	“Love unmasks all and binds all in one breath.”	Novice: Light reveal and buffs. Master: Wider group buffs. High Master: Expanded buffs, stronger debuffs, larger cone, multi-round with lingering honesty.
Concordance of One Heart	Love	Grand Master	124	62	Line of Sight	Radius (60 ft)	Combat Round + Lingering (5 steps)	Allies in the radius gain +20% to all rolls, +3 Initiative, +3 Soak, share 2 damage per strike across the group, and instantly heal 3 HP; enemies in the radius are emotionally revealed, suffer –15% to resist social influence, and are subjected to immobilize/anchor effects; hostile actions may be halted in brief stasis while a spatial pressure field impedes movement.	Root: Target (1) → Stand Alone: Reveal/Detect (4) → Stand Alone: Debuff (–15% = 5) → Nested Container: AoE (2)  - Stand Alone: Buff (+20% = 6)  - Stand Alone: Accelerate (+3 Init = 7)  - Stand Alone: Buff (+3 Soak = 6)  - Stand Alone: Healing (3 HP = 7)  - Stand Alone: Link/Bind (6) → Nested Container: Control (2)  - Stand Alone: Immobilize (6)  - Stand Alone: Anchor/Lock (6)  - Stand Alone: Stun/Daze (6) → Nested Container: Temporal/Spatial (5)  - Stand Alone: Temporal Stasis (6)  - Stand Alone: Spatial Bubble (8)	Add-Ons: Range Line of Sight (10), Shape Radius 60 ft (13), Duration Combat Round (5), Lingering 5 steps (10)	Modifier: Per Success Assignment (3)	• Damage-sharing limited to first 2 damage per strike per ally. • Stasis and control apply to hostile actions at G.O.D. discretion; immunity/resistance may allow contested saves. • Spatial Bubble impedes movement and projectile paths within the zone; does not create a hard wall. • Soak applies to physical and magical sources. • Healing cannot exceed normal maximum HP. • Effects end when the duration expires; lingering represents fading moral and tactical cohesion. • Anti-Blob: primary effects live in AoE; control and temporal effects are nested containers for clarity.	“One heart, many hands—no blade can cut what love has bound.”	Not progressive; iconic apex reverberation reserved for Grand Master bards.
Echo of Unease	Fear	Apprentice	9	5	Short (30 ft)	Single Target	Combat Step	Target suffers –5% penalty to all actions until the step ends.	Container: Target (1) + Stand Alone: Debuff (–5% = 2)	Range: Short (4) + Duration: Combat Step (2)	None	* Built for tight math at Apprentice. * Minor morale effect; GM may allow a brief Courage/Will save to reduce penalty to –2% on strong success.	“A whisper in the dark is louder than any shout.”	None
Shuddering Chord	Fear	Apprentice	9	5	Short (30 ft)	Single Target	Instantaneous	Target is knocked prone.	Container: Control (2) + Stand Alone: Knockdown (4) + Target (1)	Range: Short (4) + Duration: Instant (1)	Environmental Dependency (–3; effect weaker in calm/quiet settings)	* Audible performance required. * On a strong Courage/Will save, target instead suffers –5% to next action (no prone).	“A sudden note can strike harder than any blade.”	None
Lingering Paranoia	Fear	Apprentice	10	5	Melee Reach (5–10 ft)	Single Target	Combat Step	Target suffers –1 Initiative and –5% to rolls for the step.	Container: Target (1) + Stand Alone: Debuff (–5% = 2) + Stand Alone: Decelerate/Slow (–1 Init = 4)	Range: Melee Reach (3) + Duration: Combat Step (2)	Concentration (–2; bard must sustain the unsettling cadence)	* Ends immediately if concentration breaks. * Effects from multiple casts don’t stack; take the worst.	“The shadows aren’t moving… but you are.”	None
Phantom Footfalls	Fear	Novice	20	10	Short (30 ft)	Single Target	Combat Round	Target suffers –10% to all rolls for 1 round; must save or drop held object.	Containers: Target (1) + Control (2); Stand-Alones inside: Debuff (–10% = 3), Disarm (5)	Range: Short (4) + Duration: Combat Round (5)	None	* On a strong Courage save, target resists the disarm but still takes the –10% penalty. * Dropped items fall to ground normally.	“Nothing follows closer than your own fear.”	None
Crushing Dread	Fear	Novice	15	8	Medium (60 ft)	Single Target	Combat Round	Target suffers –1 Strength and –1 Initiative until round ends.	Container: Target (1); Stand-Alones inside: Debuff (–1 STR = 2), Decelerate/Slow (–1 Init = 4)	Range: Medium (5) + Duration: Combat Round (5)	Concentration (–2; bard must sustain mournful tone)	* Multiple castings don’t stack; take the worse penalty. * Ending concentration ends effect.	“The weight you feel isn’t real—yet it crushes you.”	None
Terror Pulse	Fear	Novice	17	9	Short (30 ft)	Radius (10 ft)	Instantaneous	All creatures in radius lose 1 action step; enemies suffer –5% to next roll.	Containers: AoE (2) + Control (2); Stand-Alones inside: Stun/Daze (6), Debuff (–5% = 2)	Shape: Radius 10 ft (3) + Range: Short (4) + Duration: Instant (1)	Environmental Dependency (–3; requires audible space)	* Affects allies and enemies equally unless bard declares focus before casting. * Courage/Will saves may halve penalties at G.O.D. discretion.	“One scream shatters a thousand hearts.”	None
Chains of Dread	Fear	Master	33	17	Medium (60 ft)	Radius (20 ft)	Combat Round + Lingering (1 step)	All enemies in radius must save or become Immobilized; on success, they still suffer –5% rolls until effect ends.	Containers: AoE (2) + Control (2); Stand-Alones inside: Immobilize (6), Debuff (–5% = 2), Illusion/Mask (4)	Shape: Radius 20 ft (5) + Range: Medium (5) + Duration: Combat Round (5) + Lingering (2)	None	* Chains are illusory; true freedom requires a Courage/Will save. * On save, target is not Immobilized but still suffers –5%. * Visual/sound of rattling chains is shared to unsettle allies too.	“Do you feel the chains? They are already there.”	None
Harrowing Dirge	Fear	Master	20	10	Long (120 ft)	Single Target	Combat Round	Target suffers –10% rolls, –1 Strength, and –1 Initiative until round ends.	Container: Target (1); Stand-Alones inside: Debuff (–10% = 3, –1 STR = 2), Decelerate/Slow (–1 Init = 4)	Range: Long (7) + Duration: Combat Round (5)	Concentration (–2; bard must sustain dirge)	* If concentration breaks, all penalties end immediately. * On Courage/Will save, penalties are halved (round down). * Target feels constant aura of despair while under effect.	“The song lingers after the silence.”	None
Phantasmal Host	Fear	Master	32	16	Medium (60 ft)	Sphere (20 ft)	Combat Round	Enemies in sphere suffer –10% accuracy; on failed Courage save, they also lose 1 action step from shock.	Containers: AoE (2) + Control (2); Stand-Alones inside: Debuff (–10% = 3), Stun/Daze (6), Illusion/Mask (4)	Shape: Sphere 20 ft (8) + Range: Medium (5) + Duration: Combat Round (5)	Environmental Dependency (–3; requires audible, open space)	* Illusory host vanishes instantly if bard is silenced. * Allies recognize illusions but may still feel unease. * Multiple illusions from different casters don’t stack penalties.	“Your army is here… and it is not yours.”	None
Cacophony of Nightmares	Fear	High Master	56	28	Medium (60 ft)	Sphere (30 ft)	2 Combat Rounds + Lingering (1 step)	All enemies in sphere must save or be Stunned; even on success, they suffer –15% accuracy and –2 Initiative for the duration; the area’s warped pressure further hampers movement.	Containers: AoE (2) + Control (2) + Temporal/Spatial (5); Stand-Alones inside: Stun/Daze (6), Debuff (–15% = 4), Decelerate/Slow (–2 Init = 5), Illusion/Mask (4), Spatial Bubble (8)	Shape: Sphere 30 ft (8) + Range: Medium (5) + Duration: 2 Combat Rounds (10) + Lingering (1 step = 2)	Backlash Risk (–5; if triggered, bard is Stunned for 1 step)	* Saves negate Stun but not the debuff/slow. * Spatial Bubble makes movement feel heavy and distorted. * Effects apply to enemies; allies feel unease but aren’t penalized unless G.O.D. rules otherwise. * On critical save, reduce penalties by half. * Backlash check occurs when first target resists with a strong success.	“The choir sings, and every voice is your own scream.”	None
Grasp of the Pale Host	Fear	High Master	60	30	Long (120 ft)	Radius (40 ft)	2 Combat Rounds	All creatures in radius must save or be Grappled/Restrained; on failure they also take 4 psychic damage and –10% to all rolls; warped space presses on everyone caught.	Containers: AoE (2) + Control (2) + Temporal/Spatial (5); Stand-Alones inside: Grapple/Restrain (4), Damage (4 = 9), Debuff (–10% = 3), Illusion/Mask (4), Spatial Bubble (8)	Shape: Radius 40 ft (9) + Range: Long (7) + Duration: 2 Combat Rounds (10)	Environmental Dependency (–3; requires shadow or dim light for full effect)	* Psychic damage ignores armor soaks. * On save, target avoids Grapple but still feels the bubble’s pressure (narrative hindrance). * In bright light, illusions loosen their grip (advantage on saves at G.O.D. discretion). * Multiple casts don’t stack; take the worse penalty.	“The pale arms of the forgotten rise to welcome you.”	None
Nightmare Dominion	Fear	Grand Master	93	47	Line of Sight	Sphere (100 ft)	3 Combat Rounds + Lingering (3 steps)	All enemies in sphere must save or be Immobilized; on success they still suffer –20% accuracy and –3 Initiative. Each round they take 8 psychic damage and suffer –3 CON while the domain persists. Illusions manifest as personal nightmares, warping perception and resolve.	Containers: AoE (2) + Control (2) + Temporal/Spatial (5); Stand-Alones inside: Immobilize (6), Debuff (–20% = 5), Decelerate/Slow (–3 Init = 6), Damage (8 = 17), Debuff (–3 CON = 4), Illusion/Mask (4), Spatial Bubble (8)	Shape: Sphere 100 ft (11) + Range: Line of Sight (10) + Duration: 3 Rounds (15) + Lingering (3 steps = 6)	Backlash Risk (–5; if triggered, bard takes 5 psychic damage and –1 Will for 1 step) + Environmental Dependency (–3; requires soundscape/echo)	* Saves negate Immobilize but not the ongoing penalties/damage. * –3 CON is fixed for the duration (G.O.D. may narrate it as draining across the rounds). * Allies inside feel unease; on a save they avoid penalties but may suffer –5% to one roll at G.O.D. discretion. * Spatial Bubble makes movement feel heavy and distorted.	“The world does not end in silence—it ends in fear.”	None
Spark of Wrath	Anger	Apprentice	9	5	Touch	Single Target	Combat Step	Target gains +5% accuracy and +1 damage for 1 step.	Container: Target (1) → Stand-Alone: Buff (+5% rolls = 2) + Buff (+1 damage = 2).	Add-Ons: Range Touch (2), Duration Combat Step (2).	—	Designed as a low-risk combat primer; great prelude before bigger buffs; visible as a faint red pulse in veins.	“The spark that turns restraint into action.”	
Heckle	Anger	Apprentice	8	4	Short (30 ft)	Single Target	Instantaneous	Target suffers –5% accuracy until the end of the current step.	Container: Target (1) → Stand-Alone: Debuff (–5% = 2).	Add-Ons: Range Short (4), Duration Instantaneous (1).	—	No effect on mindless or emotionless targets; narrative taunts encouraged; cannot impose Control without paying Control costs.	“A single word, sharp enough to draw blood without a blade.”	
Ember of Fury	Anger	Apprentice	10	5	Self (10 ft aura)	Radius (10 ft)	Combat Step	Allies within 10 ft gain +1 Initiative for 1 step.	Container: AoE (2) → Stand-Alone: Accelerate/Hasten (+1 Initiative = 4).	Add-Ons: Range Self (1), Shape Radius 10 ft (3), Duration Combat Step (2).	Modifier: Component Requirement (verbal/drumbeat) (–2).	Mandatory audible beat (chant, clap, or drum) to sustain the pulse; quieted or gagged casters cannot use this version.	“The ember glows, and all step quicker to the fight.”	
Stoke the Line	Anger	Novice	20	10	Short (30 ft)	Radius (20 ft)	Combat Round	Allies in area gain +5% to rolls and +1 damage for 1 round.	Containers: AoE (2) → Stand-Alone: Buff (+5% = 2) + Buff (+1 damage = 2).	Add-Ons: Range Short (4); Shape Radius 10 ft (3) + size increase (+2) = 5; Duration Combat Round (5).	—	Novice notes: (1) Affects allies only; (2) Morale bonus does not stack with identical Anger buffs; (3) The chant is audible—silence effects shut it down; (4) Overconfidence risk: G.O.D. may call for Discipline/Will checks if players roleplay recklessness.	“Heat the metal, don’t melt it.”	
Incendiary Rebuke	Anger	Novice	18	9	Medium (60 ft)	Single Target	Combat Round	Target suffers –10% to rolls and –1 Initiative for 1 round.	Container: Target (1) → Stand-Alone: Debuff (–10% = 2 +1 = 3) + Stand-Alone: Decelerate/Slow (–1 Init = 4).	Add-Ons: Range Medium (5); Duration Combat Round (5).	—	Novice notes: (1) Ineffective on mindless targets; (2) If target roleplays goaded fury, G.O.D. may grant them +1 damage on a hit that round; (3) Can break Concentration checks at G.O.D.’s discretion; (4) Does not include Control—no forced actions.	“Let pride do the rest.”	
Sweeping Roar	Anger	Novice	16	8	Self	Cone (30 ft)	Instantaneous	Enemies in a 30-ft cone are pushed 10 ft and must save or be knocked prone.	Containers: AoE (2) + Control (2) → inside Control: Push (3) + Knockdown (4).	Add-Ons: Range Self (1); Shape Cone 30 ft (3); Duration Instantaneous (1).	—	Novice notes: (1) Large or anchored foes may gain advantage to resist; (2) Friendly fire on allies in cone at G.O.D. discretion; (3) Does not move targets beyond terrain barriers; (4) If used near ledges, apply fall rules normally.	“Make space. Take space.”	
Battle Hymn of Fury	Anger	Master	28	14	Medium (60 ft)	Radius (30 ft)	2 Combat Rounds	Allies in area gain +10% accuracy and +2 damage for 2 rounds.	Container: AoE (2) → Stand-Alone: Buff (+10% = 3) + Buff (+2 dmg = 3).	Add-Ons: Range Medium (5); Shape Radius 30 ft (7); Duration 2 Combat Rounds (10).	Modifier: Component Requirement (chant or instrument) (–2).	Morale effect—ineffective on creatures immune to emotional influence. Effects stack with physical buffs but not with other morale-based Anger buffs.	“The hymn beats like war drums in every chest.”	
Vexing Aria	Anger	Master	22	11	Short (30 ft)	Cone (30 ft)	1 Combat Round	Enemies in cone suffer –10% rolls and –2 Initiative for 1 round.	Container: AoE (2) → Stand-Alone: Debuff (–10% = 3) + Stand-Alone: Decelerate/Slow (–2 Init = 5).	Add-Ons: Range Short (4); Shape Cone 30 ft (3); Duration Combat Round (5).	—	Stacks with fear-based debuffs but not with other Anger accuracy debuffs. Sound must be audible.	“A song that replaces thought with fury.”	
Ragequake	Anger	Master	21	11	Self	Sphere (40 ft)	Instantaneous	All creatures in 40 ft must save or be knocked prone; on fail, also pushed 10 ft.	Container: AoE (2) + Control (2) → inside Control: Knockdown (4) + Push (3).	Add-Ons: Range Self (1); Shape Sphere 40 ft (8); Duration Instantaneous (1).	—	Large or flying foes may gain advantage to resist; indoor spaces may collapse fragile objects.	“The ground itself answers my fury.”	
Wrath Unleashed	Anger	High Master	61	31	Long (120 ft)	Sphere (60 ft)	3 Combat Rounds + Lingering (1 step)	Allies in sphere gain +15% to rolls, +3 damage, and +2 Initiative for 3 rounds; Lingering: allies keep +5% for 1 extra step. Enemies in the same sphere suffer –10% to rolls and –2 Initiative for 3 rounds.	Containers: (1) AoE (2) → Buffs: +15% (4), +3 dmg (4), +2 Init (5). (2) Control (2) → inside: Debuff –10% (3) + Decelerate –2 Init (5).	Add-Ons: Range Long (7); Shape Sphere 60 ft (11); Duration 3 Combat Rounds (15) + Lingering 1 step (2).	Modifier: Backlash Risk (–5; at the end of each round the bard saves or loses 1 HP/energy from overexertion).	Allies may roleplay reckless pressure; G.O.D. can call Discipline checks to avoid overcommit. Sound must be audible. Morale bonuses don’t stack with other Anger morale effects.	“The roar that turns fighters into fire—and foes into cinders of doubt.”	
Seismic Fury	Anger	High Master	52	26	Self	Sphere (60 ft)	Instantaneous + Lingering (3 steps)	Enemies in sphere take 9 damage and must save or be knocked prone; on fail also pushed 10 ft. Lingering (3 steps): the area becomes a Spatial Bubble of unstable footing and hostile pressure; enemies in the zone suffer –10% to rolls while it persists.	Containers: AoE (2) + Control (2) → inside Control: Knockdown (4) + Push 10 ft (3) + Debuff –10% (3) + Stand-Alone Damage 9 (3 + 8×2 = 19). + Stand-Alone: Spatial Bubble (8) to create the lingering zone.	Add-Ons: Range Self (1); Shape Sphere 60 ft (11); Duration Instantaneous (1) + Lingering 3 steps (6).	Modifiers: Backlash Risk (–5; caster loses 1 step on a failed save) + Environmental Dependency (–3; reduced effect on solid stone/metal flooring).	Doesn’t move targets through solid barriers; flying/anchored foes may gain advantage to resist control; debris may create difficult terrain at G.O.D. discretion.	“The ground answers with a wrath all its own.”	
Rage Dominion	Anger	Grand Master	121	61	Line of Sight	Sphere (100 ft)	3 Combat Rounds + Lingering (2 steps)	Allies gain +20% rolls, +4 damage, and +3 Initiative for 3 rounds (lingering +5% rolls for 2 extra steps). Enemies suffer –20% rolls and –3 Initiative for 3 rounds. On cast, enemies must save or be Stunned/Dazed for 1 step and may be knocked prone. The zone becomes a Spatial Bubble: movement impeded and temporal stutters may freeze actions.	• AoE (2) → Buff +20% (5), Buff +4 dmg (6), Accelerate +3 Init (6), Debuff –20% (8), Decelerate –3 Init (6). • Control (2) → Stun/Daze (6), Knockdown (4). • Temporal/Spatial (5) → Spatial Bubble (8), Temporal Stasis (6).	Add-Ons: Line of Sight (10), Sphere 100 ft (32), Duration 3 Rounds (15), Lingering 2 steps (4).	Modifiers: Backlash Risk (–5), Per Success Assignment (+3), Component Requirement (–2).	• Grand Master effect; immune/mindless targets may resist morale effects. • Anger morale buffs don’t stack with other Anger sources. • Spatial Bubble creates difficult footing (movement –5 ft). • Temporal Stasis: entering/exiting zone may trigger a save to avoid losing 1 step (1/round). • Flying/anchored foes gain advantage vs. Knockdown; Push limited by terrain. • Casting in magical silence/vacuum fails unless percussion is used. • On Backlash fail, bard also suffers –1 Initiative next step. • Fragile terrain may collapse inside zone.	“The world marches to my fury.”	
Resonant Shiver	Harmonic	Apprentice	10	5	Short (30 ft)	Single Target	Combat Step	Deals 1 damage to object.	Container: Target (1) + Stand Alone: Damage (1 = 3)	Range: Short (4), Duration: Combat Step (2)		• Damage applied directly to object HP. • Fragile materials (glass, pottery, crystal) typically destroyed at G.O.D. discretion. • Audible ringing alerts others nearby.	A note that makes glass surrender and steel remember it can shake.	N/A
Quantum Hum	Harmonic	Apprentice	10	5	Self	Radius (10 ft)	Combat Step	Applies –5% penalty to rolls for 1 step.	Container: AoE (2) + Stand Alone: Debuff (–5% = 2)	Range: Self (1), Shape: Radius 10 ft (3), Duration: Combat Step (2)		• Debuff applies to all creatures in radius, ally or enemy. • Penalty fades once vibrations subside. • Described as a faint “engine-room” resonance.	The hum beneath reality’s skin.	N/A
Tuning Note	Harmonic	Apprentice	9	5	Touch	Single Target	Instantaneous	Heals 1 HP and grants +5% to next roll.	Container: Target (1) + Stand Alone: Healing (1 = 3) + Stand Alone: Buff (+5% = 2)	Range: Touch (2), Duration: Instantaneous (1)		• Healing minor wounds only; cannot restore lost limbs. • Buff applies only to the very next roll. • Requires bard’s direct focus/touch.	A note that realigns body and soul into harmony.	N/A
Harmonic Lattice	Harmonic	Novice	16	8	Self	Radius (10 ft)	Combat Step	Alters movement/pressure within a small zone (difficult movement feel; no damage).	Container: AoE (2) + Stand Alone: Spatial Bubble (8)	Range: Self (1); Shape: Radius (10 ft) (3); Duration: Combat Step (2)	None	• Affects all creatures/objects in the radius equally (ally and enemy). • Counts as an altered-movement zone; G.O.D. adjudicates edge cases (flying, burrowing). • Does not deal damage or apply numerical penalties by itself; it modifies the medium of movement. • Pairs well with ally positioning or choke points.	“Make the air thick and their choices slow.”	N/A
Dissonant Disarm	Harmonic	Novice	12	6	Short (30 ft)	—	Instantaneous	Force the target to drop a held item.	Container: Control (2) + Control: Disarm (5)	Range: Short (30 ft) (4); Duration: Instantaneous (1)	None	• Targets one creature holding a discrete item. • If multiple held items, G.O.D. selects most threatened/active unless specified. • Dropped item falls per normal rules; no damage inflicted by this spell.	“A single wrong note and the sword forgets its purpose.”	N/A
Chord of Coherence	Harmonic	Novice	15	8	Self	Radius (10 ft)	Combat Step	Allies in the radius gain +10% to rolls for 1 step; hidden details/energies are revealed or detected within the same area.	Container: AoE (2) + Stand Alone: Buff (+10% = 3) + Stand Alone: Reveal/Detect (4)	Range: Self (1); Shape: Radius (10 ft) (3); Duration: Combat Step (2)	None	• Buff applies to allies only; Reveal/Detect applies area-wide and is not limited to allies. • G.O.D. defines what “hidden” means in context (sounds, seams, faint auras). • Effects vanish when the tone ends; no lingering numerical bonuses remain. • Combines best with coordinated pushes or trap-spotting.	“Hold the note and watch the world snap into focus.”	N/A
Resonant Shatter	Harmonic	Master	28	14	Medium (60 ft)	Radius (10 ft from target)	Combat Round	Primary object takes 3 sonic damage; fragile nearby objects may shatter.	Container: Target (1) + Stand Alone: Damage (3 dmg = 9) + Nested Container: AoE (2) + Stand Alone: Create/Destroy (basic breakage = 5)	Range: Medium (5); Shape: Radius 10 ft (3); Duration: Combat Round (5)	None	• Primary target is most affected (direct damage). • Fragile items in 10 ft radius may fail at G.O.D. discretion. • Allies’ items safe unless ruled otherwise.	“One note, and the cracks spread from the heart outward.”	N/A
Harmonic Shielding	Harmonic	Master	31	16	Short (30 ft)	Radius (15 ft, centered on ally)	Combat Round	Primary ally gains +2 soak; companions within 15 ft also gain +1 soak.	Container: Target (1) + Stand Alone: Buff (+2 soak = 6) + Nested Container: AoE (2) + Stand Alone: Buff (+1 soak = 2) + Stand Alone: Spatial Bubble (8)	Range: Short (4); Shape: Radius 15 ft (5); Duration: Combat Round (5)	None	• Target ally is anchor; effect diminishes with distance. • Barrier drops if anchor ally is silenced or incapacitated. • Stacks poorly with other soak-based buffs.	“A harmony anchored in one soul, shared with all nearby.”	N/A
Quantum Chorus	Harmonic	Master	32	16	Medium (60 ft)	Sphere (20 ft around target)	Combat Step	Target suffers –2 Initiative; nearby foes –1 Initiative; allies in same sphere gain +1 Initiative.	Container: Control (2) + Control: Decelerate/Slow (–2 Init = 8) + Nested Container: AoE (2) + Stand Alone: Decelerate/Slow (–1 Init = 4) + Stand Alone: Accelerate/Hasten (+1 Init = 4)	Range: Medium (5); Shape: Sphere 20 ft (5); Duration: Combat Step (2)	None	• Primary target staggered hardest; ripple weaker on others. • Allies benefit equally inside zone. • Works only while bard sustains the chorus.	“Voices overlap, and one enemy’s stumble sets the rhythm for all.”	N/A
Fracture of the Infinite	Harmonic	High Master	67	34	Medium (60 ft)	Sphere (30 ft, centered on target)	Combat Round + Lingering (1 step)	Target suffers 10 sonic damage; all objects/creatures within 30 ft suffer 5 sonic damage and fragile materials collapse.	Container: Target (1) + Stand Alone: Damage (10 dmg = 21) + Nested Container: AoE (2) + Stand Alone: Damage (5 dmg = 11) + Stand Alone: Create/Destroy (major collapse = 12)	Range: Medium (5); Shape: Sphere 30 ft (8); Duration: Combat Round (5) + Lingering (2)	None	• Main target takes full brunt of resonance. • Fragile materials in the AoE automatically collapse. • Lingering step continues minor vibration damage (1d2 sonic). • Extremely loud; stealth impossible.	“A crack in the song, and the world sings itself apart.”	N/A
Symphony of Alignment	Harmonic	High Master	52	26	Line of Sight	Sphere (40 ft)	Combat Round + Lingering (1 step)	Allies gain +20% to rolls and +2 Initiative; enemies in zone suffer –20% rolls and –2 Initiative.	Container: Control (2) + Stand Alone: Buff (+20% = 5) + Stand Alone: Accelerate/Hasten (+2 Init = 5) + Nested Container: AoE (2) + Stand Alone: Debuff (–20% = 5) + Stand Alone: Decelerate/Slow (–2 Init = 5)	Range: Line of Sight (10); Shape: Sphere 40 ft (11); Duration: Combat Round (5) + Lingering (2)	None	• Allies and enemies equally affected in same zone. • Buff/debuffs are strong but brief; lingering extends the after-effect one step. • Requires bard to maintain tonal stability; silence cancels effects. • Risk: bard may suffer disorientation after casting (–5% to own rolls for 1 step).	“When all notes align, no motion can escape the song.”	N/A
Quantum Convergence	Harmonic	Grand Master	127	64	Line of Sight	Sphere (60 ft around target)	3 Combat Rounds + Lingering (3 steps)	Primary target takes 15 sonic damage and suffers Immobilize. Enemies within sphere take 8 sonic damage each round and –2 Initiative. Allies within sphere gain +2 Initiative and +10% accuracy. Fragile materials collapse; reality in the zone stutters and detunes.	Container: Target (1) + Stand Alone: Damage (15 dmg = 31) + Control (2) + Stand Alone: Immobilize (6) + Nested Container: AoE (2) + Stand Alone: Damage (8 dmg = 17) + Stand Alone: Decelerate/Slow (–2 Init = 5) + Stand Alone: Accelerate/Hasten (+2 Init = 5) + Stand Alone: Buff (+10% = 3) + Stand Alone: Create/Destroy (major collapse = 12)	Range: Line of Sight (10); Shape: Sphere 60 ft (17); Duration: 3 Combat Rounds (15) + Lingering 3 steps (6)	Backlash Risk (–5; caster risks phase-slip on failure)	• Primary target is the anchor; suffers the brunt (damage + immobilize). • Zone deals ongoing damage and init penalties to enemies each round. • Allies inside gain initiative surge and accuracy. • Fragile matter collapses automatically (G.O.D. adjudicates edge cases). • Backlash: on casting failure the bard phase-slips and loses 1 round of actions. • Zone is audibly/visually impossible; stealth is not feasible. • Overlapping delicate magical effects may collapse or cancel at G.O.D. discretion.	“The song aligns with itself, and the world cannot decide if it should exist.”	N/A
														
														
														
Soul Lock	Death	High Master	84	42	Medium (60 ft)	Cone (30 ft)	Combat Round (5)	Binds multiple foes with spectral chains; restrained targets suffer Immobilize and –2 to all rolls until freed.	Container 1: AoE (2) → Stand Alone: Control (2) → Anchor/Lock (6) + Immobilize (6); Nested Container: Target (1) → Stand Alone: Link/Bind (6, soul tether)	Add-Ons: Range: Medium (5); Shape: Cone (3); Duration: Combat Round (5); Multi-Target (3)	--	• Targets may attempt Resolve checks each step to resist. • Binding ignores armor, striking at soul level. • If caster concentration is broken, chains collapse instantly. • Cannot affect constructs or mindless undead. • May provoke fear in allies witnessing its use.	“Every soul has a chain—you need only find where it rattles.”	--