Primary Attribute	Secondary Attribute	Skill Type	Skill Tier	Skill Name	Parent Skill	Definition
STR	N/A	standard	1	Load-Bearing	N/A	Training in managing physical load across the body. This skill represents refined technique in carrying, hauling, and supporting heavy objects using efficient body posture and breathing control. It serves as the foundation for all advanced feats of strength involving static or mobile weight. Those trained in Load-Bearing are known for unshakable footing and calculated strength application under stress.
STR	N/A	standard	2	Powerlifting	Load-Bearing	Focused on the exertion of maximum strength in short, controlled lifts. Powerlifting emphasizes raw force in foundational lift forms—often with explosive or peak-effort movement. While rooted in personal challenge, it’s frequently used to overcome immovable obstacles or demonstrate sheer might. This skill builds the base for more refined and specialized lifting techniques.
STR	N/A	standard	3	Deadlift Mastery	Powerlifting	The lifter becomes one with the weight—executing a clean, grounded lift with spine-aligned control. This skill reflects perfection in lifting objects directly from the ground, whether for raw strength display or practical heavy hauling. Practitioners can move dead weight with surprising balance and control, avoiding wasted energy or strain. It is the mark of one who knows how to rise with power.
STR	N/A	standard	3	Max Squat	Powerlifting	This skill represents the perfected ability to lower and raise heavy loads using leg and core synergy. Max Squat is used when bearing weight that must be braced, absorbed, and controlled before movement. It symbolizes discipline under strain—knowing how to descend without collapse and rise without panic. Those trained in this skill are anchors in moments when stability is everything.
STR	N/A	standard	3	Clean and Press Pro	Powerlifting	A hybrid of power and control, this skill reflects the lifter’s ability to raise weight in stages and finish with an overhead drive. Clean and Press Pro represents both technical discipline and explosive follow-through. Often used in practical lifting or symbolic acts of victory, it’s a controlled storm of motion. Those who master it carry the mark of precision strength.
STR	N/A	standard	2	Endurance Carry	Load-Bearing	Where Powerlifting is short and explosive, Endurance Carry is slow and relentless. This skill is about bearing weight over time—across distance, terrain, or repeated use. Practitioners know how to pace the body, conserve energy, and lock into a rhythm that carries them far beyond raw strength alone. It’s not a sprint—it’s the will to bear the burden until the job is done.
STR	N/A	standard	3	Long Haul March	Endurance Carry	The art of walking with weight without breaking stride. Long Haul March reflects discipline in posture, footwork, and load adjustment over long distances. It is often trained for migrations, patrols, or missions where there is no relief until the end is earned. The journey isn’t lighter—but you carry it like it is.
STR	N/A	standard	3	Farmers Walk	Endurance Carry	A test of grip, stride, and spinal endurance, Farmers Walk trains the body to move under side-heavy or imbalanced load. This skill allows for controlled walking with weight in each hand—common in rural, industrial, or supply-based roles. It’s functional strength at its core, building patience and resilience through motion. When others drag, you walk like the weight belongs to you.
STR	N/A	standard	3	Pack Shuffle	Endurance Carry	Designed for forward motion under awkward or rear-weighted loads, Pack Shuffle emphasizes adaptability and pace. It is used when carrying full loads across terrain too unstable or narrow for full strides. Practitioners learn how to pivot, rest mid-march, and shift weight subtly with each step. Not fast, not flashy—just unstoppable.
STR	N/A	standard	2	Bulk Transfer	Load-Bearing	A team skill at heart, Bulk Transfer is the art of coordinating with others to move large or cumbersome objects. It focuses on timing, shared effort, and vocal or gesture-based signaling to maintain balance and prevent accidents. This skill is essential in labor, rescue, and construction scenarios where solo strength is not enough. It turns many into one—and weight into movement.
STR	N/A	standard	3	Coordinated Lift Leader	Bulk Transfer	This skill designates the one who commands rhythm and cues during a shared lift. A Coordinated Lift Leader ensures safety and unity across a group haul, adapting to shifting terrain or strain levels on the fly. It’s not just about lifting—it’s about directing energy where it's needed most. Those trained in this role carry both the weight and the team.
STR	N/A	standard	3	Group Weight Rhythm	Bulk Transfer	More than brute effort, this skill teaches attunement to group flow. Practitioners instinctively sync breathing, pace, and movement with others during a shared carry. It reduces shock, tilting, or drift—ensuring smoother motion for everyone involved. In a world where chaos breaks things, rhythm holds it all together.
STR	N/A	standard	3	Shift Weight Control	Bulk Transfer	This skill enables subtle redistribution of weight mid-motion—either to assist a struggling teammate or correct imbalance. Shift Weight Control is used in tight spaces, steep angles, or unstable settings where every pound must be placed with intent. It prevents disaster before it starts. The best practitioners make the hardest jobs look smooth.
STR	N/A	standard	1	Burst Power	N/A	The ability to harness stored strength in a single, high-impact moment. Burst Power is used to deliver rapid, explosive force—whether breaking free from restraints, shoving obstacles, or initiating a powerful strike. It emphasizes controlled detonation of effort, not prolonged application. This skill is the foundation of all techniques where sudden strength must overwhelm resistance.
STR	N/A	standard	2	Door Breach	Burst Power	Training focused on applying concentrated force to barriers, specifically doors, gates, or blockades. Door Breach combines timing, angle, and raw strength to create failure in hinges, locks, or latches. Often used in tactical or emergency situations, it allows entry without finesse—only sheer presence. The goal isn’t subtlety—it’s immediate access.
STR	N/A	standard	3	Ram Charge	Door Breach	A full-body impact designed to displace or disable targets or barriers with brute force. Ram Charge reflects precision in converting speed and mass into a forward strike, often initiated from a short distance. It’s used when there’s no time to slow down and no room for negotiation. Those who master it move like a battering ram in human form.
STR	N/A	standard	3	Hinge Pop	Door Breach	A focused application of pressure designed to disrupt a structural weak point. Hinge Pop is commonly used to remove or dislocate mounted barriers like doors, panels, or trap lids. The technique relies on knowing where to strike—and how to do so with minimum wasted effort. It’s quiet, fast, and devastating when used correctly.
STR	N/A	standard	3	Jam Shear	Door Breach	This skill targets mechanical or structural jams, applying sharp, decisive bursts of strength to shear, snap, or force movement. Jam Shear is used on tools, locked items, stuck panels, or pressure points that resist normal movement. Practitioners know how to shift their force sideways or diagonally for maximum leverage. In short: when it’s stuck, you make it move.
STR	N/A	standard	2	Explosive Sprint	Burst Power	A rapid, strength-driven dash meant to close short distances with overwhelming speed. Explosive Sprint isn’t about endurance—it’s about sudden propulsion. Useful for takedowns, charge openings, or escapes, this skill prioritizes raw thrust and leg drive over form. You don’t run with it—you launch.
STR	N/A	standard	3	Start Dash	Explosive Sprint	This skill perfects the moment when movement begins—the first step, the weight shift, the launch. Start Dash is trained for those who need the edge in reaction-based movement or combat openings. Whether from stillness or a crouch, it delivers instant motion when time is critical. It’s not how fast you run—it’s how fast you leave the ground.
STR	N/A	standard	3	Shoulder Tackle	Explosive Sprint	A kinetic strike using the shoulder to unbalance, topple, or displace a target. Shoulder Tackle converts linear momentum into close-range impact without needing a weapon. It’s used to break lines, burst through crowds, or slam opponents against surfaces. Practitioners are trained to absorb counter-force without losing balance.
STR	N/A	standard	3	Launch Leap	Explosive Sprint	A strength-based leap that emphasizes vertical or directional propulsion from a standing or moving position. Launch Leap is used to cross gaps, gain vertical advantage, or surprise targets with airborne aggression. This is not finesse—it’s the violent arc of controlled strength. Practiced users make jumps others won’t even attempt.
STR	N/A	standard	2	Sledge Impact	Burst Power	Specialization in delivering full-body or tool-assisted strikes with maximum momentum. Sledge Impact is not about speed—it’s about mass meeting motion. This skill is used when breaking through dense material, battering armor, or demolishing cover. It teaches how to brace for recoil and direct force cleanly into a target.
STR	N/A	standard	3	Over The Top Swing	Sledge Impact	A rotational strike or lift involving overhead momentum, often used with tools, beams, or improvised weapons. Over The Top Swing relies on coordinated timing of shoulders, spine, and arms to deliver crushing arcs. It’s used to breach cover, disable targets, or redistribute weight quickly. The swing doesn’t just land—it crashes.
STR	N/A	standard	3	Rebound Control	Sledge Impact	The art of managing reactive force after a strike or impact. Rebound Control is trained to prevent stumbles, drops, or unintended movement following high-force action. It’s especially valuable in confined areas, group lifts, or when wielding heavy tools. Skilled users absorb shock like it was never there.
STR	N/A	standard	3	Impact Follow Through	Sledge Impact	This skill extends momentum beyond initial contact—ensuring that strikes, lifts, or collisions finish with intent. Impact Follow Through prevents energy loss during critical moments, whether driving a ram, delivering a final blow, or throwing weight into a shove. It is not about stopping—it’s about pushing through the end of force.
STR	N/A	standard	1	Material Deformation	N/A	This skill represents the application of strength to reshape, distort, or break solid objects through raw force. Material Deformation is the foundation for feats like bending metal, cracking stone, or crushing containers. Practitioners understand how to apply pressure efficiently to force objects beyond their natural limits. It's a blend of patience, technique, and overwhelming strength.
STR	N/A	standard	2	Metal Bend	Material Deformation	Focused on the distortion of rigid metallic objects using pure physical pressure. Metal Bend is used to warp bars, twist frames, or unfasten hardened pieces without tools. It requires constant pressure applied with precision and awareness of weak points. Those who master it can reshape what others see as permanent.
STR	N/A	standard	3	Iron Rod Twist	Metal Bend	A specialized expression of rotational power applied to long, resistant objects. Iron Rod Twist is used to coil, snap, or spiral rigid rods through torque and grip strength. It is most often performed as a display of control over cold steel or structural materials. To twist iron is to show that resistance is negotiable.
STR	N/A	standard	3	Pry Bar Spread	Metal Bend	This skill focuses on leveraging force outward to split or open firmly locked or sealed spaces. Pry Bar Spread simulates the effect of prying open reinforced objects using nothing but raw arm and shoulder pressure. Practitioners learn to push outward while bracing the body for counterforce. It’s not about finesse—it’s about cracking the uncrackable.
STR	N/A	standard	3	Horshoe Crush	Metal Bend	A feat of compacted grip strength and sheer will, this skill enables the crushing or folding of ring-shaped metals and similar structures. Horseshoe Crush is often trained for performance, intimidation, or demonstration of dominant strength. It's one of the clearest visual signals of total hand control under resistance.
STR	N/A	standard	2	Stone Crack	Material Deformation	Trained application of strength to brittle or dense surfaces with the intent to fracture. Stone Crack is used to test walls, break rocks, or disrupt ancient structures during excavation. It relies on consistent pressure and the ability to sense where the stress lines lie. Power meets patience in this calculated art.
STR	N/A	standard	3	Chisel Strike	Stone Crack	Chisel Strike channels controlled bursts of force through a blunt or sharpened edge, often used to begin separation or weaken structures. It's trained for repeated, targeted impacts where precision and rhythm are more important than raw speed. The wielder becomes the hammer—and the strike becomes the solution.
STR	N/A	standard	3	Wedge Split	Stone Crack	A skill in driving a wedge—or acting as one—through an object to force a split. Wedge Split combines angled pressure with patient, escalating force. Practitioners can drive through beams, bone, or barricade given enough leverage. It’s strength used not to lift, but to divide.
STR	N/A	standard	3	Masonry Fracture	Stone Crack	Mastery of breaking through stonework using repeated strikes or leveraged force. Masonry Fracture is used when precision demolition or breach work is needed without explosives or tools. The character becomes the force that makes the wall fall. It is physical tenacity shaped like a battering mantra.
STR	N/A	standard	2	Press Crush	Material Deformation	The art of compressing objects between two limbs or surfaces with intense, slow pressure. Press Crush is trained to crush containers, armor, or bone through unyielding closing force. It’s as much about control as it is about power—pressing without shaking, destroying without slipping.
STR	N/A	standard	3	Container Crush	Press Crush	A refinement of Press Crush, this skill is focused on breaking enclosed objects such as chests, crates, or canisters. Container Crush is used when access is more important than preservation. The practitioner understands how to break through walls of resistance without needing tools. What’s sealed stays sealed—until you decide otherwise.
STR	N/A	standard	3	Panel Buckle	Press Crush	Specialized in applying force across wide, thin surfaces to cause bending or failure. Panel Buckle is used on gates, vehicle siding, or structural supports where a ripple effect of collapse is required. The user learns how to direct weight, angle, and bracing to fold materials inward or outward.
STR	N/A	standard	3	Vise Clamp	Press Crush	This skill represents the application of body or grip as a locking clamp to hold or crush objects between surfaces. Vise Clamp is used to immobilize, crush, or restrain items or enemies. It is often used in interrogation, restraint, or containment scenarios where escape is unacceptable. You don’t let go—because you are the vice.
STR	N/A	standard	1	Projection	N/A	The art of transferring strength into external motion—throwing, hurling, or launching with force and intent. Projection reflects your ability to shift weight from the body into a moving object. It is the foundation for all physical ranged applications, from tossing tools to throwing enemies. A well-trained throw doesn’t just move—it makes impact matter.
STR	N/A	standard	2	Distance Throw	Projection	This skill focuses on maximizing the range of thrown objects through perfect timing, explosive power, and release angle. Distance Throw is used when covering ground matters more than precision. From launching ropes to lobbing heavy objects, it’s about getting there fast and far. Your arm becomes a catapult.
STR	N/A	standard	3	Hammer Toss	Distance Throw	A rotational throw using core torque and shoulder control to launch a heavy object in a wide arc. Hammer Toss is ideal for weighted weapons, chained tools, or any object requiring spin to fly true. Practitioners understand how to build speed in motion before the final explosive release. The more it whirls, the farther it flies.
STR	N/A	standard	3	Caber Heave	Distance Throw	Based on ancient trials of might, this skill captures the upward-forward launch of tall or awkwardly shaped objects. Caber Heave prioritizes posture, grip shift, and explosive rise from the hips to control tumbling mass. It’s not just about throwing—it’s about launching chaos with intent.
STR	N/A	standard	3	Overhead Fling	Distance Throw	A direct vertical-to-arc throw initiated from above the shoulders. Overhead Fling is ideal when clearing walls, tossing onto roofs, or sending objects over obstacles. It requires stable footing and momentum control to prevent self-injury or loss of direction. Height becomes your weapon.
STR	N/A	standard	2	Accuracy Throw	Projection	This skill hones the ability to hit specific targets or land objects precisely where needed. Accuracy Throw combines strength with line-of-sight calculation, object balance, and fingertip control. It’s trained for delivering payloads, triggering mechanisms, or striking enemies with certainty. Where you aim, it lands.
STR	N/A	standard	3	Pinpoint Drop	Accuracy Throw	A precision throw used for short-range delivery, often from elevation or into confined spaces. Pinpoint Drop allows careful placement of tools, packages, or weight without damage or alert. It blends patience and control—more archery than brute toss. The right hand, at the right angle, at the right time.
STR	N/A	standard	3	Window Thread	Accuracy Throw	A throw trained to slip an object through tight gaps—windows, holes, cages, or between guards. Window Thread relies on posture adjustment, object rotation, and velocity tapering. Practitioners can bypass defenses or deliver aid in ways no other motion allows. It’s finesse cloaked in strength.
STR	N/A	standard	3	Center Mass Lob	Accuracy Throw	A heavy-targeted throw focused on delivering impact at the core of a person or object. Center Mass Lob sacrifices spin and flash for reliable, thudding contact. It’s used to unbalance enemies, knock down constructs, or distract at close-to-mid range. You don’t aim for flair—you aim for the middle and make it hurt.
STR	N/A	standard	2	Arc Control	Projection	Arc Control refines how objects travel after leaving the hand—predicting rise, fall, and curve. Practitioners train to hit moving targets or pass over defenses while adjusting for wind, spin, and weight. It is both science and instinct—throwing not just hard, but smart.
STR	N/A	standard	3	High Lobber	Arc Control	A lofted throw used to reach high platforms, towers, or skyward targets. High Lobber builds on Arc Control by maximizing hang time and vertical reach. Often trained in siege, supply drops, or long-range signaling, this skill ensures the throw crests before it crashes. It’s the art of lobbing upward—and making it count.
STR	N/A	standard	3	Skip Stone Arc	Arc Control	A technique for sending flat or rounded objects in a low, bouncing trajectory across a surface. Skip Stone Arc is trained for distraction, multipoint impact, or water-based delivery. It combines launch angle, spin, and surface reading into one smooth motion. A throw that dances before it hits.
STR	N/A	standard	3	Ricochet Planner	Arc Control	The mastery of bounce and deflection, Ricochet Planner allows throws to hit indirect targets via walls, ceilings, or angled surfaces. This is trick-throw territory—used to bypass shields, blind corners, or create diversions. With enough control, even a miss can become a hit.
STR	N/A	standard	1	Stability & Bracing	N/A	The core skill of rooting one’s body against shifting forces, impact, or uneven terrain. Stability & Bracing trains the use of posture, limb positioning, and muscle control to hold ground under stress. It enables power to be applied without losing footing or direction. Every motion becomes stronger when it begins from stillness.
STR	N/A	standard	2	Recoil Absorption	Stability & Bracing	Recoil Absorption allows the body to endure and redirect force without collapse. It is often used when firing large projectiles, catching heavy impacts, or standing through sudden shifts in pressure. Practitioners are trained to flex at the right joints and angles to dampen force like a living shock absorber. Absorbing doesn’t mean yielding—it means surviving.
STR	N/A	standard	3	Shot Kick Down	Recoil Absorption	This skill focuses on the immediate bracing required to neutralize violent backward kick or snap. Shot Kick Down is essential for wielding massive tools, firing siege weapons, or resisting explosive pressure. Users learn how to plant and drop weight mid-action to stop being moved. You don’t fly back—you lock in.
STR	N/A	standard	3	Blast Brace	Recoil Absorption	Blast Brace trains the body to anchor against forward or outward explosions of energy or debris. It is a reflexive stance taught to minimize displacement and protect vulnerable joints. The user becomes a wall, not a leaf. In the moment of blast, your footing decides who falls.
STR	N/A	standard	3	Force Recoil Mastery	Recoil Absorption	Mastery in the redirection of powerful rebound or blowback into usable counter-force. Force Recoil Mastery turns reaction into weapon—shifting energy from an enemy’s strike into your own return motion. It’s not just resistance—it’s repurposing. True control means nothing is wasted.
STR	N/A	standard	2	Counter-Pull	Stability & Bracing	A skill used when opposing forces threaten to drag or yank the user off balance. Counter-Pull trains grip anchoring, core tension, and offset alignment to resist directional pull. Whether holding onto a rope, a beast, or a collapsing platform—this skill keeps you where you chose to stand.
STR	N/A	standard	3	Tug Of War Anchor	Counter-Pull	This skill is the peak of being the last line in a pull-based challenge. Tug Of War Anchor turns the body into a fixed point, capable of holding against sustained force. Used in rescues, tethers, or contests of might, this technique is all about locking down while the world pulls. You don’t budge—you are the anchor.
STR	N/A	standard	3	Towline Hold	Counter-Pull	Designed for long-duration holds under constant directional strain, Towline Hold trains the body to handle progressive fatigue while maintaining grip and stance. It’s often used in transport, climbing, or rescue when constant force threatens to drag the user out of place. You become a living post—the line holds because you do.
STR	N/A	standard	3	Tension Anchor	Counter-Pull	Tension Anchor allows the user to maintain tension across multiple vectors without buckling. Used in crossbeam suspension, live hauling, or group-based load transfers, it enables precise distribution of pull through the whole frame. The strain is real—but so is your control.
STR	N/A	standard	2	Reactive Balance	Stability & Bracing	Reactive Balance trains the body to recover equilibrium after slips, shoves, or failed footing. It’s not just about preventing a fall—it’s about reclaiming position mid-motion. Practitioners learn how to drop weight, roll tension, or twist joints into new grounding. You may be moved, but you are never down.
STR	N/A	standard	3	Foot Lock Pivot	Reactive Balance	A technique used to pivot or twist under pressure without giving up base stability. Foot Lock Pivot is essential when shifting angles or redirection while bearing weight. It lets the user rotate with purpose—never dragged, never off center. Movement begins in the feet, and ends with control.
STR	N/A	standard	3	Wide Stance Plant	Reactive Balance	This skill widens the body’s base to resist toppling forces, sway, or imbalance. Wide Stance Plant is used when lifting above the head, holding a flank, or enduring environmental resistance. It turns a person into a platform—one that won’t be moved unless it chooses to move.
STR	N/A	standard	3	Dynamic Centering	Reactive Balance	The refined art of maintaining core alignment while in motion. Dynamic Centering ensures strength flows from the spine and hips no matter the action—lift, strike, pivot, or brace. Practitioners seem immune to stagger or sway. It’s not about standing still—it’s about staying centered even while moving.
STR	N/A	standard	1	Grip Mastery	N/A	Grip Mastery is the foundation of strength through the hands—training the muscles, tendons, and nerves for unmatched control. It allows for powerful holds, steady lifts, and secure grips in both calm and chaotic conditions. This skill affects every other form of manipulation, from weapons to climbing to restraint. A firm grasp isn’t just strength—it’s presence.
STR	N/A	standard	2	Crushing Grip	Grip Mastery	A specialization in applying overwhelming force through the hands to crush or disable. Crushing Grip is trained for snapping tools, bending bars, or neutralizing limbs. This is brute power focused into the fingers—meant to immobilize, destroy, or dominate through grip alone. A hold that tightens is a hold that ends things.
STR	N/A	standard	3	Bone Breaker Hold	Crushing Grip	The precision use of grip strength to manipulate joints, tendons, and pressure points for pain, damage, or submission. Bone Breaker Hold isn’t a grapple—it’s a verdict. It allows a fighter to disable or control without weapons, relying entirely on anatomical targeting and merciless grip force. One squeeze, and the struggle stops.
STR	N/A	standard	3	Two Finger Pinch	Crushing Grip	A feat of controlled strength and focus, this skill uses minimal contact—often just two fingers—to manipulate, lift, or restrain. Two Finger Pinch is practiced for traps, tools, delicate switches, or subtle pressure applications. Precision doesn’t mean weakness—sometimes less grip delivers more control.
STR	N/A	standard	3	Grip Burst	Crushing Grip	Grip Burst channels sudden explosive tension through the hands in one violent motion. It’s trained for snapping ropes, breaking restraints, or shocking opponents with unexpected strength. Unlike sustained holds, this is one moment of overwhelming force. When it goes off, it breaks things.
STR	N/A	standard	2	Endurance Grip	Grip Mastery	Endurance Grip trains the ability to maintain holds over long durations or extreme strain. Whether hanging, carrying, or climbing—this skill resists fatigue where others would fail. Practitioners develop layered grip control, shifting stress through muscles and joints like a living winch. You don’t drop until it’s over.
STR	N/A	standard	3	Rope Hang	Endurance Grip	This skill specializes in holding one’s full body weight from ropes, vines, or cables for prolonged time. Rope Hang trains shoulder and core assistance to extend grip duration. It’s used in climbing, suspensions, or descents where release means failure. It’s not just about not falling—it’s about never letting go.
STR	N/A	standard	3	Cliff Cling	Endurance Grip	A climbing-based skill used to maintain a grip on irregular, natural, or shifting surfaces. Cliff Cling focuses on finger placement, micro-adjustment, and breath control. It's not about strength alone—but endurance under strain in impossible angles. Practitioners hang where others slide.
STR	N/A	standard	3	Static Clamp	Endurance Grip	Static Clamp enables the body to freeze in position with unyielding grip for balance, restraint, or stealth. It's used to hold positions mid-climb, mid-lift, or mid-fight—without shifting or revealing motion. A single locked position becomes unshakable. This is the stillness that holds everything together.
STR	N/A	standard	2	Fine Torque	Grip Mastery	Fine Torque is the practice of applying subtle rotational force through the hands for mechanical or precision use. It’s used to twist, tighten, or align objects that require accuracy without over-application of strength. When a bolt must seal, a valve must adjust, or a mechanism must move just enough—this is the tool.
STR	N/A	standard	3	Valve Twist	Fine Torque	Valve Twist specializes in high-resistance rotational force over repetitive motion, especially on stiff or sealed devices. It’s trained for use in ventilation, hydraulics, or large mechanical objects where grip precision meets grunt force. The turn you make might save a life—or flood a chamber.
STR	N/A	standard	3	Fine Gear Tensioning	Fine Torque	A finesse-driven skill for adjusting the balance between tightness and function in gears, pulleys, or small load systems. Fine Gear Tensioning allows manual fine-tuning under pressure. Too loose, and it slips—too tight, and it breaks. This is where hand strength meets mechanic’s instinct.
STR	N/A	standard	3	Tension Locking	Fine Torque	This skill locks ropes, belts, clamps, or braces into a fixed position using tension and counterforce. Tension Locking is used in rapid-load scenarios or when a mechanism must hold despite movement or pull. You set it, tighten it, and make damn sure it doesn’t come loose.
DEX	N/A	standard	1	Agile Movement	N/A	Agile Movement is the foundation of responsive, fluid physical motion. It represents training in footwork, body control, and coordination across changing environments. Practitioners move with grace, adjust quickly, and reduce wasted motion. All advanced mobility techniques begin here.
DEX	N/A	standard	2	Climbing	Agile Movement	Climbing develops the body’s ability to ascend or maneuver vertically using arms, legs, and core alignment. It includes scaling natural surfaces, walls, and architectural structures. Practitioners learn grip discipline, route reading, and momentum control. When others stall, you keep rising.
DEX	N/A	standard	3	Free Ascent	Climbing	This skill focuses on unassisted climbing—without ropes, ladders, or gear. Free Ascent trains the mind and body to commit fully to vertical movement through calculated handholds and precise weight shifts. It’s raw motion against gravity, no safety net. Those who practice it don’t look down.
DEX	N/A	standard	3	Overhang Traverse	Climbing	Overhang Traverse specializes in moving across or beneath suspended surfaces like cave ceilings, ledges, or angled obstacles. It trains lateral weight balance, swing transition, and grip endurance. It’s not enough to climb—you have to hang, shift, and move while suspended.
DEX	N/A	standard	3	Rapid Descent	Climbing	The art of moving downward quickly without losing control or safety. Rapid Descent is trained for rope-free drops, angled slides, or climbing down under pressure. It’s not just falling with style—it’s calculated, committed descent with full-body braking.
DEX	N/A	standard	2	Parkour	Agile Movement	Parkour is the refined art of navigating obstacles through continuous motion. It includes vaulting, leaping, balancing, and redirecting momentum in tight or cluttered spaces. Practitioners view terrain as a pathway, not a barrier. This is speed without pause, motion without break.
DEX	N/A	standard	3	Wall Run	Parkour	Wall Run is the technique of using speed and foot placement to ascend vertical or angled walls briefly. It blends horizontal momentum with upward force to reach surfaces others can’t. This isn’t fantasy—it’s footwork, friction, and fearlessness.
DEX	N/A	standard	3	Gap Vault	Parkour	This skill focuses on transitioning over gaps using arms, legs, and torso in a unified burst. Gap Vault is used to clear fences, ledges, or roof spaces with fluid motion and a clean landing. It’s not about jumping farther—it’s about knowing exactly when and how to leap.
DEX	N/A	standard	3	Precision Landing	Parkour	The ability to land from jumps or falls with minimal noise, shock, or loss of balance. Precision Landing trains foot placement, muscle tension release, and momentum bleed. Whether from rooftop or stairwell, the descent ends where you choose.
DEX	N/A	standard	2	Evasion	Agile Movement	Evasion trains the body to avoid incoming danger through reactive movement. It includes ducking, diving, side-steps, rolls, and dodges—all trained under pressure. It’s not about escaping entirely—it’s about not being hit.
DEX	N/A	standard	3	Combat Roll	Evasion	Combat Roll enables the user to redirect force and reposition while under direct threat. It’s trained to escape grapples, cross short kill zones, or move under obstacles without exposing vital targets. Where others flinch—you flow.
DEX	N/A	standard	3	Quick Duck	Evasion	A reflexive drop of the torso to avoid incoming force or visual detection. Quick Duck is trained to occur within a breath—slipping under blades, limbs, or watchful eyes. Sometimes the best way to win is simply not being where the strike lands.
DEX	N/A	standard	3	Acrobatic Flip	Evasion	A dynamic movement technique that turns evasion into opportunity. Acrobatic Flip includes flips, twists, and spinning recoveries used to reposition, disorient, or escape. While flashy, it is also efficient—redirecting threat momentum into unexpected space.
DEX	N/A	standard	1	Close-Quarters Fundamentals	N/A	This skill represents basic unarmed combat training—stance, guard, and simple strikes. It focuses on staying balanced while moving, keeping hands where they can protect and attack, and reading an opponent’s intent at arm’s reach. Those trained in Close-Quarters Fundamentals don’t flail; every motion has a purpose, even when brawling turns ugly.
DEX	N/A	standard	2	Combat Footwork	Close-Quarters Fundamentals	The art of moving the body before the blow ever lands. Combat Footwork trains step placement, weight shifts, and angles of approach so a fighter is rarely where the enemy expects. Practitioners flow around force instead of meeting it head-on, turning tight spaces into a personal arena.
DEX	N/A	standard	2	Guard Structure	Close-Quarters Fundamentals	This skill refines how the hands, arms, and torso form a living shield. Guard Structure emphasizes efficient blocks, tight guard positions, and quick resets between offense and defense. It keeps the fighter covered without wasting motion—every inch between strike and guard is measured.
DEX	N/A	standard	2	Strike Timing	Close-Quarters Fundamentals	Focused on when to strike rather than just how. Strike Timing trains the ability to read openings, slip between an opponent’s motions, and punish hesitation. Those with this skill make even simple blows land like perfect answers to every mistake.
DEX	N/A	standard	3	Pivot Step	Combat Footwork	This skill refines the spin and turn of the feet to slide around incoming attacks. Pivot Step lets a fighter rotate around a planted foot to change facing, evade linear strikes, or line up an opponent’s blind side without losing balance. It’s the difference between getting hit and simply not being there.
DEX	N/A	standard	3	Off-Line Advance	Combat Footwork	Instead of charging straight in, this skill teaches angled steps that slip past the center of an enemy’s attack. Off-Line Advance lets a fighter close distance while drifting to safer lines, setting up flanks, throws, or counters. It feels like walking sideways through danger and coming out ahead.
DEX	N/A	standard	3	Retreat & Re-Entry	Combat Footwork	The practiced dance of yielding ground without ceding control. Retreat & Re-Entry focuses on controlled backsteps, quick guard checks, and sudden surges back into range. When done well, an opponent thinks you’re fleeing—right up until you’re already in their space again.
DEX	N/A	standard	3	High–Low Guard Shift	Guard Structure	This skill trains rapid changes between protecting the head, torso, and legs. High–Low Guard Shift minimizes gaps when an opponent mixes levels—hooks, body shots, sweeps, and knees. Practitioners learn to flow their guard instead of chasing each strike.
DEX	N/A	standard	3	Deflecting Blocks	Guard Structure	Rather than meeting blows head-on, Deflecting Blocks guides strikes away with small angled motions. This reduces impact, opens counter-lines, and keeps the fighter’s frame intact over long exchanges. The best users make heavy hits slide off like they were never meant to land.
DEX	N/A	standard	3	Clinch Entry	Guard Structure	Clinch Entry teaches how to close into gripping range without eating a clean strike. It focuses on hand-checks, arm ties, and head position that smother an opponent’s offense. Once inside, the fighter can hold, turn, or feed the foe into a wall, ally, or the ground.
DEX	N/A	standard	3	Feint & Draw	Strike Timing	This skill turns deception into a weapon. Feint & Draw teaches subtle false openings and half-committed strikes that provoke a reaction, exposing the real target. It’s a patient art—bait the mistake, then punish it.
DEX	N/A	standard	3	Interrupting Jab	Strike Timing	Focused on quick, sharp strikes that break an opponent’s rhythm before they can commit. Interrupting Jab tags advancing foes, spoils wind-ups, and resets their confidence. It doesn’t need to be powerful—just perfectly placed and perfectly timed.
DEX	N/A	standard	3	Follow-Through Chain	Strike Timing	This skill trains linking blows together so that one hit naturally feeds the next. Follow-Through Chain reduces wasted recovery, allowing a fighter to flood an opening with controlled strikes. It’s not wild flurrying—it’s a planned cascade that ends the moment the job is done.
DEX	N/A	standard	1	Stealth	N/A	Stealth is the core practice of remaining unseen, unheard, and unnoticed in hostile or sensitive environments. It encompasses posture, breath, balance, and awareness of surroundings. Practitioners know when to move—and more importantly, when not to. True stealth is presence reduced to shadow.
DEX	N/A	standard	2	Silent Movement	Stealth	Silent Movement is the art of traversing space without producing sound. It trains weight distribution, footfall placement, and ambient noise masking. Whether indoors, outdoors, or across unstable terrain, your steps leave no echo. Sound is a footprint—you leave none.
DEX	N/A	standard	3	Soft Footfall	Silent Movement	This skill sharpens the physical discipline of minimizing noise with every step. Soft Footfall is essential for close-quarter infiltration, stalking, or movement on fragile surfaces. It’s not just about going quiet—it’s about being unheard even in total silence.
DEX	N/A	standard	3	Breath Controll	Silent Movement	Controlled Breathing trains respiratory rhythm and tension release to eliminate telltale signs of stress or activity. Used during ambush, waiting, or hiding in plain sight, this skill can slow pulse, suppress noise, and steady the mind. You vanish not just from sight—but from sound itself.
DEX	N/A	standard	3	Surface Blend	Silent Movement	A technique of syncing motion with surface type—carpet, stone, leaves, or sand—so that no step is out of place. Surface Blend teaches foot angle, pace, and pressure unique to each environment. The world becomes your cloak—walk like you belong.
DEX	N/A	standard	2	Shadowing	Stealth	Shadowing allows a person to follow or observe another without detection. It trains distance management, cover use, timing, and sightline control. This is not stalking with intent—it’s watching without being seen. To follow well is to disappear just behind the edge of perception.
DEX	N/A	standard	3	Trail Target	Shadowing	A skill used to maintain consistent proximity to a moving subject without exposing yourself. Trail Target accounts for speed, path prediction, and obstacle negotiation. Practitioners remain close enough to observe—yet always just far enough not to be noticed.
DEX	N/A	standard	3	Blind Spot Ride	Shadowing	This technique exploits a target’s natural visual and awareness blind spots—rear arcs, shoulder zones, and mental gaps. Blind Spot Ride allows extended tailing even in open or bright environments. It’s not invisibility—it’s perfect placement in human ignorance.
DEX	N/A	standard	3	Predictive Cut Off	Shadowing	Predictive Cut Off allows a stealth user to move ahead of a target by anticipating their path. It’s used to intercept, ambush, or observe from in front rather than behind. This skill turns passive trailing into silent chess. The target never saw you—yet you’re already there.
DEX	N/A	standard	2	Concealment	Stealth	Concealment is the trained act of remaining unseen in open or limited-cover environments. It teaches body placement, environmental usage, and stillness discipline. Whether behind a curtain, within a bush, or beneath a bench, you’re not invisible—but you might as well be.
DEX	N/A	standard	3	Camouflage	Concealment	Camouflage enhances concealment by using clothing, materials, or environment blending to break visual recognition. Practiced users can vanish even when technically visible. Shadows, mud, leaves, dust—it all becomes part of the cloak. It’s not trickery—it’s total immersion.
DEX	N/A	standard	3	Static Hide	Concealment	This skill teaches how to hold a hidden position for extended periods without fidgeting, revealing breath, or giving away body cues. Static Hide is trained for stakeouts, ambush, or surviving sweeps. The body becomes part of the environment—waiting, watching, and undetected.
DEX	N/A	standard	3	Environment Meld	Concealment	Environment Meld combines movement, material use, and posture to dissolve into the scene—trees, rocks, walls, even furniture. It is both instinct and calculation, requiring moment-to-moment adaptation to the space. You don’t hide in the environment. You become it.
DEX	N/A	standard	1	Melee Weaponry	N/A	The foundational skill of handling close-range weapons with precision, fluidity, and awareness. Melee Weaponry includes slashes, thrusts, counters, and footwork coordination. It's not about strength alone—it's about timing, angle, and body control. This is where blades and fists become extensions of the will.
DEX	N/A	standard	2	Bladed Weapons	Melee Weaponry	A specialization in edged tools—knives, swords, axes, or exotic blades. Bladed Weapons emphasizes cutting lines, recovery angles, and targeting vulnerable points. Practitioners move with grace, minimizing wasted energy and maximizing threat. Each edge becomes a message—sharp, fast, and final.
DEX	N/A	standard	3	Edge Flow	Bladed Weapons	This skill teaches continuous motion with a blade—linking strikes, blocks, and transitions into an unbroken dance. Edge Flow ensures that the blade never stops moving, forcing opponents to react or retreat. It's not just attacking—it's painting with steel.
DEX	N/A	standard	3	Precision Thrust	Bladed Weapons	Precision Thrust refines the art of controlled piercing strikes. Used to bypass armor gaps, strike vital zones, or end fights cleanly, this skill is all about point control and depth. The thrust isn’t wild—it’s surgical.
DEX	N/A	standard	3	Parry Riposte	Bladed Weapons	This skill trains the instant reversal of momentum—deflecting an attack and immediately countering. Parry Riposte requires nerve, timing, and perfect understanding of distance. When used properly, it punishes aggression with elegance.
DEX	N/A	standard	2	Blunt Weapons	Melee Weaponry	A focus on impact-based weapons like clubs, hammers, and maces. Blunt Weapons favors force redirection, shock generation, and tempo control. It's not about slicing—it's about overwhelming. The user doesn’t cut—they crack.
DEX	N/A	standard	3	Crushing Swing	Blunt Weapons	Crushing Swing channels full-body force into a downward or sweeping blow. It’s used to break armor, stun enemies, or destroy cover. Practitioners time their swing not just for power—but for rhythm. Each impact lands like punctuation.
DEX	N/A	standard	3	Momentum Transfer	Blunt Weapons	This skill teaches how to absorb impact and convert it into movement—spinning, repositioning, or chaining into a follow-up strike. Momentum Transfer turns defense into offense and recoil into rhythm. It’s not about stopping—it’s about continuing.
DEX	N/A	standard	3	Guard Break	Blunt Weapons	Guard Break is the practiced ability to force through an enemy’s defense using well-placed strikes and mechanical leverage. It's used to open up shields, stagger stances, or interrupt blocking rhythms. If the wall won’t move, you make it crumble.
DEX	N/A	standard	2	Dual Wield	Melee Weaponry	Dual Wield trains coordination between dominant and off-hand weapons. It includes timing, mirrored motion, and weapon balancing. The goal is harmony, not chaos—two blades, one will. True dual wielders don’t alternate—they operate as one.
DEX	N/A	standard	3	Cross Slash	Dual Wield	This technique links weapons in crisscrossing strikes—creating layered pressure and forcing misdirection. Cross Slash is fast, deceptive, and hard to block fully. It’s a rhythm that overwhelms defenses and breaks through timing.
DEX	N/A	standard	3	Off Hand Block	Dual Wield	Off Hand Block uses the secondary weapon defensively—intercepting attacks, creating openings, and resetting rhythm. It reduces dependency on full-body dodges and keeps the user upright in tight engagements. Sometimes it’s not about the weapon—it’s about the window it creates.
DEX	N/A	standard	3	Flow Transition	Dual Wield	Flow Transition is the art of swapping roles between main and off-hand seamlessly during combat. It allows constant unpredictability and opens new strike paths as stance shifts mid-motion. A true practitioner fights as if every angle is home.
DEX	N/A	standard	1	Precision Ranged	N/A	The foundational discipline of targeting with distance weapons using control, timing, and keen awareness. Precision Ranged isn’t about firepower—it’s about placement. It trains hand-eye coordination, breath management, and muscle memory. From bow to blade, the shot lands where you intend it.
DEX	N/A	standard	2	Bow Mastery	Precision Ranged	This skill reflects refined handling of bows—short, long, or composite. Bow Mastery covers draw control, stance discipline, and recovery timing. It’s trained for repeated, accurate shots under pressure. The bow becomes silent intent in motion.
DEX	N/A	standard	3	Quick Nock	Bow Mastery	Quick Nock focuses on rapid arrow placement and release without sacrificing aim. It’s the difference between one shot and three before the enemy reacts. Practitioners rely on rhythm, grip flow, and draw-line memory to maintain speed without sloppiness.
DEX	N/A	standard	3	Long Draw	Bow Mastery	Long Draw trains deep pull and full extension for maximum arrow power and stability. It’s not about raw distance—it’s about tension control and consistent release. The arrow doesn’t fly—it commits.
DEX	N/A	standard	3	Wind Guage	Bow Mastery	Wind Guage allows the user to adjust aim dynamically based on wind patterns, terrain drafts, and movement. It’s both environmental awareness and instinctive calculation. A practiced archer doesn’t fight the wind—they use it.
DEX	N/A	standard	2	Crossbow Mastery	Precision Ranged	Crossbow Mastery focuses on loading, aiming, and firing precision-based mechanical ranged weapons. It trains brace timing, latch familiarity, and recovery stance. A crossbow doesn’t just fire—it commits with finality.
DEX	N/A	standard	3	Fast Crank	Crossbow Mastery	Fast Crank enables the user to reload or reset the bowstring mechanism quickly—even in pressured environments. It blends tool familiarity with body leverage. The quicker it resets, the quicker you remain in control.
DEX	N/A	standard	3	Precision Latch	Crossbow Mastery	This skill refines the cocking and locking of the string so that release is smooth, silent, and repeatable. Precision Latch eliminates weapon wobble or mechanical error before the shot. Every bolt loosed feels deliberate—like pulling a trigger with no click.
DEX	N/A	standard	3	Silent Release	Crossbow Mastery	Silent Release trains the ability to fire without sound—from the creak of string to the sigh of breath. It is used in ambush, assassination, or animal hunting scenarios. There is no warning. Just a body falling quietly.
DEX	N/A	standard	2	Thrown Weapons	Precision Ranged	Thrown Weapons emphasizes accuracy, rotation, and impact force with hand-thrown objects—knives, axes, darts, or custom tools. This skill covers angle judG.O.Dent, spin correction, and release timing. A true practitioner throws not to threaten—but to end things.
DEX	N/A	standard	3	Spin Control	Thrown Weapons	Spin Control refines how an object rotates mid-air—ensuring tip-first impact and consistent landing. It’s especially vital with knives, spikes, or any weapon affected by trajectory drift. Throwing is easy. Landing true takes mastery.
DEX	N/A	standard	3	Ricochet Throw	Thrown Weapons	This skill allows a user to bounce thrown weapons off hard surfaces to strike indirect targets or disorient. Ricochet Throw blends arc memory, rebound angle, and force balancing. Walls don’t block your shot—they just give you a second chance to hit.
DEX	N/A	standard	3	Multiple Throw	Thrown Weapons	Multiple Throw trains the user to release two or more weapons in rapid sequence or simultaneously. Used for crowd control, shock entry, or layered targeting, it’s about overwhelming before they react. One hand throws. The other finishes.
DEX	N/A	standard	1	Fine Manipulation	N/A	The base skill of detailed, controlled hand work—whether for theft, repair, or delicate operation. Fine Manipulation covers steady fingers, touch awareness, and micro-movement discipline. It’s not just nimbleness—it’s mastery over the tiny and precise.
DEX	N/A	standard	2	Sleight-of-Hand	Fine Manipulation	Sleight-of-Hand trains the ability to misdirect, conceal, or switch objects in plain view. Often used for theft, escape artistry, or stage deception, it relies on fluidity and confidence. What the eye sees is not what the hand holds.
DEX	N/A	standard	3	Palming	Sleight-of-Hand	Palming is the art of hiding small objects in the hand without detection. Practiced users can carry coins, tools, or keys undetected—transitioning them in and out of sight seamlessly. It’s not magic—it’s muscle memory and misdirection.
DEX	N/A	standard	3	Quick Switch	Sleight-of-Hand	This skill focuses on the ability to replace or exchange one item for another rapidly and undetectably. Quick Switch is used in thievery, sabotage, or infiltration where a moment of confusion can shift power. The move is fast—but the setup is everything.
DEX	N/A	standard	3	Pick Pockets	Sleight-of-Hand	Pick Pockets is the classic skill of removing items from a person’s clothing or gear without them noticing. It trains contact softening, body timing, and approach angle. It’s not about luck—it’s practiced pressure and exit speed.
DEX	N/A	standard	2	Lock Bypass	Fine Manipulation	Lock Bypass trains the use of tension, feel, and tool work to open sealed containers without keys. It emphasizes timing, tactile awareness, and a mental model of lock construction. When done well, the lock never even knows it was opened.
DEX	N/A	standard	3	Pin Setting	Lock Bypass	Pin Setting focuses on single-pin manipulation to open complex locks with precision. It’s used when speed must be sacrificed for certainty. The user feels each click and knows when it’s real. This is lockpicking as meditation.
DEX	N/A	standard	3	Rake Technique	Lock Bypass	A faster, more aggressive method of picking where multiple pins are disturbed simultaneously. Rake Technique is trained for quick jobs, low-quality locks, or high-pressure breaches. It’s speed over subtlety—a gamble that often pays.
DEX	N/A	standard	3	Bypass Tooling	Lock Bypass	This skill allows use of custom tools—shims, bump keys, magnet rigs—to override lock mechanisms creatively. Bypass Tooling expands the possibilities beyond just pins, including latches, tumblers, and levers. It's innovation over tradition.
DEX	N/A	standard	2	Precision Tinkering	Fine Manipulation	Precision Tinkering trains work on miniature or delicate mechanical systems. From clocks to traps to field repairs, it blends analysis and craftsmanship. Your hands don’t guess—they understand.
DEX	N/A	standard	3	Micro Gear Work	Precision Tinkering	This skill focuses on adjusting tiny gears and mechanisms by hand or with tools. Used for watches, timers, or intricate devices, Micro Gear Work demands steady nerves and patient rhythm. Each twist could be success—or disaster.
DEX	N/A	standard	3	Delicate Solder	Precision Tinkering	Delicate Solder is the use of heat, metal, and timing to bind miniature parts without damage. It's used for circuit repair, jewelry, or microscopic enhancements. Too hot, and it warps. Too slow, and it fails. Mastery means perfect melt.
DEX	N/A	standard	3	Spring Read	Precision Tinkering	A specialized skill for interpreting spring tension, trigger mechanisms, and timing systems within devices. Spring Read allows you to predict when something will snap, pop, or break sequence. It’s the difference between disabling a trap—and setting it off.
DEX	N/A	standard	1	Vehicle Operation	N/A	This is the core skill of physically controlling mounts, vehicles, and mobile platforms. Vehicle Operation includes handling speed, turns, and terrain while maintaining balance and awareness. It's not about driving—it’s about piloting your environment.
DEX	N/A	standard	2	Mounted Travel	Vehicle Operation	Mounted Travel focuses on controlling animals or rides under motion—horses, beasts, or riding platforms. It trains posture alignment, rhythm sync, and directional command. When you ride, you become part of the motion.
DEX	N/A	standard	3	Balance Recovery	Mounted Travel	This skill trains the ability to recover control during a stumble, buck, or sudden directional shift while mounted. Balance Recovery uses body correction, footwork, and grip adjustment to stay on without falling. One misstep doesn’t throw you—you reset and ride on.
DEX	N/A	standard	3	Rapid Mount/Dismount	Mounted Travel	Rapid Mount/Dismount allows quick, practiced transitions onto or off of a mount—under pressure, mid-motion, or in combat. It’s about using momentum rather than wasting it. You're in the saddle before the enemy even realizes you moved.
DEX	N/A	standard	3	Terrain Sprint	Mounted Travel	Terrain Sprint refines high-speed mounted movement across uneven or shifting ground. It’s trained for dashes across battlefields, ravines, or city rubble. You don’t just charge—you thread the wild.
DEX	N/A	standard	2	Land Navigation	Vehicle Operation	Land Navigation trains control of land-based vehicles in both predictable and chaotic terrain. It includes steering correction, acceleration judG.O.Dent, and route flow. Whether wagon or wheeled machine, it keeps motion under your hands.
DEX	N/A	standard	3	Rough Terrain Control	Land Navigation	This skill enables the user to maintain vehicle control on jagged, muddy, or obstacle-filled land. Rough Terrain Control includes bounce compensation, wheel angle adaptation, and friction awareness. When the road disappears, you still drive.
DEX	N/A	standard	3	Drift / Slide Mastery	Land Navigation	Drift / Slide Mastery allows the controlled loss and regain of traction for tight turns, sudden stops, or show-of-force movement. It trains throttle balance, weight shift, and tire read. Chaos becomes choreography.
DEX	N/A	standard	3	Reverse Maneuvering	Land Navigation	This skill trains spatial awareness and counter-steering while moving backward or sideways. Reverse Maneuvering is vital in tight spaces, retreats, or repositioning without a full turn. You don’t need to face forward to stay in control.
DEX	N/A	standard	2	Water & Air Travel	Vehicle Operation	Water & Air Travel teaches basic handling of vessels that float, glide, or fly. It includes current resistance, wind adaptation, and non-ground-based navigation. Movement no longer relies on wheels—it relies on reading the flow.
DEX	N/A	standard	3	Glide Path Control	Water & Air Travel	Glide Path Control trains the use of lift, descent, and drag to manage air or water trajectory. It’s used for gliders, wingsuits, or lightweight vessels. Smoothness is everything—you don’t drop, you descend.
DEX	N/A	standard	3	Rapid Launch	Water & Air Travel	This skill enables fast takeoff or push-off from a dock, ledge, or ramp. Rapid Launch is trained to use timing and space without collision or stall. In moments where speed saves lives, you’re already airborne.
DEX	N/A	standard	3	Gust Correction	Water & Air Travel	Gust Correction refines how a user adjusts trajectory when wind or wave forces act unexpectedly. It involves tension read, correction input, and tilt timing. Storms don’t stop you—they challenge you to stay smooth.
DEX	N/A	standard	1	Reactive Defense	N/A	Reactive Defense is the core skill of avoiding, deflecting, or absorbing attacks in real-time through trained motion. It emphasizes timing, body control, and spatial judG.O.Dent. Practitioners don’t just block—they vanish from danger’s path. This is defense that moves.
DEX	N/A	standard	2	Dodge Mastery	Reactive Defense	Dodge Mastery refines the act of narrowly escaping attacks without leaving combat posture. It includes sidesteps, pivots, and slips executed at just the right moment. It’s not about retreat—it’s about repositioning while staying lethal.
DEX	N/A	standard	3	Evade Burst	Dodge Mastery	This skill allows a sudden, high-speed motion in any direction to escape a strike zone or trap. Evade Burst combines explosive leg power with instinctual timing. One instant, you’re there. The next, you’re gone.
DEX	N/A	standard	3	Slip Step	Dodge Mastery	A subtle, minimal-movement dodge that shifts the body just enough to avoid impact. Slip Step is trained for tight quarters, multi-attacker engagements, or when retreat isn’t possible. It’s a whisper of motion that changes everything.
DEX	N/A	standard	3	Split Second Shift	Dodge Mastery	This skill heightens reaction to the extreme—allowing dodges at the very edge of threat contact. Split Second Shift requires trust in instinct and training beyond thought. It’s not a plan—it’s survival triggered by a breath.
DEX	N/A	standard	2	Deflect / Parry	Reactive Defense	Deflect / Parry turns incoming strikes aside rather than absorbing or dodging them. It requires timing, angle, and a calm read of motion. This is redirection, not resistance. When done well, it looks like the blow never arrived.
DEX	N/A	standard	3	Weapon Redirect	Deflect / Parry	A trained technique to guide an attacker’s weapon away from the body using one’s own blade, staff, or tool. Weapon Redirect breaks momentum and control without full blocking. The strike lands—but never where it meant to.
DEX	N/A	standard	3	Hand Redirect	Deflect / Parry	This skill allows the user to deflect strikes with empty hands—pushing aside blades, fists, or projectiles with fingers, palms, or forearms. Hand Redirect is about flow, not force. You don’t stop the strike—you guide it somewhere else.
DEX	N/A	standard	3	Momentum Capture	Deflect / Parry	Momentum Capture uses an enemy’s own motion to reposition them—guiding their force into a stumble, roll, or counter. It’s trained to turn attacks into opportunities without striking back. The greater their power, the more they lose control.
DEX	N/A	standard	2	Roll & Recovery	Reactive Defense	Roll & Recovery focuses on converting falling, being thrown, or losing balance into motion that resets position. It trains the user to hit the ground in control—and rise again before the enemy adjusts. You don’t fall—you flow.
DEX	N/A	standard	3	Break Fall	Roll & Recovery	Break Fall teaches how to absorb impact during a fall to avoid injury or loss of momentum. It’s used in combat, travel, or acrobatics where landing wrong ends things fast. Hit the ground—but never break on it.
DEX	N/A	standard	3	Tumbling Egress	Roll & Recovery	This skill enables the user to roll out of grapples, tight spaces, or chaotic zones without exposing vulnerable areas. Tumbling Egress is trained for fluid escapes and fast re-engagement. You leave danger like wind leaves flame—fast, low, silent.
DEX	N/A	standard	3	Spring Up	Roll & Recovery	Spring Up allows a character to rise from prone or fallen position instantly—often mid-motion. It’s a blend of timing, spine alignment, and muscle sync. You don’t get back up—you launch up.
DEX	N/A	standard	1	Aerial Operation	N/A	Aerial Operation is the discipline of navigating, maneuvering, and maintaining control while suspended or moving above ground. It includes jumping, swinging, gliding, falling, and landing safely or tactically. This isn’t just motion—it’s gravity turned into a tool.
DEX	N/A	standard	2	Aerial Balance	Aerial Operation	Aerial Balance trains the body to remain upright, stable, and reactive while in the air or on narrow, unstable footing. It includes micro-adjustments, posture shifts, and wind response. The sky doesn’t forgive imbalance—you become your own anchor.
DEX	N/A	standard	3	Ledge Cling Transition	Aerial Balance	This skill allows for hanging from a ledge or grip point and transitioning fluidly to climb, swing, or drop. It’s trained for both stealth and emergency movement. You're not just holding on—you’re choosing when and how to move.
DEX	N/A	standard	3	Rope Tension Walk	Aerial Balance	Rope Tension Walk refines movement across tensioned lines—ropes, cables, or narrow beams. It trains center alignment, pace, and wind adjustment. You don’t balance like a dancer—you balance like your life depends on it.
DEX	N/A	standard	3	Wind Balance Recovery	Aerial Balance	Wind Balance Recovery is the reflexive ability to regain control mid-air or on platforms buffeted by gusts or turbulence. It’s used on airships, cliffs, or during long jumps. The wind pushes—you respond without panic, without pause.
DEX	N/A	standard	2	Lift and Drop	Aerial Operation	Lift and Drop is the study of vertical movement—climbing, dropping, hoisting, or rappelling. It trains rope use, friction control, and jump-drop technique. This is not falling—it’s descending with intention.
DEX	N/A	standard	3	Anchor Descent	Lift and Drop	Anchor Descent focuses on controlled rope or tether-based lowering, especially from dangerous heights. It includes grip cycling, angle awareness, and surface response. You don’t let go of the rope—the rope lets you down when you decide.
DEX	N/A	standard	3	Midair Brake	Lift and Drop	This skill allows the user to slow or redirect motion while airborne using limbs, body tension, or tools. Midair Brake is used to hit smaller targets, avoid collisions, or control descent speed. The fall may be fast, but you land like it never was.
DEX	N/A	standard	3	Controlled Landing	Lift and Drop	Controlled Landing refines how one hits the ground—absorbing force, minimizing injury, and staying ready. It’s used from drops, leaps, or even forced throws. You don’t crash—you arrive.
DEX	N/A	standard	2	Free Movement	Aerial Operation	Free Movement trains mid-air directional control—swinging, leaping, twisting, or shifting during jumps or glides. It’s motion within motion. Gravity doesn’t own you—you negotiate with it.
DEX	N/A	standard	3	Swing Arc Control	Free Movement	This skill teaches how to manipulate swing arcs for length, height, and timing. It’s trained on ropes, bars, vines, or hooks. Practitioners can redirect, increase, or kill momentum at will. When you swing, it’s not just to move—it’s to position.
DEX	N/A	standard	3	Leap Redirection	Free Movement	Leap Redirection is the skill of changing trajectory mid-jump using body twist, terrain contact, or obstacles. It’s used to evade mid-air, reach platforms, or fake direction. You launch once—but you land where they didn’t expect.
DEX	N/A	standard	3	Glider Pivot	Free Movement	This technique controls the shift of direction, tilt, or roll in gliding devices like wingsuits, magical cloaks, or paragliders. It trains airflow reading and body torque. You don’t drift in the air—you steer it.
DEX	N/A	standard	1	Rigging & Ropework	N/A	The foundation of working with ropes, cords, and suspension systems. Rigging & Ropework covers tying, securing, and anchoring through technique and tension. It’s more than knots—it’s control over movement, load, and survival.
DEX	N/A	standard	2	Knot Mastery	Rigging & Ropework	Knot Mastery refines the tying of secure, purpose-driven knots under pressure or in motion. From harnesses to bindings, each knot has intent. Practitioners tie with speed, accuracy, and muscle memory.
DEX	N/A	standard	3	Rapid Tie	Knot Mastery	This skill enables fast creation of strong knots using minimal movement. It’s trained for rescue, capture, or setup in urgent situations. Your hands tie faster than most can react.
DEX	N/A	standard	3	Escape Knot	Knot Mastery	Escape Knot teaches how to tie or recognize knots that can be undone from tension or specific motion. It’s used for stealth, survival, or illusion. Bound doesn’t mean trapped.
DEX	N/A	standard	3	Hidden Knot	Knot Mastery	This technique conceals knots within fabric folds, shadows, or other bindings. Hidden Knot makes restraints, traps, or tricks harder to detect or disable. A knot unseen is a knot unbeaten.
DEX	N/A	standard	2	Rappelling	Rigging & Ropework	Rappelling focuses on controlled descent using rope, anchors, and body positioning. It’s trained for cliffs, towers, and vertical access scenarios. Every drop is calculated, every grip tested.
DEX	N/A	standard	3	Fast Descent	Rappelling	This skill enables rapid downward movement while maintaining safety through friction control and footwork. Often used in breaches, chases, or collapses. The line becomes your lifeline—and your weapon.
DEX	N/A	standard	3	Wall Transition	Rappelling	Wall Transition teaches how to switch between climbing, wall contact, and rope use mid-action. It blends climbing and descent into a seamless sequence. You’re never between options—you are the transition.
DEX	N/A	standard	3	Underhang Swing	Rappelling	Underhang Swing allows the user to navigate underneath ledges or bridges using rope control and pendulum movement. Trained for access and escape in vertical structures. The drop is dangerous—but it leads to freedom.
DEX	N/A	standard	2	Load Rigging	Rigging & Ropework	Load Rigging trains securing and lifting heavy objects with balanced tension and anchor setups. Used in hauling, transport, or building situations. It’s not just weight—it’s motion made safe.
DEX	N/A	standard	3	Balanced Suspension	Load Rigging	This skill distributes weight evenly across multiple points to avoid tipping or strain. It’s vital for moving bodies, equipment, or sensitive containers. Balance is what keeps it alive.
DEX	N/A	standard	3	Quick Release	Load Rigging	Quick Release trains rigging techniques that allow for instant rope drop or disconnect. It’s used in combat zones, escape plans, or precision deliveries. When time matters, one pull resets the field.
DEX	N/A	standard	3	Highline Setup	Load Rigging	Highline Setup allows the user to rig a suspended rope bridge, zipline, or elevated path across gaps. Used for travel, tension lines, or suspended traversal. The void between points becomes a path—because you build one.
DEX	N/A	standard	1	Precision Performance	N/A	A display of mastery in coordinated, fine-tuned hand and body movements for spectacle, training, or mental control. Precision Performance includes displays like juggling, card work, and object manipulation. It's not about flash—it's about focus.
DEX	N/A	standard	2	Juggling	Precision Performance	Juggling trains rhythm, spatial awareness, and coordination with multiple airborne objects. It's used for entertainment, training reflexes, or distraction. Each toss is a lesson in timing.
DEX	N/A	standard	3	Multi Object	Juggling	This skill pushes the limit of how many items can be juggled while maintaining a clean pattern. Multi Object requires balance, breathing, and serious nerve. The chaos becomes choreography.
DEX	N/A	standard	3	Bounce Juggle	Juggling	Bounce Juggle manipulates object rebound off surfaces—walls, floors, shields—within a juggling flow. Trained to redirect motion with force and precision. Gravity becomes part of the rhythm.
DEX	N/A	standard	3	Fire Juggle	Juggling	Fire Juggle adds live flame to juggling sequences, requiring perfect catch alignment and burn control. It’s trained for performance—or distraction tactics in extreme scenarios. One slip, and it’s pain. Master it, and it’s mesmerizing.
DEX	N/A	standard	2	Cardistry	Precision Performance	Cardistry is the refined manipulation of cards for artistic display, distraction, or subtle movement. It’s not about tricks—it’s about elegance. The cards don’t flutter—they obey.
DEX	N/A	standard	3	One Hand Cut	Cardistry	This skill allows full deck shuffles, cuts, or reversals using only one hand. Often used for flair, distraction, or sleight setups. It’s elegance through constraint.
DEX	N/A	standard	3	Flourish Fan	Cardistry	Flourish Fan trains the graceful spread of cards into arcs or fans, showing smoothness and control. Often used to create presence or open a scene. Control that looks like art.
DEX	N/A	standard	3	Throw Catch	Cardistry	Throw Catch allows controlled projection and retrieval of cards mid-air. Used for show or sleight setups. When you throw, they think it's gone—until it snaps back.
DEX	N/A	standard	2	Dexterous Display	Precision Performance	Dexterous Display includes advanced hand feats that impress, confuse, or test skill—coins, loops, knots, and more. It’s coordination put on display. You don’t just move—you demonstrate.
DEX	N/A	standard	3	Coin Roll Cascade	Dexterous Display	This skill rolls coins continuously across fingers, wrists, or surfaces without break. A signature of stillness within motion. You don’t drop—it flows.
DEX	N/A	standard	3	One-Hand Knot Loop	Dexterous Display	One-Hand Knot Loop trains fast knot formation using only one hand—blindfolded, distracted, or mid-action. For show, escape, or intimidation. They blink—and the knot is done.
DEX	N/A	standard	3	Thread The Needle Toss	Dexterous Display	A high-precision throw through narrow or moving gaps—showcasing focus and judG.O.Dent. Used for performance or challenge. You aim where no one dares—and hit exactly there.
CON	N/A	standard	1	Endurance	N/A	The foundation of grit and stamina, Endurance measures a character's ability to press forward through pain, exhaustion, and strain. Whether climbing peaks, surviving brutal marches, or outlasting hunger, this skill reflects an inner reserve that refuses to break. It is the quiet strength behind every step taken when others would fall.
CON	N/A	standard	2	Distance Running	Endurance	The art of sustained movement over long distances, Distance Running transforms effort into rhythm. Those trained in this skill find a steady pace that seems to defy fatigue, crossing terrain with a tempered, tireless stride. It's not about speed—it's about never stopping.
CON	N/A	standard	3	Marathoner	Distance Running	Pushing the body beyond its limits, the Marathoner becomes a creature of pure will. They eat miles for breakfast, wear down time itself, and run through storms without flinching. Where others collapse, they only find another gear.
CON	N/A	standard	3	Pace Control	Distance Running	Knowing when to surge and when to conserve, Pace Control is the strategy behind endurance. With this mastery, every breath, heartbeat, and footfall is measured. The runner becomes their own metronome, never wasting energy.
CON	N/A	standard	3	Hill Sprint Recovery	Distance Running	The lungs burn, the slope climbs, but recovery comes fast and clean. This skill reflects the body’s rapid rebound after bursts of punishing effort. The ground may rise sharply, but so does the will to keep going.
CON	N/A	standard	2	Pack Trekking	Endurance	Built for burdened movement across long journeys, Pack Trekking turns travel into triumph. Whether hauling supplies through forest or canyon, this skill transforms weight from a hindrance into momentum. It’s how the strong carry the world.
CON	N/A	standard	3	Weighted Trek	Pack Trekking	With load comes discipline. Weighted Trek represents the ability to bear mass over distance without loss of speed or form. The trekker moves with quiet resolve, each step honed through training under strain.
CON	N/A	standard	3	Terrain Traverse	Pack Trekking	From desert dunes to mountain paths, this skill allows the body to adapt its gait, rhythm, and resilience to unforgiving ground. Uneven terrain becomes challenge, not obstacle. The path doesn’t change—it’s the traveler who does.
CON	N/A	standard	3	Endurance Shuffle	Pack Trekking	The movement isn't fast, but it never stops. This skill channels tired muscles into low-effort motion, allowing progress even when energy is nearly spent. It’s how you cross the last miles when strength alone won't carry you.
CON	N/A	standard	2	Cardio Conditioning	Endurance	Cardio Conditioning builds the heart into a weapon of efficiency. Breath deepens, circulation sharpens, and effort becomes sustainable over time. This is the engine beneath the endurance.
CON	N/A	standard	3	VO₂ Max Boost	Cardio Conditioning	A reflection of peak internal function, this skill enhances the body's oxygen use to near superhuman levels. More air, more power, less fatigue—fueling performance where others gasp.
CON	N/A	standard	3	Fatigue Resistance	Cardio Conditioning	This is where the body shrugs off exhaustion like rain off armor. Trained to delay the onset of physical fatigue, this skill allows activity to stretch far beyond normal bounds. Tired is no longer a limit.
CON	N/A	standard	3	Burst Recovery	Cardio Conditioning	Between the sprints, the body rebounds with unnatural speed. This skill grants rapid return from short, intense effort—ideal for those who fight in flurries, then move again. It's the calm between storms.
CON	N/A	standard	1	Swimming	N/A	A full-body expression of rhythm and breath, Swimming turns the water from a barrier into a medium of motion. It measures your ability to stay afloat, move efficiently, and endure the physical demands of aquatic travel. Whether calm or churning, the water yields to trained effort.
CON	N/A	standard	2	Speed Swim	Swimming	Cutting through water with streamlined precision, Speed Swim emphasizes short bursts of speed and efficiency. Every stroke becomes a blade, every kick a propellant. This is swimming with intent and urgency.
CON	N/A	standard	3	Sprint Freestyle	Speed Swim	Designed for explosive velocity, Sprint Freestyle unleashes a torrent of speed over short distances. This is where technique, timing, and raw energy combine to dominate the lane—or the chase.
CON	N/A	standard	3	Flip Turn Mastery	Speed Swim	A signature move of elite swimmers, the flip turn transforms wall contact into momentum. With perfect timing and minimal energy loss, the swimmer becomes a constant flow—never stopping, only redirecting.
CON	N/A	standard	3	Explosive Start	Speed Swim	The dive is a launch, not a leap. Explosive Start captures the burst of muscular force and breath control needed to launch from the edge with precision and impact. The race begins before you hit the water.
CON	N/A	standard	2	Endurance Swim	Swimming	This is the slow, steady rhythm that turns oceans into corridors and lakes into lanes. Endurance Swim teaches the body to maintain motion over long distances, conserving energy while resisting fatigue.
CON	N/A	standard	3	Marathon Swim	Endurance Swim	Whether across a bay or down a river, the Marathon Swim is about sustained determination. Hours in the water become a trance of motion, where the body adapts to cold, current, and exhaustion.
CON	N/A	standard	3	Open Water Navigator	Endurance Swim	In unfamiliar waters, this skill grants instinctual guidance. Through feel, landmarks, and body awareness, the swimmer holds a straight path despite waves, wind, or disorientation.
CON	N/A	standard	3	Current Negotiation	Endurance Swim	The water has its own will—and this skill turns it into an ally. Trained swimmers sense shifts in flow and adjust in real-time, reducing drag and letting the current do part of the work.
CON	N/A	standard	2	Breath Management	Swimming	The difference between comfort and panic in the water, Breath Management trains control under pressure. Each inhale is intentional; each exhale calculated. This is survival through rhythm.
CON	N/A	standard	3	Breath Hold	Breath Management	Whether diving deep or waiting for the moment to surface, Breath Hold extends the body’s limits. It transforms gasping urgency into calm focus—controlling the mind as much as the lungs.
CON	N/A	standard	3	Underwater Glide	Breath Management	A fusion of breath control and body position, this skill lets the swimmer travel farther underwater with minimal effort. Like a shadow beneath the waves, they conserve energy and avoid detection.
CON	N/A	standard	3	SWB Prevention	Breath Management	Shortness of breath is dangerous; shallow water blackout is fatal. This skill reflects trained instincts to detect signs of overextension and surface before blackout. It’s how discipline prevents disaster.
CON	N/A	standard	1	Disease & Toxin Resistance	N/A	This foundational skill represents the body’s natural resilience to illness and internal threats. From foreign pathogens to environmental toxins, it measures how well your system endures and neutralizes invasive forces. It’s not just survival—it’s built-in defense.
CON	N/A	standard	2	Pathogen Immunity	Disease & Toxin Resistance	Through exposure, training, or genetic strength, the immune system becomes a fortress. Pathogen Immunity reflects an enhanced resistance to biological threats, including viruses, bacteria, and other disease-bearing agents. It's preparation before infection strikes.
CON	N/A	standard	3	Viral Barrier	Pathogen Immunity	This skill strengthens the body's frontline against viral invasion. Whether airborne or bloodborne, viruses find their progress slowed, weakened, or stopped entirely. Infections struggle to take root.
CON	N/A	standard	3	Bacterial Shield	Pathogen Immunity	Representing an advanced microbiome and immune coordination, this skill repels bacterial spread. Cuts resist festering, contaminated food is more easily endured, and infection fails to gain ground.
CON	N/A	standard	3	Rapid Fever Response	Pathogen Immunity	Fever becomes a tactical response, not a weakness. This skill trains the body to launch fast, effective thermal defenses against sickness, minimizing downtime and damage from systemic infection.
CON	N/A	standard	2	Poison Neutralisation	Disease & Toxin Resistance	Where others fall from tainted meals or venomous wounds, this skill reflects the body’s ability to isolate and break down harmful compounds. The reaction is immediate, the defense internal.
CON	N/A	standard	3	Venom Metaboliser	Poison Neutralisation	The body identifies and breaks down venom at the molecular level, minimizing paralysis, pain, or fatal damage. It’s not immunity—it’s rapid adaptation. The serpent's bite loses its sting.
CON	N/A	standard	3	Alkaloid Flush	Poison Neutralisation	From toxic plants to ingested poisons, this skill trains the system to purge alkaloids quickly. Nausea fades, clarity returns, and the gut reasserts control before harm spreads.
CON	N/A	standard	3	Heavy Metal Chelation	Poison Neutralisation	When exposed to dangerous metals—mercury, lead, arsenic—this skill triggers natural chelation responses. The body binds and expels what would otherwise accumulate and poison from within.
CON	N/A	standard	2	Biochemical Purge	Disease & Toxin Resistance	The body's detox systems work in harmony, flushing out residual toxins and restoring homeostasis. It’s not just resistance—it’s internal cleanliness maintained under stress.
CON	N/A	standard	3	Detox Sweat	Biochemical Purge	Through skin and salt, the body eliminates toxins efficiently. This skill increases sweat-based purification, reducing internal buildup and supporting immune and organ functions.
CON	N/A	standard	3	Hepatic Boost	Biochemical Purge	The liver becomes a biofilter of unmatched potency. This skill enhances its function, improving toxin breakdown, metabolic regulation, and cellular resilience against overload.
CON	N/A	standard	3	Renal Clearance	Biochemical Purge	The kidneys become relentless purifiers, rapidly cycling waste and filtering out contaminants. This skill ensures clarity, hydration balance, and resistance to bloodborne toxicity.
CON	N/A	standard	1	Environmental Survival	N/A	This skill represents the body’s capacity to endure and adapt to hostile environments. From extreme temperatures to low oxygen and airborne hazards, it’s the cornerstone of survival in unforgiving terrain. Whether on icy peaks or toxic ruins, this is the strength to persist.
CON	N/A	standard	2	Thermal Tolerance	Environmental Survival	The body trains itself to withstand extremes of heat and cold. Thermal Tolerance reduces the risk of shock or exhaustion, keeping vital systems stable even as the climate turns brutal.
CON	N/A	standard	3	Heat Resistance	Thermal Tolerance	This skill refines your body's ability to withstand high temperatures. Whether under desert suns or near open flame, your system stays cool, alert, and functional.
CON	N/A	standard	3	Cold Resistance	Thermal Tolerance	The chill no longer bites as deeply. Cold Resistance reflects the body’s improved circulation and resilience in freezing conditions—frostbite and hypothermia slowed or prevented entirely.
CON	N/A	standard	3	Rapid Rewarm	Thermal Tolerance	When cold strikes fast, this skill allows the body to recover core temperature with speed and safety. Shivering becomes efficient heat, and hypothermia is driven off before it settles in.
CON	N/A	standard	2	Altitude Adaptation	Environmental Survival	Above the clouds, air thins and pressure drops—but this skill lets the body adjust. It reflects gradual changes in breathing, circulation, and internal balance at high elevation.
CON	N/A	standard	3	Hypoxia Control	Altitude Adaptation	This skill teaches the body to survive on less oxygen. Breathing deep, blood enriched, the character can stay active longer at altitude with less fatigue or confusion.
CON	N/A	standard	3	Fast Acclimation	Altitude Adaptation	Where others need days or weeks, this body adapts in hours. Fast Acclimation allows a rapid response to elevation change, minimizing sickness and maximizing performance.
CON	N/A	standard	3	Thin Air Efficiency	Altitude Adaptation	At high elevations, every breath counts. This skill reflects optimized lung and blood function, allowing endurance and clarity where others gasp for air.
CON	N/A	standard	2	Atmospheric Endurance	Environmental Survival	This skill bolsters internal resilience against polluted, low-quality, or unstable air. It represents adaptation to smog, decay, or post-apocalyptic ruin without losing function.
CON	N/A	standard	3	Gas Filtration	Atmospheric Endurance	The lungs act as a more efficient filter, reducing intake of harmful particles or gases. This skill delays onset of nausea, disorientation, or collapse from airborne threats.
CON	N/A	standard	3	Smoke Resistance	Atmospheric Endurance	Whether in burning buildings or choking wastelands, this skill enables functioning amid smoke. The body learns to pace breath, resist coughing, and remain alert through haze.
CON	N/A	standard	3	Toxic Inhalation Mitigation	Atmospheric Endurance	When surrounded by poisonous air, this skill buys critical time. Through trained breath control and immune responses, the worst effects of airborne toxins are delayed or reduced.
CON	N/A	standard	1	Pain Management	N/A	Pain is inevitable—suffering is optional. This foundational skill trains the body and mind to handle physical trauma without losing control, clarity, or composure. It is the art of staying present through agony.
CON	N/A	standard	2	Shock Control	Pain Management	When the body is hit hard enough to shut down, this skill keeps it online. Shock Control represents internal stabilization—keeping heart rate, blood flow, and awareness intact during trauma.
CON	N/A	standard	3	Pain Mitigation	Shock Control	This advanced technique allows the mind to override incoming pain signals. Like a gate slammed shut, overwhelming stimuli are delayed or blocked entirely, granting precious moments of clarity.
CON	N/A	standard	3	Trauma Dissociation	Shock Control	The self separates from the suffering. Trauma Dissociation is the ability to mentally compartmentalize injury, allowing survival and action in situations where pain would otherwise cripple.
CON	N/A	standard	3	Nerve Dampening	Shock Control	This skill reduces the intensity of pain through trained neurological control. Sensations are dulled without losing awareness—allowing wounds to exist without owning the moment.
CON	N/A	standard	2	Focus Through Pain	Pain Management	Some train to fight despite pain—others train to focus because of it. This skill transforms agony into mental clarity, sharpening awareness in the presence of discomfort.
CON	N/A	standard	3	Mind Over Body	Focus Through Pain	The pain is there—but it is not in charge. This skill reflects total mental dominance over physical reaction, allowing precise action even when wounded or exhausted.
CON	N/A	standard	3	Steady Aim Under Pain	Focus Through Pain	Whether bleeding or burning, this skill holds the hand steady. It reflects the ability to maintain precise physical control—especially for ranged or delicate actions—under active pain.
CON	N/A	standard	3	Controlled Breathing	Focus Through Pain	Inhale. Hold. Exhale. Controlled Breathing is a tactical response to pain, regulating oxygen, heart rate, and panic to keep focus sharp even when endurance wears thin.
CON	N/A	standard	2	Adrenalyn Surge	Pain Management	This skill taps into the body’s primal response—flooding it with adrenaline at will. The result is a temporary surge in energy, speed, or strength at the cost of later recovery.
CON	N/A	standard	3	Safe Spike	Adrenal Surge	Adrenaline is a weapon, but it must be wielded with care. This skill refines the body’s spike response, increasing control and reducing the risk of cardiovascular collapse.
CON	N/A	standard	3	Surge Sustain	Adrenal Surge	Where others burn out in moments, this skill draws out the rush. Surge Sustain prolongs the beneficial effects of adrenaline, keeping the body in peak state for critical windows of action.
CON	N/A	standard	3	Rapid Crash Recovery	Adrenal Surge	When the surge ends, the crash comes fast—unless trained otherwise. This skill speeds the body’s recovery from hormonal spikes, restoring balance and preventing collapse after the storm.
CON	N/A	standard	1	Metabolic Control	N/A	This foundational skill governs the body's ability to manage energy, oxygen, and temperature under stress. It reflects internal mastery over processes usually left to instinct. Through discipline and conditioning, the body becomes its own command center.
CON	N/A	standard	2	Breath Control	Metabolic Control	This skill trains precise regulation of the breath to calm nerves, stabilize heart rate, and enhance oxygen efficiency. Whether meditative or combative, control begins with the inhale.
CON	N/A	standard	3	Box Breathing	Breath Control	Used by warriors, divers, and monks alike, Box Breathing slows the mind through a measured rhythm of inhale, hold, exhale, hold. It creates stillness under pressure and balance under strain.
CON	N/A	standard	3	CO₂ Tolerance	Breath Control	This skill enhances the body's ability to withstand elevated carbon dioxide levels. Useful in breath-hold training or oxygen-poor environments, it reduces the urge to panic and sharpens resilience.
CON	N/A	standard	3	Oxygen Flush	Breath Control	Oxygen becomes a weaponized resource. This skill trains deep, deliberate breaths to rapidly saturate the bloodstream, flush toxins, and prepare for intense bursts of effort or endurance.
CON	N/A	standard	2	Nutrition Cycling	Metabolic Control	The body learns to shift between fuel sources with tactical intention. This skill represents trained rhythms of intake and fasting, maximizing energy retention and performance across varied conditions.
CON	N/A	standard	3	Carb Load	Nutrition Cycling	Carbohydrates become fuel for sustained bursts of action. This skill allows the body to efficiently store and draw on carbs when rapid energy output is needed, from sprinting to combat.
CON	N/A	standard	3	Ketogenic Switch	Nutrition Cycling	The body adapts to burn fat instead of sugar for energy. This skill enables extended endurance with less food, supporting clarity and performance over long durations.
CON	N/A	standard	3	Glycogen Sparing	Nutrition Cycling	By optimizing energy use, this skill reduces how quickly stored sugars are depleted. It extends stamina and delays exhaustion when energy is needed most.
CON	N/A	standard	2	Thermoregulation	Metabolic Control	This skill grants improved internal temperature control, reducing performance drop in heat or cold. It trains the body to self-correct when external conditions become extreme.
CON	N/A	standard	3	Heat Generation	Thermoregulation	Through precise metabolic shifts and muscular tension, this skill allows the body to generate warmth without movement. It is the fire within—activated by breath, focus, and need.
CON	N/A	standard	3	Rapid Cool	Thermoregulation	When heat becomes a threat, this skill promotes swift internal cooling. It lowers risk of overheating and allows performance in conditions that would fell the untrained.
CON	N/A	standard	3	Efficient Sweating	Thermoregulation	This skill reflects improved water balance and toxin release via sweat. The body cools faster, wastes less fluid, and maintains stamina in prolonged heat exposure.
CON	N/A	standard	1	Recovery & Rest	N/A	Healing is not just passive—it’s an art. This skill reflects the body’s capacity to recover from fatigue, injury, and stress faster and more effectively than average. With proper rest and regulation, resilience becomes renewal.
CON	N/A	standard	2	Accelerated Healing	Recovery & Rest	This skill trains the body to prioritize tissue repair, immune activation, and cellular recovery. Cuts close quicker, soreness fades faster, and wounds mend with surprising speed. Healing becomes a reliable response, not a waiting game.
CON	N/A	standard	3	Rapid Clot	Accelerated Healing	The moment blood flows, the body acts. Rapid Clot enables near-instant sealing of minor wounds, reducing blood loss and infection risk even in harsh environments. It’s the difference between limping away and bleeding out.
CON	N/A	standard	3	Scar Reduction	Accelerated Healing	Healing leaves fewer marks. This skill refines tissue regrowth and collagen control, minimizing scar formation over time and improving skin and joint recovery. The body repairs with precision, not just speed.
CON	N/A	standard	3	Tissue Regeneration	Accelerated Healing	Beyond simple healing, this skill accelerates the rebuilding of muscles, tendons, and even deeper tissue. Recovery after damage is faster, cleaner, and more complete. It is the groundwork for total restoration.
CON	N/A	standard	2	Sleep Efficiency	Recovery & Rest	Sleep isn’t just about time—it’s about quality. This skill improves the body's ability to enter and benefit from deep rest, even with limited hours available. Recovery continues even when time is scarce.
CON	N/A	standard	3	Micro Sleep	Sleep Efficiency	This skill trains the brain to extract restorative value from short bursts of rest. Even a few minutes of stillness can replenish alertness and mental clarity. It’s a tactical recharge—perfect for moments when sleep is scarce but focus is essential.
CON	N/A	standard	3	REM Maximisation	Sleep Efficiency	The most critical sleep cycle becomes more accessible and sustained. REM Maximisation enhances dream-state recovery, benefiting memory, emotion, and mental fatigue. It compresses full-body recovery into minimal time.
CON	N/A	standard	3	Circadian Reset	Sleep Efficiency	Whether adjusting to night shifts or jet lag, this skill allows the body to quickly realign its internal clock. Sleep comes when it's needed—day or night. Rest is no longer at the mercy of schedule or sun.
CON	N/A	standard	2	Inflammation Control	Recovery & Rest	Swelling is the body's alarm—but unchecked, it becomes a burden. This skill moderates internal inflammation, reducing pain, stiffness, and recovery time after stress or injury. It preserves function while accelerating healing.
CON	N/A	standard	3	Edema Reduction	Inflammation Control	Water retention and puffiness are cleared with precision. This skill promotes lymphatic flow and blood return, minimizing swelling and restoring mobility. Whether after injury or exertion, the body clears excess fluid with practiced efficiency.
CON	N/A	standard	3	Anti Oxidation	Inflammation Control	Cellular decay is slowed through enhanced free radical management. Anti Oxidation improves recovery from metabolic stress and extends long-term tissue health. It’s restoration at the molecular level.
CON	N/A	standard	3	Pain Modulation	Inflammation Control	This skill tunes the body's internal chemistry to reduce CHAonic pain from inflammation. The edge softens, allowing movement, clarity, and rest to return. It’s a calm layered over internal chaos.
INT	N/A	standard	1	Research & Analysis	N/A	This foundational skill reflects a mind built to uncover truth through study, observation, and methodical inquiry. Whether poring over books, databases, or field evidence, it represents the ability to extract meaning from information. The researcher is both detective and scholar—trained to see what others overlook.
INT	N/A	standard	2	Library Research	Research & Analysis	This skill is honed in archives and forgotten shelves. The character can efficiently navigate complex collections of written knowledge, extracting what’s needed while others get lost. It’s the art of finding answers buried in centuries of ink.
INT	N/A	standard	3	Catalog Mastery	Library Research	Knowing the systems behind the systems, this skill allows mastery of organizational structures in libraries, vaults, or record halls. With it, even misfiled or hidden knowledge can be swiftly located.
INT	N/A	standard	3	Cross Referencing	Library Research	This skill connects scattered facts across sources, weaving them into a clear picture. The researcher sees patterns, contradictions, and confirmations others miss—building conclusions from fraG.O.Dents.
INT	N/A	standard	3	Rare Text ID	Library Research	The ability to recognize valuable or obscure texts by script, language, or binding. With this skill, a character can identify works of historical, magical, or scientific importance—even if written in forgotten tongues.
INT	N/A	standard	2	Data Mining	Research & Analysis	This is the ability to extract meaning from massive pools of raw information. Whether digital or analog, the mind sorts noise from signal, looking for anomalies, gaps, or gold.
INT	N/A	standard	3	Pattern Recognition	Data Mining	The brain becomes a net that catches rhythm, anomaly, and trend. This skill allows the character to detect recurring structures and underlying causes—even in chaotic data.
INT	N/A	standard	3	Big Data Handling	Data Mining	Vast volumes of info become manageable. This skill reflects mental organization and mental stamina to work with massive datasets without overload, collapse, or loss of detail.
INT	N/A	standard	3	Trend Projection	Data Mining	The future leaves fingerprints. This skill allows the character to forecast likely developments by recognizing early patterns and extrapolating long-term outcomes.
INT	N/A	standard	2	Forensic Analysis	Research & Analysis	This skill focuses the intellect on evidence—material, chemical, or circumstantial. It enables deep examination of clues left behind, especially in the wake of crime, sabotage, or decay.
INT	N/A	standard	3	Evidence Chain	Forensic Analysis	This skill tracks the origin, journey, and context of discovered materials. It maintains logical chains of custody, meaning every finding stands as usable, traceable truth.
INT	N/A	standard	3	Trace Material ID	Forensic Analysis	Microscopic fibers, dust, fluids, or blood—all become voices. This skill trains the eye and mind to spot and interpret the smallest evidence with forensic clarity.
INT	N/A	standard	3	Scene Reconstruction	Forensic Analysis	The mind becomes the lens through which a moment is reborn. With limited clues, this skill re-creates what happened, in what order, and how—even when no witness survives.
INT	N/A	standard	1	Engineering	N/A	This foundational skill reflects a mind wired for invention, structure, and precision. Whether crafting machines, analyzing load-bearing designs, or solving power flow, Engineering is the language of functionality. It turns raw materials into purpose-built creations.
INT	N/A	standard	2	Mechanical Design	Engineering	Focused on moving parts, levers, gears, and kinetic systems, this skill turns imagination into mechanical function. It’s how blueprints are born, refined, and made real.
INT	N/A	standard	3	Gear Tuning	Mechanical Design	A machine is only as smooth as its gearing. This skill allows fine adjustments to timing, resistance, and torque, maximizing efficiency and longevity.
INT	N/A	standard	3	Kinetic Optimisation	Mechanical Design	The art of motion itself—this skill refines how energy is transferred, reducing waste and boosting performance. It’s not just design—it’s fluid execution of force.
INT	N/A	standard	3	Micro Mechanisms	Mechanical Design	Clockwork, miniaturized linkages, or tight-space engineering—this skill grants mastery over precise, small-scale mechanics. It’s the difference between functional and flawless.
INT	N/A	standard	2	Electrical Systems	Engineering	Circuits, voltage, and current become a fluent language. This skill represents the design, repair, and understanding of electronic flow in devices and power structures.
INT	N/A	standard	3	Circuit Prototyping	Electrical Systems	This skill reflects the ability to create functional circuit layouts by hand or tool. Whether from scrap or silicon, it brings the invisible lifeblood of power to life.
INT	N/A	standard	3	Signal Diagnostics	Electrical Systems	With this skill, no short or surge goes unnoticed. It trains the mind to read and trace signal integrity across complex boards and repair what's unseen.
INT	N/A	standard	3	Power Regulation	Electrical Systems	Power without control is failure waiting to happen. This skill allows the engineer to balance energy demands, preventing overload and sustaining precision output.
INT	N/A	standard	2	Structural Fabrication	Engineering	From bridges to bunkers, this skill covers load-bearing designs, material use, and construction principles. It builds strong from blueprint to beam.
INT	N/A	standard	3	Load Calculation	Structural Fabrication	Before the first brick is placed, this skill determines how much force a structure can bear. It calculates tolerances, balances stress, and prevents collapse before it starts.
INT	N/A	standard	3	Stress Analysis	Structural Fabrication	This skill detects points of weakness before they break. It reflects an instinct for where pressure collects and how to reinforce or redistribute it in real time.
INT	N/A	standard	3	Modular Construction	Structural Fabrication	Built to move, change, or expand—this skill focuses on adaptive design. Structures become systems of interlocking parts, allowing repair, upgrade, and reconfiguration in the field.
INT	N/A	standard	1	Systems Interface	N/A	This skill reflects a mind capable of interfacing with mechanical, digital, or artificial systems. Whether navigating user layers or machine logic, the user doesn’t just operate systems—they understand their language. It's intuition for structure, code, and flow.
INT	N/A	standard	2	Logic Patterning	Systems Interface	Behind every function is a pattern, and this skill trains the brain to see and shape those sequences. It enables efficient scripting, clean logic loops, and error prevention through structural clarity.
INT	N/A	standard	3	Pattern Streamlining	Logic Patterning	The clutter of complex logic is stripped away. This skill refines convoluted systems into lean, elegant structures—maximizing speed, function, and legibility.
INT	N/A	standard	3	Sequence Refinement	Logic Patterning	This skill allows for targeted improvements within logic chains, optimizing process steps for clarity and reliability. Even if one link fails, the system can adapt and reroute.
INT	N/A	standard	3	System Fluency	Logic Patterning	The system becomes second nature. This skill grants instinctual navigation and command over digital or mechanical frameworks, allowing on-the-fly configuration without hesitation.
INT	N/A	standard	2	Intrusion Defense	Systems Interface	This is the mind of a digital sentinel. Intrusion Defense enables the identification of weaknesses, unauthorized access, or corruptive inputs within any structured system.
INT	N/A	standard	3	Vulnerability Mapping	Intrusion Defense	This skill creates a mental overlay of system weaknesses, visually or intuitively highlighting exploit paths. It’s both offensive planning and defensive foresight.
INT	N/A	standard	3	Exploit Engineering	Intrusion Defense	When a system breaks, this skill decides how and where. It enables intentional crafting or prevention of code exploits, backdoors, and system overrides.
INT	N/A	standard	3	Layered Safeguards	Intrusion Defense	No system is secure without redundancy. This skill develops multiple layers of defense—detection, misdirection, and failsafe protocols—to prevent both brute force and stealth intrusions.
INT	N/A	standard	2	Synthetic Cognition	Systems Interface	This skill reflects the merging of thought and artificial processes. Whether AI, drone logic, or mental projection into machines, the mind shapes the synthetic without delay.
INT	N/A	standard	3	Cognitive Shaping	Synthetic Cognition	The user can adjust how artificial minds or scripts think, react, or learn. It’s not just programming—it’s behavioral engineering for machines.
INT	N/A	standard	3	Command Tuning	Synthetic Cognition	When systems respond to commands, this skill ensures they respond correctly and efficiently. It refines outputs, reduces latency, and adapts intent to machine-specific dialects.
INT	N/A	standard	3	Independent Constructs	Synthetic Cognition	This skill enables the creation or mentoring of synthetic systems capable of limited self-direction. Constructs gain adaptive protocols and semi-autonomous reasoning through refined design.
INT	N/A	standard	1	Medicine	N/A	Medicine is the disciplined study of the body, its ailments, and the means to heal or intervene. This foundational skill reflects clinical thinking, emergency responsiveness, and anatomical understanding. Whether in sterile hospitals or muddy fields, knowledge becomes life-saving action.
INT	N/A	standard	2	First Aid	Medicine	The immediate response to injury or illness before advanced care arrives. First Aid emphasizes stabilization, control, and efficiency under pressure—turning panic into precision.
INT	N/A	standard	3	Haemorrhage Control	First Aid	When blood flows fast, this skill slows it. It reflects rapid tourniquet use, pressure point knowledge, and clotting techniques that prevent fatal blood loss in the critical window.
INT	N/A	standard	3	Fracture Stabilisation	First Aid	Bones may break, but movement must stop. This skill enables splinting, alignment, and immobilization to reduce further injury until full treatment is possible.
INT	N/A	standard	3	Triage Prioritisation	First Aid	When many are wounded, choices must be made. This skill identifies who can be saved, who needs immediate help, and who must wait—ensuring resources are spent wisely.
INT	N/A	standard	2	Clinical Diagnostics	Medicine	This skill reflects the ability to interpret signs, symptoms, and test results to reach an accurate diagnosis. It’s part science, part deduction, and part intuition honed by study.
INT	N/A	standard	3	Symptom Differential	Clinical Diagnostics	Every cough isn't the same. This skill isolates similar symptoms to determine root causes, narrowing the possibilities with clarity and precision.
INT	N/A	standard	3	Lab Test Interpretation	Clinical Diagnostics	From blood work to imaging results, this skill extracts meaning from data. It turns numbers and visuals into actionable medical insight.
INT	N/A	standard	3	Pharmacology Dosing	Clinical Diagnostics	Medicines are only as safe as their dosages. This skill reflects precise understanding of administration, interaction, and body weight response—avoiding both under-treatment and overdose.
INT	N/A	standard	2	Surgical Procedure	Medicine	A steady hand and a sharp mind—this skill enables invasive intervention with practiced care. It covers pre-op setup, field readiness, and core technique understanding.
INT	N/A	standard	3	Incision Precision	Surgical Procedure	Every cut must count. This skill represents surgical accuracy—minimizing damage, blood loss, and recovery time through exact blade placement.
INT	N/A	standard	3	Suture Technique	Surgical Procedure	Flesh needs stitching, and this skill provides the finesse to do it cleanly. From battlefield closures to operating table threads, it ensures wounds are sealed and safe.
INT	N/A	standard	3	Field Sterilisation	Surgical Procedure	Infection is as deadly as injury. This skill allows improvisation of sterile environments and tools in non-clinical settings—preserving safety when standards can’t be guaranteed.
INT	N/A	standard	1	Chemistry	N/A	Chemistry is the study of substances, their transformations, and the forces behind those changes. This skill allows the user to manipulate matter on a molecular level, crafting, combining, and breaking down with intent. Whether in lab or field, knowledge becomes reaction.
INT	N/A	standard	2	Synthesis	Chemistry	This skill represents the creation of compounds from simpler materials. Whether concocting a medicine, alloy, or adhesive, it allows for intentional molecular assembly.
INT	N/A	standard	3	Organic Synthesis	Synthesis	Focused on carbon-based chemistry, this skill enables the crafting of biochemicals, plant extracts, and medicinal reagents. The user navigates complex reactions with biological precision.
INT	N/A	standard	3	Polymeric Casting	Synthesis	Plastics, resins, and elastomers take shape under trained hands. This skill covers the controlled formation and molding of long-chain molecules for use in tools, armor, or insulation.
INT	N/A	standard	3	Compound Purity	Synthesis	Impurities ruin function. This skill refines the user’s ability to isolate and perfect substances—ensuring stable reactions and maximized potency in every result.
INT	N/A	standard	2	Analysis	Chemistry	The counterpart to synthesis, this skill focuses on identifying substances through observation and testing. It breaks the unknown into known components.
INT	N/A	standard	3	Spectrography	Analysis	Using light to decode matter, this skill allows precise identification of elements and compounds via spectral signature. Even trace amounts reveal themselves to a trained eye.
INT	N/A	standard	3	Titration Mastery	Analysis	A careful drop at a time, this skill balances acid, base, and beyond to reveal concentrations and reaction points. It reflects patience, control, and accuracy under chemical tension.
INT	N/A	standard	3	CHAomatography	Analysis	This skill enables the separation and study of mixtures through flowing media. Whether ink, blood, or poison, components reveal themselves in layered color and structure.
INT	N/A	standard	2	Energetics	Chemistry	Focused on energy release and control, this skill handles the chemistry of combustion, explosion, and propulsion. It is fire wielded with intellect.
INT	N/A	standard	3	Propellant Formulation	Energetics	This skill designs fuel sources—solid, liquid, or hybrid—with exacting balance. Burn rate, thrust, and containment are engineered into reliable performance.
INT	N/A	standard	3	Controlled Detonation	Energetics	Not all explosions are chaotic. This skill ensures timing, force, and direction are all intentional, reducing risk while maximizing result. Precision meets power.
INT	N/A	standard	3	Stability Testing	Energetics	Heat, impact, pressure—this skill determines what a compound can survive. It prevents accidents and ensures that volatile materials are handled with the respect they demand.
INT	N/A	standard	1	Cryptography & Linguistics	N/A	This skill reflects mastery over language, symbol, and secrecy. It encompasses the decoding of ancient tongues, creation of private scripts, and manipulation of meaning across cultures. Where others see noise, this mind sees structure.
INT	N/A	standard	2	Language Deciphering	Cryptography & Linguistics	From runes to dialects, this skill allows understanding of unfamiliar languages through pattern, root, and sound. It’s decoding without a dictionary—reconstructing meaning from exposure.
INT	N/A	standard	3	Dead Tongue Reading	Language Deciphering	Forgotten languages leave clues. This skill enables reading and partial reconstruction of extinct or lost tongues from fraG.O.Dents, syntax echoes, and linguistic lineage.
INT	N/A	standard	3	Accent Acquisition	Language Deciphering	Mimicry meets fluency—this skill allows the speaker to rapidly adapt pronunciation, cadence, and inflection. It smooths communication and masks origin.
INT	N/A	standard	3	Rapid Translation	Language Deciphering	With only brief exposure, the user can grasp context and meaning from foreign speech or script. This skill accelerates comprehension, even across unfamiliar or hybrid languages.
INT	N/A	standard	2	Code Making	Cryptography & Linguistics	This skill creates secure systems of hidden meaning. From encryption protocols to secret alphabets, it ensures only the intended reader can unlock the message.
INT	N/A	standard	3	Cipher Construction	Code Making	The bones of encryption. This skill enables the creation of substitution, transposition, or hybrid ciphers with layers of defense. Each system built is its own puzzle.
INT	N/A	standard	3	One Time Pad	Code Making	This advanced cryptographic method uses random keys that can never be reused or cracked. With this skill, near-perfect secrecy is achieved—if the key is never compromised.
INT	N/A	standard	3	Steganographic Embed	Code Making	Hiding messages in plain sight—within images, texts, or audio—this skill allows for concealment so subtle it escapes detection entirely. A word within a pattern, a whisper in the static.
INT	N/A	standard	2	Symbol Interpretation	Cryptography & Linguistics	From graffiti to cave etchings, this skill extracts meaning from nonverbal signs. It deciphers symbols, pictographs, and glyphs by form, placement, and cultural logic.
INT	N/A	standard	3	Semiotic Analysis	Symbol Interpretation	This skill breaks down how signs and symbols generate meaning. It allows deep understanding of context, usage, and embedded ideology—critical in decoding constructed messages.
INT	N/A	standard	3	Cultural Context	Symbol Interpretation	Symbols only matter if you know the world they came from. This skill ties markings and words to the belief systems, fears, and values of the people who made them.
INT	N/A	standard	3	Pattern Keying	Symbol Interpretation	Where repeated shapes, rhythms, or structures exist, this skill identifies them and reveals hidden layers of meaning. It’s the key that unlocks the pattern inside the symbol.
INT	N/A	standard	1	Tactical Planning	N/A	Tactical Planning is the mental framework for anticipating, organizing, and executing action in dynamic environments. It balances short-term precision with long-term vision, ensuring preparedness under shifting threats. Every move is made with layers of purpose.
INT	N/A	standard	2	Strategy Modelling	Tactical Planning	This skill enables simulation of possible outcomes based on known assets, terrain, and behavior. Strategy Modelling visualizes moves before they happen—building winning plans before the first step.
INT	N/A	standard	3	Battlefield Sim	Strategy Modelling	Whether virtual or mental, this skill constructs battlefield scenarios with live variables. It allows pre-action testing of tactics, revealing blind spots and opportunities alike.
INT	N/A	standard	3	Risk Assessment	Strategy Modelling	No plan survives without evaluation. This skill identifies where failure is most likely, weighing cost, timing, and benefit to strengthen decision-making under pressure.
INT	N/A	standard	3	Object Prioritisation	Strategy Modelling	In chaos, focus becomes survival. This skill enables rapid triage of goals, threats, and objectives—ensuring what matters most is handled first.
INT	N/A	standard	2	Resource Allocation	Tactical Planning	This skill turns limited assets into strategic advantage. Whether assigning people, gear, or time, it ensures nothing is wasted and every tool has a purpose.
INT	N/A	standard	3	Supply Chain Map	Resource Allocation	Knowing where things are is as vital as having them. This skill visualizes the full supply path from source to use, exposing breaks, delays, or excess.
INT	N/A	standard	3	Efficiency Analysis	Resource Allocation	This skill tracks performance and waste across operations. By identifying lag, overuse, or redundancy, it sharpens systems to run lean and strong.
INT	N/A	standard	3	Redundant Routing	Resource Allocation	Backup paths, alternate drop points, or fallback logistics—this skill designs secondary flows to prevent mission failure if the primary plan breaks.
INT	N/A	standard	2	Contingency Crafting	Tactical Planning	The unexpected is expected. This skill enables the creation of backup plans layered into the main strategy, ready to activate if things go wrong.
INT	N/A	standard	3	Fail Safe Design	Contingency Crafting	This skill embeds protections into systems, operations, or tech to prevent catastrophic failure. Even in collapse, it ensures something still works.
INT	N/A	standard	3	Exit Route Recognition	Contingency Crafting	Knowing when and how to leave is as strategic as knowing when to strike. This skill maps retreat paths, extraction zones, or fallback positions—always with time to act.
INT	N/A	standard	3	Adaptive Response	Contingency Crafting	This skill trains flexible thinking in live conditions. When plans fail, it enables rapid recalibration without hesitation—turning failure into improvisation.
INT	N/A	standard	1	Innovation	N/A	Innovation is the art of applied creativity—taking the imagined and making it real. It covers conceptual breakthroughs, adaptive solutions, and systems that didn't exist until now. The innovator solves what others accept.
INT	N/A	standard	2	Prototype Ideation	Innovation	This skill captures the early stages of invention—sketching, modeling, and mentally testing new designs. It's not about polish, but about having the boldness to begin.
INT	N/A	standard	3	Rapid Prototype	Prototype Ideation	When time is tight, this skill builds functional models fast. Whether from scrap or kit, it gets the concept in-hand and working with minimal delay.
INT	N/A	standard	3	Proof of Concept	Prototype Ideation	An idea means little until it functions. This skill validates whether a design can do what it claims, isolating the core test that proves viability.
INT	N/A	standard	3	Design Iteration	Prototype Ideation	The first version is never final. This skill enables fast, efficient tweaks to an idea—reworking flaws, improving strengths, and driving version after version forward.
INT	N/A	standard	2	Improvisation	Innovation	With limited tools or materials, the innovator adapts. This skill represents quick thinking, unconventional use of parts, and making things work under pressure.
INT	N/A	standard	3	Jury Rig	Improvisation	When systems fail, this skill gets them running again—maybe ugly, but functional. Jury Rig reflects fast fixes, stopgap solutions, and field-ready patchwork.
INT	N/A	standard	3	Field Repair	Improvisation	Beyond the workshop, this skill keeps gear alive under rough conditions. From broken drones to cracked helmets, the innovator restores function when failure isn’t an option.
INT	N/A	standard	3	Material Substitution	Improvisation	When the ideal part isn’t available, the innovator finds an alternative. This skill allows for safe, effective swaps using local, salvaged, or even organic components.
INT	N/A	standard	2	Optimisation	Innovation	Every system has room to improve. This skill sharpens designs, workflows, or outputs for greater effectiveness—often through small, elegant changes.
INT	N/A	standard	3	Process Streamline	Optimisation	This skill identifies bottlenecks and oversteps in any process. It trims excess and accelerates outcomes, turning a good system into a great one.
INT	N/A	standard	3	Cost Reduction	Optimisation	Efficiency is more than speed—it’s also expense. This skill finds ways to produce the same result with fewer resources, lower energy, or simpler inputs.
INT	N/A	standard	3	Performance Boost	Optimisation	Every system can go further. This skill extracts more output, power, or reliability from existing designs—without needing to rebuild from scratch.
INT	N/A	magic stabalization	1	Channeling	N/A	Channeling grants your character the ability to act as a conduit for supernatural energy. Whether divine, arcane, or elemental, this skill determines how much mana or power can be safely drawn into the body. The more practiced the channel, the more intense and sustained the force they can wield. Required to effectively channel magic from any sphere.
INT	N/A	magic regeneration	1	Meditation	N/A	Meditation cultivates internal stillness and spiritual clarity. Through this practice, your character recovers mana, centers their will, and fortifies their connection to unseen energies. Meditation is required to restore mana after magical exertion.
INT	N/A	magic access	1	Spellcraft	N/A	Spellcraft is the intellectual mastery of magical form and function. With it, characters access magical spheres and manipulate spell structures with intent and precision. This skill grants access to magical spheres for casting spells.
INT	N/A	magic access	1	Talismanism	N/A	Talismanism is the art of embedding magic into objects—stones, metals, parchment, or bone. It grants access to the same spheres as spellcraft, but through crafted focus rather than cast command. This skill grants access to magical spheres for talisman-based use.
WIS	N/A	standard	1	Perception	N/A	Perception reflects your ability to notice, interpret, and respond to subtle cues in your surroundings. It governs all sensory input—sight, sound, motion, and presence—and helps detect what others overlook. Whether watching from afar or catching a whisper nearby, this skill tunes the mind to the world.
WIS	N/A	standard	2	Visual Acuity	Perception	This skill hones the eyes to spot details, shifts, and movement others miss. Visual Acuity enables clearer recognition at distance, in motion, or under stress. It's about seeing with intent, not just eyesight.
WIS	N/A	standard	3	Long Sight	Visual Acuity	Long Sight allows recognition of distant shapes, figures, or terrain features with remarkable clarity. It extends the visual horizon beyond normal range.
WIS	N/A	standard	3	Low Light Vision	Visual Acuity	This skill enhances the ability to see in dim or near-dark environments without relying on artificial light. It draws on natural adaptation and trained sensory recall.
WIS	N/A	standard	3	Motion Detection	Visual Acuity	With Motion Detection, even the slightest shift draws attention. This skill allows your eyes to prioritize movement instinctively, useful for tracking, spotting ambush, or trailing prey.
WIS	N/A	standard	2	Auditory Acuity	Perception	Auditory Acuity sharpens hearing to catch whispers, shifts in tone, and subtle environmental cues. It trains the ear to isolate sound and react to it with precision.
WIS	N/A	standard	3	Acute Hearing	Auditory Acuity	This skill pushes hearing to its limit—identifying small sounds, distant footsteps, or quiet speech in noisy environments.
WIS	N/A	standard	3	Frequency Filter	Auditory Acuity	Frequency Filter allows the brain to ignore background noise and tune into specific audio ranges. It’s like having an internal noise gate.
WIS	N/A	standard	3	Echo Read	Auditory Acuity	Echo Read interprets sound reflections to detect spatial changes or unseen movement. It enables primitive echolocation-style awareness.
WIS	N/A	standard	2	Situational Awareness	Perception	Situational Awareness connects sensory information into a unified field of understanding. It represents alertness to threat, position, and opportunity from all directions.
WIS	N/A	standard	3	Peripheral Alert	Situational Awareness	Peripheral Alert trains the mind to process input from the edges of vision. It catches side movement, shifting shapes, and sudden threats without full focus.
WIS	N/A	standard	3	Quick Scan	Situational Awareness	This skill allows a fast but meaningful sweep of an environment, noting exits, individuals, or danger in mere moments.
WIS	N/A	standard	3	Blind Spot Detection	Situational Awareness	The user develops an instinctive sense for what isn’t being watched. This skill identifies zones of vulnerability in combat, patrol, or observation.
WIS	N/A	standard	1	Insight	N/A	Insight allows your character to read beneath the surface of words, actions, and silence. It reflects an intuitive grasp of motive, truth, and future consequence. From body language to tone shifts, it turns subtle clues into deep understanding.
WIS	N/A	standard	2	Motive Reading	Insight	This skill focuses on deciphering why someone is acting the way they are. It detects concealed goals, internal conflict, or emotional pressure that shapes behavior.
WIS	N/A	standard	3	Emotion Decoding	Motive Reading	This skill isolates emotional states based on micro-expressions, tone, or gesture. It reads what’s felt even when nothing is said.
WIS	N/A	standard	3	Agenda Exposing	Motive Reading	With this skill, characters can unravel long-term motives or secret goals. It senses not just what someone wants now—but where they’re heading.
WIS	N/A	standard	3	Pattern Spotting	Motive Reading	This skill recognizes behavioral repetition and hidden cycles in speech, movement, or decision-making. It’s the tool for reading people like puzzles.
WIS	N/A	standard	2	Lie Detection	Insight	This skill trains perception to catch moments of dishonesty or distortion. Whether through tension, over-explaining, or misplaced details, deception leaves clues.
WIS	N/A	standard	3	Pulse Check	Lie Detection	Pulse Check reads stress responses—voice shifts, heart rate cues, or physical tells—under questioning. It's not proof, but it's strong suspicion.
WIS	N/A	standard	3	Verbal Tell	Lie Detection	This skill analyzes word choice, filler, and sentence structure to reveal discomfort or deception. The truth struggles to hide in speech.
WIS	N/A	standard	3	Body Language Reading	Lie Detection	Posture, fidgeting, gaze—this skill interprets physical cues that betray truth or falsehood. The body speaks what the mouth avoids.
WIS	N/A	standard	2	Intuitive Forecast	Insight	This skill sharpens instinct toward what’s coming next. It takes small signals—social, environmental, emotional—and makes fast internal predictions.
WIS	N/A	standard	3	Gut Alert	Intuitive Forecast	Gut Alert triggers when something is wrong—timing, words, or atmosphere. It’s an emotional warning, backed by unseen patterns.
WIS	N/A	standard	3	Best Guess Projection	Intuitive Forecast	This skill forms logical predictions based on limited information. It’s the art of filling gaps in real time with tactical intuition.
WIS	N/A	standard	3	Probability Reading	Intuitive Forecast	The user becomes skilled in weighing outcomes, assigning risk, and sensing which path is most likely. It is not calculation—it is practiced foresight.
WIS	N/A	standard	1	Survival	N/A	Survival reflects the ability to live, travel, and adapt in wilderness environments without dependence on civilization. It includes the instincts and training needed to locate resources, read nature, construct shelter, and endure unpredictable conditions. A skilled survivor turns harsh terrain into home, and danger into routine.
WIS	N/A	standard	2	Tracking	Survival	This skill allows a character to identify and follow trails left by people, animals, or creatures. It involves reading broken twigs, altered paths, disturbed ground, and even air currents. Tracking is the art of seeing stories written in the dirt.
WIS	N/A	standard	3	Footprint ID	Tracking	Footprint ID allows the user to determine size, species, gait, and even emotional state from a single track. Through precise interpretation, it reveals everything from weight and gear to urgency or injury.
WIS	N/A	standard	3	Scent Trail	Tracking	This skill enables following a trail through lingering scent markers—natural or artificial. Whether tracking blood, sweat, pheromones, or smoke, the user can isolate and pursue a specific target over time.
WIS	N/A	standard	3	Long Trail Pursuit	Tracking	Long Trail Pursuit grants endurance and clarity when following a trail over vast terrain or across days. It includes interpreting environmental shifts, rerouted paths, and older or disrupted trails.
WIS	N/A	standard	2	Wilderness Foraging	Survival	Foraging involves identifying and collecting edible, medicinal, or useful plants and resources in the wild. This skill separates nourishment from poison, resource from danger. A true forager feeds others without ever drawing steel.
WIS	N/A	standard	3	Edible Plant ID	Wilderness Foraging	This skill provides encyclopedic familiarity with wild flora. It enables recognition of safe, nourishing plants even in unknown regions, including seasonal shifts and regional variants.
WIS	N/A	standard	3	Water Locate	Wilderness Foraging	Water Locate grants the ability to read terrain, vegetation, animal behavior, and geological signs to uncover hidden or distant sources of fresh water. In dry places, this is life magic without the spell.
WIS	N/A	standard	3	Trap Setting	Wilderness Foraging	Trap Setting involves crafting and placing snares, deadfalls, trip lines, or other mechanisms to catch animals or deter intruders. It combines environmental blending with mechanical precision.
WIS	N/A	standard	2	Sheltercraft	Survival	Sheltercraft teaches how to build protective structures using natural or salvaged materials. It includes insulation, wind resistance, concealment, and time-efficient construction. Shelter is survival’s first breath.
WIS	N/A	standard	3	Quick Shelter	Sheltercraft	Quick Shelter emphasizes speed and necessity. It enables rapid deployment of functional shelters using minimal tools—ideal during storms, combat retreats, or exhaustion.
WIS	N/A	standard	3	Camouflage Camp	Sheltercraft	Camouflage Camp blends the campsite into the environment, hiding signs of fire, scent, waste, or movement. This skill is favored by those who know eyes are always watching.
WIS	N/A	standard	3	Hazard Proofing	Sheltercraft	Hazard Proofing reinforces shelter against fire, predators, flood, rockfall, or collapse. It includes smart site selection, pressure release techniques, and layered defense.
WIS	N/A	standard	1	Investigation	N/A	Investigation is the pursuit of truth through focused observation, questioning, and deduction. It combines logic, intuition, and method to uncover hidden facts and reconstruct events. Whether probing a crime scene or unraveling a lie, this skill brings darkness into the light.
WIS	N/A	standard	2	Evidence Gathering	Investigation	This skill covers the physical collection and preservation of clues from any location. From footprints to fibers, it ensures no detail is lost—and nothing is contaminated.
WIS	N/A	standard	3	Trace Collection	Evidence Gathering	Trace Collection focuses on retrieving microscopic or residual materials: hairs, dust, fibers, ash, and more. It detects what others would overlook.
WIS	N/A	standard	3	Tool Mark ID	Evidence Gathering	This skill allows the identification of marks left by tools, weapons, or forced entry. It reconstructs what object was used, how it was used, and by whom.
WIS	N/A	standard	3	Scene Mapping	Evidence Gathering	Scene Mapping organizes all found evidence spatially—recreating the exact layout of events as they unfolded. It turns chaos into a readable timeline.
WIS	N/A	standard	2	Interview Technique	Investigation	Interview Technique covers the process of questioning witnesses or suspects. It involves tone control, observation, and eliciting useful information without overt pressure.
WIS	N/A	standard	3	Rapport Building	Interview Technique	Rapport Building creates emotional connection and trust quickly, even under tense or hostile circumstances. It opens people up—without them realizing.
WIS	N/A	standard	3	Micro Expression Reading	Interview Technique	This skill analyzes momentary facial cues that betray emotion: surprise, anger, fear, deceit. It’s the investigator’s window into unspoken truth.
WIS	N/A	standard	3	Statement Analysis	Interview Technique	Statement Analysis breaks down language patterns to expose inconsistency, bias, or evasion. The choice of words often reveals more than their meaning.
WIS	N/A	standard	2	Analytical Profiling	Investigation	This skill enables the construction of behavioral profiles based on habits, choices, and triggers. It creates a psychological footprint of the unknown.
WIS	N/A	standard	3	Behavior Pattern	Analytical Profiling	This skill identifies recurring behaviors across time, space, or victims. It shows method, repetition, and evolution—often invisible at first glance.
WIS	N/A	standard	3	MO Correlation	Analytical Profiling	MO Correlation links actions or crimes by method, signature, or motive. It connects scattered clues across distance or time.
WIS	N/A	standard	3	Predictive Modeling	Analytical Profiling	Using current evidence and behavior analysis, this skill predicts likely next moves or outcomes. It’s less about certainty, and more about calculated probability.
WIS	N/A	standard	1	Animal Handling	N/A	Animal Handling reflects a deep understanding of animal behavior, needs, and communication. It includes building trust, controlling movement, calming fear, and bonding across species. Whether in stable, field, or wild, this skill turns instinct into cooperation.
WIS	N/A	standard	2	Training	Animal Handling	Training teaches creatures repeatable tasks through reinforcement, command, and patience. It transforms potential into dependable action.
WIS	N/A	standard	3	Obedience Drill	Training	This skill instills absolute compliance to verbal or gestural commands. It creates dependable, disciplined companions ready to act without hesitation.
WIS	N/A	standard	3	Trick Conditioning	Training	Trick Conditioning enables the teaching of complex or performative behaviors for show, distraction, or utility. From bowing to bell-ringing, intelligence is awakened.
WIS	N/A	standard	3	Pack Coordination	Training	This skill synCHAonizes multiple animals for cooperative behavior—movement, defense, or formation. The handler becomes a silent conductor of the pack.
WIS	N/A	standard	2	Riding	Animal Handling	Riding covers the ability to mount, direct, and stay balanced on domesticated or semi-domesticated animals. It includes awareness of gait, behavior, and terrain response.
WIS	N/A	standard	3	Bareback Mastery	Riding	This skill allows full control and balance without tack or saddle. It emphasizes harmony with the animal’s rhythm and movement.
WIS	N/A	standard	3	Mounted Combat	Riding	Mounted Combat grants the ability to fight from atop a creature—timing strikes, pivoting, and directing while moving. It turns rider and mount into one force.
WIS	N/A	standard	3	Rapid Dismount	Riding	This skill allows for safe, controlled, and swift dismount from a moving or rearing mount. It minimizes risk and enables fast transition to ground combat or escape.
WIS	N/A	standard	2	Beast Empathy	Animal Handling	Beast Empathy builds intuitive rapport with creatures through scent, posture, tone, and presence. It opens communication without dominance.
WIS	N/A	standard	3	Calm Beast	Beast Empathy	Calm Beast diffuses fear, aggression, or panic in animals through subtle cues and confident energy. The wild learns to trust.
WIS	N/A	standard	3	Scent Blend	Beast Empathy	This skill masks or modifies the user’s natural scent to reduce threat, trigger familiarity, or blend with a herd.
WIS	N/A	standard	3	Pack Communing	Beast Empathy	Pack Communing allows mutual nonverbal understanding within bonded creatures. It enables mood sensing, silent direction, and shared instinct in the field.
WIS	N/A	standard	1	Mental Fortitude	N/A	Mental Fortitude is the inner armor of the mind—the ability to withstand fear, resist manipulation, and maintain clarity under duress. It reflects emotional control, psychological resilience, and mental discipline. A strong mind does not break—it bends and returns sharper.
WIS	N/A	standard	2	Resolve	Mental Fortitude	Resolve builds resistance against internal collapse. It shields against panic, dread, sorrow, or confusion when the world becomes overwhelming.
WIS	N/A	standard	3	Fear Resistance	Resolve	Fear Resistance enables action in the presence of terror. It suppresses the instinct to freeze or flee and allows thought to continue when the heart races.
WIS	N/A	standard	3	Despair Shield	Resolve	This skill strengthens willpower against despair, hopelessness, or emotional sabotage. It helps the user hold their center when all seems lost.
WIS	N/A	standard	3	Pain Gate	Resolve	Pain Gate filters the body’s pain signals before they reach the conscious mind. It doesn’t erase pain—but it places it behind a locked door.
WIS	N/A	standard	2	Concentration	Mental Fortitude	Concentration trains the mind to anchor itself to a single thought or task, excluding all else. It turns awareness into a laser instead of a floodlight.
WIS	N/A	standard	3	Selective Focus	Concentration	Selective Focus allows the user to tune in to one stream of input while ignoring all others—perfect for combat, study, or meditation.
WIS	N/A	standard	3	Distraction Ignoring	Concentration	This skill builds immunity to ambient noise, visual clutter, and emotional interruption. It protects attention in chaotic or hostile environments.
WIS	N/A	standard	3	Meditation Lock	Concentration	Meditation Lock enables a deep mental state that cannot be broken easily. Even under stress, the user can remain in inner stillness until they choose to return.
WIS	N/A	standard	2	Lucid Dreaming	Mental Fortitude	Lucid Dreaming allows awareness and agency within sleep. It grants memory of dreams, control over dreamspace, and defense against psychic intrusion.
WIS	N/A	standard	3	Dream Recall	Lucid Dreaming	This skill preserves vivid, complete memories of dream experiences—turning fleeting images into usable knowledge or clues.
WIS	N/A	standard	3	Dream Control	Lucid Dreaming	Dream Control allows conscious influence over dreams: shaping events, summoning symbols, or directing outcomes while asleep.
WIS	N/A	standard	3	Nightmare Ban	Lucid Dreaming	This skill enables the user to confront or dispel nightmares—whether psychological, magical, or foreign in origin. Fear has no dominion where the dreamer commands.
WIS	N/A	standard	1	Navigation	N/A	Navigation is the ability to find your way across wilderness, cities, or unknown terrain using landmarks, tools, or instinct. It includes orienteering, mental mapping, and orientation in both natural and constructed spaces. A skilled navigator is rarely lost—and never for long.
WIS	N/A	standard	2	Wayfinding	Navigation	Wayfinding is the practical art of moving across distance with direction and purpose. It relies on reading terrain, sun, stars, water flow, and other natural signs to maintain accurate travel.
WIS	N/A	standard	3	Dead Reckoning	Wayfinding	This skill allows navigation based on last known location, movement speed, and elapsed time—without the need for visible landmarks. It’s used in fog, night, or dense environments.
WIS	N/A	standard	3	Terrestrial Compass	Wayfinding	Terrestrial Compass grants intuitive orientation, allowing the user to instinctively feel cardinal directions—even when disoriented, underground, or magically disrupted.
WIS	N/A	standard	3	Trailblazer	Wayfinding	Trailblazer grants the ability to forge new paths through wild terrain while minimizing hazard and leaving clear markers. It’s not just finding the way—it’s creating one.
WIS	N/A	standard	2	Cartography	Navigation	Cartography is the structured recording and interpretation of terrain through maps, sketches, or glyphs. It allows travelers to leave information behind or share it with others.
WIS	N/A	standard	3	Rapid Sketch Map	Cartography	This skill allows quick creation of functional field maps—usable even when rushed, fatigued, or under pressure. Clarity over beauty.
WIS	N/A	standard	3	Surveying Grid	Cartography	Surveying Grid introduces mathematical precision—aligning map details to consistent scales and coordinates. Essential for construction, defense, or advanced planning.
WIS	N/A	standard	3	Terrain Mapping	Cartography	Terrain Mapping creates detailed elevation and obstacle diagrams, useful for travel, siege, or escape planning. It sees not just the place—but how the place works.
WIS	N/A	standard	2	Urban Orientation	Navigation	Urban Orientation trains the mind to track spatial relationships in dense, shifting environments. It maps buildings, alleys, sewer grates, and choke points in memory.
WIS	N/A	standard	3	Subsurface Routing	Urban Orientation	This skill grants an instinctive understanding of tunnels, catacombs, basements, and underground transit paths. Perfect for infiltration, escape, or smuggling.
WIS	N/A	standard	3	Shortcut Analysis	Urban Orientation	Shortcut Analysis spots fast or hidden routes others overlook—gaps in fences, alley angles, or rooftop paths. Every space becomes a tool.
WIS	N/A	standard	3	Evacuation Pathing	Urban Orientation	This skill enables rapid creation of exit plans in real time—accounting for crowds, blockages, or environmental collapse. It’s used by those who expect things to go wrong.
WIS	N/A	standard	1	Herbal Lore	N/A	Herbal Lore is the ancient study of plants and their hidden powers—curative, toxic, or alchemical. It requires both intuition and experience to safely work with herbs across regions, climates, and seasons. A master of this skill sees medicine where others see weeds, and poison where others see beauty. The land itself becomes both a toolkit and a weapon.
WIS	N/A	standard	2	Medicinal Herbs	Herbal Lore	Medicinal Herbs focuses on plants that restore, soothe, or cleanse. From poultices to teas, it teaches how to extract life-giving properties from nature’s bounty. This skill forms the core of natural healing without magic.
WIS	N/A	standard	3	Antiseptic Application	Medicinal Herbs	This skill allows for the creation of topical mixtures that prevent infection, reduce swelling, and sterilize wounds. It emphasizes clean preparation, sterile wrapping, and field-ready treatments. The difference between rot and recovery often lies here.
WIS	N/A	standard	3	Analgesic Mix	Medicinal Herbs	Analgesic Mix covers the creation of pain-relieving formulas through oils, tinctures, and compresses. It teaches precise dosage, delayed release, and targeted effect—relief without clouding judG.O.Dent.
WIS	N/A	standard	3	Healing Poultice	Medicinal Herbs	A Healing Poultice draws infection, closes minor wounds, and accelerates natural recovery. This skill blends texture, heat, and herb layering to maximize effectiveness during rest. It is the healer’s silent ally.
WIS	N/A	standard	2	Toxic Botany	Herbal Lore	Toxic Botany is the art of identifying and harnessing dangerous plants for offensive or defensive use. It explores paralysis, nausea, confusion, and even death—through seeds, saps, and spores. This knowledge walks the edge of taboo.
WIS	N/A	standard	3	Neurotoxin Extraction	Toxic Botany	This skill isolates precise chemical agents that disrupt nerve signals—leading to paralysis, spasms, or failure of control. Extraction requires ritual, timing, and deadly accuracy.
WIS	N/A	standard	3	Irritant Dust	Toxic Botany	Irritant Dust creates airborne powders that blind, choke, sting, or disorient. It is used for nonlethal control, escape tactics, or distraction. The skill includes drying, grinding, and blending agents to trigger biological reflexes.
WIS	N/A	standard	3	Paralytic Concoction	Toxic Botany	This skill enables creation of mixtures that lock joints, slow movement, or collapse muscle function temporarily. Used correctly, it leaves a target helpless but alive.
WIS	N/A	standard	2	Alchemical Reagents	Herbal Lore	Alchemical Reagents are herbs refined for use in potions, enchantments, or chemical reactions. This skill teaches solvent pairing, heat reaction, and component isolation for high purity. It blends science with instinct.
WIS	N/A	standard	3	Solvent Infusion	Alchemical Reagents	Solvent Infusion suspends an herb’s active essence into oil, alcohol, or acid, allowing long-term storage or concentrated release. It’s the cornerstone of potioncraft and ritual use.
WIS	N/A	standard	3	Catalyst Powder	Alchemical Reagents	Catalyst Powders spark reactions—magical or chemical—when added to brews, flasks, or spells. This skill demands precision milling, drying, and activation timing.
WIS	N/A	standard	3	Essence Distillation	Alchemical Reagents	This skill extracts a plant’s purest effect into liquid or crystalline form. It is delicate, powerful, and volatile—used for rituals, elite potions, or rare salves. Only the most disciplined dare push this far.
WIS	N/A	standard	1	Dreamcraft	N/A	Dreamcraft is the conscious exploration and manipulation of dreams—whether your own or others’. It bridges the waking and unconscious worlds, revealing hidden meanings, memories, and futures. Those skilled in Dreamcraft walk through their mind as if it were terrain, and shape dreamspace as others shape clay.
WIS	N/A	standard	2	Dream Interpretation	Dreamcraft	Dream Interpretation focuses on reading and decoding symbolic language within dreams. It discerns what images mean emotionally, spiritually, or prophetically. This is the key to unlocking messages woven in metaphor.
WIS	N/A	standard	3	Symbol Decoding	Dream Interpretation	This skill grants deep fluency in interpreting dream-symbols based on culture, personal resonance, or archetypal structure. A sword isn’t always a weapon—sometimes it’s guilt, power, or protection.
WIS	N/A	standard	3	Emotional Resonance	Dream Interpretation	This skill detects the emotional truth behind dream elements, even when disguised by imagery. It reveals what the dreamer feels but cannot name.
WIS	N/A	standard	3	Memory Unseal	Dream Interpretation	Memory Unseal allows repressed or forgotten experiences to rise into dreamspace. Through careful reflection and guidance, the sleeper recalls what was lost—or hidden.
WIS	N/A	standard	2	Lucid Dream Navigation	Dreamcraft	Lucid Dream Navigation grants control within the dream. It allows movement between dream layers, shaping of surroundings, and preservation of awareness while sleeping.
WIS	N/A	standard	3	Dreamwalk Control	Lucid Dream Navigation	This skill allows conscious direction of action, location, and interaction within dreams. Whether flying, hiding, or confronting, the dream becomes a chosen path.
WIS	N/A	standard	3	Dream Door Forge	Lucid Dream Navigation	Dream Door Forge creates gateways within the dream—portals to memories, other dreamers, or archetypal realms. Used by mystics, walkers, and dreambound.
WIS	N/A	standard	3	Nightmare Override	Lucid Dream Navigation	This skill grants the power to confront, reshape, or banish nightmares at will. It prevents fear from seizing control of dreamspace—and reclaims sovereignty.
WIS	N/A	standard	2	Prophetic Dreaming	Dreamcraft	Prophetic Dreaming tunes the mind to dreams that reveal fraG.O.Dents of the future. It may arrive as symbol, scene, or feeling—but the message is real. This is not control; it is reception.
WIS	N/A	standard	3	Premonition Trigger	Prophetic Dreaming	This skill increases the frequency and clarity of foresight dreams, often through ritual, herbs, or intention. It awakens the sleeping mind to possibility.
WIS	N/A	standard	3	Parallel Vision	Prophetic Dreaming	Parallel Vision allows the dreamer to glimpse simultaneous outcomes, timelines, or selves. It grants insight into the consequences of choice before waking.
WIS	N/A	standard	3	Destiny Thread	Prophetic Dreaming	Destiny Thread reveals the single, strongest line through fate within a dream. It grants the dreamer a glimpse of the pattern pulling all else forward—if they can accept its truth.
WIS	N/A	magic access	1	Faith	N/A	Faith is unwavering conviction rooted in belief, devotion, or sacred law. It represents spiritual certainty and inner alignment with divine principles. This skill is required for access to magical spheres via the path of Faith.
WIS	N/A	magic regeneration	1	Prayer	N/A	Prayer is the disciplined act of speaking, reaching, or listening to divine presence. Through it, a character may call on spheres granted by their deity, receiving insight, strength, or magical effect. This is your sphere access skill for the Faith path.
WIS	N/A	magic stabalization	1	Devotion	N/A	Devotion is sustained spiritual focus—ritual, mantra, or obedience—that strengthens the soul’s connection to its source. It multiplies the power of one's Faith during magical or divine restoration. Used with Faith to determine mana recovery.
WIS	N/A	magic access	1	Psionic Focus	N/A	Psionic Focus trains the mind to exclude all noise and lock onto a singular goal. It is mental stillness forged into action. Required for access to psionic disciplines.
WIS	N/A	magic stabalization	1	Psionic Channeling	N/A	Psionic Channeling allows the user to act as a conduit for mental or psychic force. It governs how much psionic energy can be safely drawn, stored, or directed. Used with Psionic Meditation to determine energy recovery.
WIS	N/A	magic regeneration	1	Psionic Meditation	N/A	Psionic Meditation builds calm within the storm of thought. It enables the user to recover spent psionic energy and stabilize their internal field. Used to multiply psionic regeneration through mental clarity.
CHA	N/A	standard	1	Persuasion	N/A	The foundational skill for influencing thoughts, emotions, and behavior through charm, tone, and compelling language. Persuasion opens the door to cooperation without coercion, turning resistance into willingness and transforming interactions into opportunity.
CHA	N/A	standard	2	Negotiation	Persuasion	The practiced art of reaching mutual benefit through conversation, compromise, and strategy. Negotiation thrives in tense standoffs, business deals, and political meetings—where stakes are high and every word has weight.
CHA	N/A	standard	3	Win Win Bargaining	Negotiation	A diplomatic approach to deal-making that prioritizes shared benefit over dominance. This technique leaves both sides feeling heard, valued, and willing to engage again. Especially useful in alliances, trade, or team cohesion.
CHA	N/A	standard	3	Hard Ball Tactics	Negotiation	An aggressive form of negotiation focused on leverage, intimidation, or strategic threats. Ideal for pressing advantage or forcing concessions in cutthroat dealings, though often at the cost of goodwill.
CHA	N/A	standard	3	Concession Cue	Negotiation	The intuitive sense for when and how to offer just enough to break a stalemate without undermining your position. It’s the art of giving up little to gain much—often unlocking progress with a single, well-placed gesture.
CHA	N/A	standard	2	Diplomacy	Persuasion	The high art of peaceful engagement across differing interests, nations, or ideologies. Diplomacy defuses conflict, fosters alliances, and ensures that the wrong word doesn't start a war. It’s language as armor and olive branch.
CHA	N/A	standard	3	Protocol Fluency	Diplomacy	Mastery of etiquette, cultural customs, and ceremonial nuance. This fluency earns respect in formal settings and prevents unintentional offenses that could derail progress or provoke retaliation.
CHA	N/A	standard	3	Crisis Mediation	Diplomacy	The ability to maintain control, de-escalate tension, and restore communication during volatile or emotionally charged conflicts. It’s diplomacy under fire—when stakes are high and words must be chosen with care.
CHA	N/A	standard	3	Treaty Draft	Diplomacy	The crafting of binding agreements with foresight, legal weight, and diplomatic finesse. Treaties shaped through this skill endure pressure, resist exploitation, and signal power through precision.
CHA	N/A	standard	2	Inspiration	Persuasion	The capacity to ignite passion, hope, or resolve in others through tone, presence, or message. Inspiration rallies hearts when logic fails and elevates morale when odds turn grim.
CHA	N/A	standard	3	Rally Speech	Inspiration	A powerful oration designed to unify, embolden, or galvanize a group. Whether before battle or at the brink of despair, the right words delivered at the right time can shift fate.
CHA	N/A	standard	3	Morale Boost	Inspiration	The steady practice of uplifting others through encouragement, empathy, and recognition. Morale Boost reinforces emotional resilience, especially during hardship, uncertainty, or long-term stress.
CHA	N/A	standard	3	Vision Casting	Inspiration	The ability to speak a dream so clearly that others begin to believe in it. Vision Casting turns abstract ideas into shared purpose, rallying followers to pursue goals that may not yet exist—but feel within reach.
CHA	N/A	standard	1	Deception	N/A	The core ability to obscure truth, manipulate perception, or create entirely false narratives. Deception doesn’t rely on brute strength or logic—it thrives on confidence, timing, and the subtle art of misdirection.
CHA	N/A	standard	2	Bluffing	Deception	The craft of projecting certainty behind a false claim. Bluffing works by making others question their instincts—whether at a poker table, during interrogation, or when caught in a lie.
CHA	N/A	standard	3	Quick Lie	Bluffing	The rapid delivery of a falsehood with no hesitation, often used to redirect suspicion or buy precious seconds. It's a survival mechanism for fast talkers under pressure.
CHA	N/A	standard	3	Plausible Detail	Bluffing	The strategic insertion of small, believable facts that make a lie harder to detect. These anchors ground fiction in just enough reality to disarm doubt.
CHA	N/A	standard	3	Confidence Ploy	Bluffing	The use of unshakable demeanor, commanding tone, and assertive posture to make a falsehood seem undeniable. Sometimes people don’t believe what’s said—they believe how it's said.
CHA	N/A	standard	2	Disguise	Deception	The act of altering physical appearance, voice, or demeanor to mask identity. Disguise isn't just makeup and costumes—it’s posture, habits, and the ability to vanish in plain sight.
CHA	N/A	standard	3	Costuming	Disguise	Mastery over outfits, accessories, and visual cues that can establish new roles or backgrounds. From noble silks to peasant rags, each stitch sells the story.
CHA	N/A	standard	3	Voice Mimicry	Disguise	The ability to replicate vocal tone, cadence, and mannerisms—useful for impersonation, infiltration, or sowing confusion. In the right hands, a single phrase can open locked doors.
CHA	N/A	standard	3	Identity Swap	Disguise	The complete assumption of another persona, including their habits, gestures, and history. At this level, even close allies might be fooled… or replaced.
CHA	N/A	standard	2	Forgery	Deception	The creation or alteration of physical documents to simulate authenticity. From fake IDs to royal decrees, forgery opens doors and covers tracks.
CHA	N/A	standard	3	Signature Copy	Forgery	Precise replication of handwriting, seals, or marks. Ideal for validating forgeries, falsifying orders, or stealing identity in ink.
CHA	N/A	standard	3	Document Aging	Forgery	Techniques for making fake materials appear ancient, damaged, or timeworn. This adds a layer of realism that helps forgeries pass inspection or fool historians.
CHA	N/A	standard	3	Security Hologram	Forgery	The reproduction of magical seals, digital signatures, or arcane emblems. Useful in high-tech or enchanted settings where illusion must match complexity.
CHA	N/A	standard	1	Performance Arts	N/A	The expressive mastery of emotion, rhythm, and presence across visual, vocal, and physical mediums. Whether to entertain, provoke, or inspire, performance transforms talent into influence and the mundane into magic.
CHA	N/A	standard	2	Acting	Performance Arts	The ability to convincingly portray characters, personas, or emotional states not your own. Acting bridges illusion and reality—whether on stage or in subterfuge.
CHA	N/A	standard	3	Method Performance	Acting	Full emotional and physical immersion into a role, blurring the line between performer and character. This depth of embodiment creates performances that are hauntingly real.
CHA	N/A	standard	3	Improvised Scene	Acting	The spontaneous crafting of dialogue and action without script or planning. This skill shines under pressure—when only instinct and imagination remain.
CHA	N/A	standard	3	Stage Presence	Acting	The commanding aura that draws and holds attention effortlessly. A strong presence doesn’t beg to be seen—it demands it with posture, pause, and poise.
CHA	N/A	standard	2	Music	Performance Arts	The emotional manipulation of sound through melody, rhythm, and harmony. Music bypasses thought to strike the heart directly—whether through joy, sorrow, or awe.
CHA	N/A	standard	3	Instrument Mastery	Music	Technical fluency and expressive control over one or more instruments. Mastery enables improvisation, resilience under pressure, and deep emotional resonance.
CHA	N/A	standard	3	Vocal Control	Music	The precise shaping of breath, tone, and inflection across spoken and sung voice. Whether enchanting an audience or commanding a room, voice becomes a weapon and a brushstroke.
CHA	N/A	standard	3	Crowd Sync	Music	The ability to sense and ride the emotional wave of an audience, adjusting tempo and delivery to amplify connection. When performed properly, the crowd moves as one.
CHA	N/A	standard	2	Storytelling	Performance Arts	The art of delivering tales that inform, inspire, or deceive. Storytelling transfers culture, binds groups, and makes abstract truths personal through character and conflict.
CHA	N/A	standard	3	Narrative Weaving	Storytelling	The layering of subtext, theme, and subtle cues into stories that operate on multiple levels. The listener leaves entertained—but also changed.
CHA	N/A	standard	3	Dramatic Timing	Storytelling	The mastery of pauses, reveals, and escalation that give words their punch. Whether invoking laughter, dread, or silence, this skill controls emotional rhythm.
CHA	N/A	standard	3	Audience Hook	Storytelling	The technique of gripping attention from the very first sentence. Hooks plant curiosity, emotional investment, or surprise, ensuring the listener can’t look away.
CHA	N/A	standard	1	Leadership	N/A	The ability to guide, unite, and empower others toward a shared objective. Leadership transforms will into motion and chaos into structure. It is not about control—it’s about conviction, presence, and the ability to inspire trust.
CHA	N/A	standard	2	Command	Leadership	The executional side of leadership—delivering decisive orders that maintain discipline and direction. Command thrives in urgent moments when hesitation risks collapse.
CHA	N/A	standard	3	Clear Orders	Command	The skill of issuing short, specific, and instantly understood directives. A well-placed command can cut through noise, panic, or indecision with surgical precision.
CHA	N/A	standard	3	Crisis Control	Command	The ability to impose calm and clarity during chaos. Crisis Control is what separates a true leader from a loud voice—guiding others when plans fall apart.
CHA	N/A	standard	3	Chain of Command	Command	The establishment and reinforcement of role hierarchy within a group. This ensures efficiency, accountability, and the smooth handoff of power under stress.
CHA	N/A	standard	2	Strategic Communication	Leadership	The deliberate use of words, tone, and timing to deliver critical information that aligns goals and minimizes confusion. It’s not what you say—it’s when, how, and to whom.
CHA	N/A	standard	3	Briefing Clarity	Strategic Communication	The ability to deliver mission objectives, roles, and contingencies in ways that are actionable and unforgettable. Everyone leaves the room knowing exactly what they must do.
CHA	N/A	standard	3	Rally Pointing	Strategic Communication	The verbal or symbolic act of refocusing scattered teams under stress. Whether calling a charge or issuing a fallback, this skill restores cohesion and momentum.
CHA	N/A	standard	3	Dynamic Re Tasking	Strategic Communication	The flexible redirection of team roles or objectives mid-operation. A leader with this skill doesn’t panic when the plan breaks—they adapt without losing unity.
CHA	N/A	standard	2	Mentorship	Leadership	The long-form cultivation of others’ growth, skill, and character. Mentorship is the slow fire that forges future leaders, craftsmen, or heroes through presence and patience.
CHA	N/A	standard	3	Skill Coaching	Mentorship	The focused refinement of a specific talent through guidance, demonstration, and feedback. This builds both competence and confidence.
CHA	N/A	standard	3	Morale Nurturing	Mentorship	The steady reinforcement of emotional stability, encouragement, and purpose—especially during long campaigns or personal struggle.
CHA	N/A	standard	3	Talent Cultivation	Mentorship	The act of spotting hidden potential and creating space for it to thrive. This skill sees the greatness in others before they do—and helps bring it to the surface.
CHA	N/A	standard	1	Streetwise	N/A	The instinctive social navigation of gritty, unpredictable, or illicit environments. Streetwise isn’t book smart—it’s survival smart, built from hard knocks, fast talk, and watching your back.
CHA	N/A	standard	2	Underworld Contacts	Streetwise	The cultivation of useful relationships in the criminal, fringe, or gray zones of society. These aren’t friends—they’re assets, each with a price and a pulse on what’s hidden.
CHA	N/A	standard	3	Informant Network	Underworld Contacts	A web of eyes and ears across streets, slums, ports, or dens—each passing along information for coin or favor. When something happens in the shadows, you hear it first.
CHA	N/A	standard	3	Favour Trade	Underworld Contacts	The subtle bartering of services, secrets, and leverage instead of coin. This is the economy of trust and threat—where reputation buys more than gold.
CHA	N/A	standard	3	Safe House Locator	Underworld Contacts	The ability to identify, access, or maintain hidden bolt-holes and neutral shelters across cities. Knowing where to vanish—or stash others—can mean survival or silence.
CHA	N/A	standard	2	Black-Market Trade	Streetwise	A savvy grasp of illegal, restricted, or underground commerce. From weapons to rare ingredients, this skill knows where to find it, who’s selling, and how to avoid getting burned.
CHA	N/A	standard	3	Hot Goods Appraise	Black-Market Trade	The ability to quickly assess stolen, counterfeit, or smuggled items for value, origin, and risk. It’s part fence, part forensics, part street intuition.
CHA	N/A	standard	3	Off Book Deal	Black-Market Trade	Negotiating transactions that leave no trace—no witnesses, no ledgers, no strings. These deals operate outside law, guild, or faction, but not without danger.
CHA	N/A	standard	3	Smuggling Route	Black-Market Trade	Knowledge of hidden tunnels, bribed officials, and detour paths to move goods unseen. This skill is both a mental map and a rolodex of risky partners.
CHA	N/A	standard	2	Urban Survival (Social)	Streetwise	The day-to-day etiquette, slang, and posture needed to avoid standing out—or offending the wrong group—in densely populated or hostile zones. It’s camouflage through behavior.
CHA	N/A	standard	3	Local Slang	Urban Survival (Social)	The vocabulary, tone, and rhythm of regional or criminal dialects. Speaking the local code keeps you inside the tribe—and outside suspicion.
CHA	N/A	standard	3	Turf Etiquette	Urban Survival (Social)	Knowing which streets are controlled by whom, what colors not to wear, and when to speak or stay silent. This prevents casual mistakes from becoming fatal ones.
CHA	N/A	standard	3	Exit Sense	Urban Survival (Social)	A sixth sense for escape routes, choke points, or blind spots in any urban sprawl. It’s the instinct that kicks in before things go loud.
CHA	N/A	standard	1	Intimidating Presence	N/A	The ability to command space, silence rooms, or shake confidence without lifting a finger. This isn’t about shouting or violence—it’s the raw, unspoken sense that you are not to be crossed. It simmers beneath words, carved in posture and gaze.
CHA	N/A	standard	2	Menacing Glare	Intimidating Presence	The use of intense eye contact to unsettle, dominate, or provoke hesitation. It communicates threat without noise—just pressure, like a predator sizing up prey.
CHA	N/A	standard	3	Predatory Stare	Menacing Glare	A gaze that instills primal fear, as if you already know how they’ll fall. It pierces false bravado and awakens instinctive dread in the weak-willed.
CHA	N/A	standard	3	Fear Spike	Menacing Glare	The sudden projection of hostility or intent that sends adrenaline surging through the target. A fear spike is fast, sharp, and destabilizing—designed to make them flinch first.
CHA	N/A	standard	3	Resolve Drain	Menacing Glare	A sustained, silent stare that chips away at inner fortitude. Confidence erodes with each passing second under your eyes, until even the bold begin to waver.
CHA	N/A	standard	2	Dominant Stance	Intimidating Presence	The calculated use of posture, height, and spatial control to assert physical and psychological superiority. It tells the room who’s in charge without needing a word.
CHA	N/A	standard	3	Alpha Presence	Dominant Stance	A fully embodied aura of control that suppresses challenge and invites compliance. Others feel compelled to follow, defer, or step aside, often without knowing why.
CHA	N/A	standard	3	Space Invade	Dominant Stance	The deliberate violation of another’s physical boundary to provoke fear, discomfort, or retreat. Used precisely, it destabilizes even confident opponents.
CHA	N/A	standard	3	Commanding Posture	Dominant Stance	A physically grounded stance that projects unwavering authority. It doesn’t demand attention—it makes others feel off-balance if they don’t give it.
CHA	N/A	standard	2	Threat Projection	Intimidating Presence	The performative expression of danger—through tone, implication, or gesture. This skill doesn’t promise violence directly, but it lets everyone know it’s on the table.
CHA	N/A	standard	3	Verbal Menace	Threat Projection	The calculated use of tone, pacing, and implication to make a threat hit deeper than the words alone. A good verbal menace leaves targets questioning what’s real and what’s bluff.
CHA	N/A	standard	3	Weapon Display	Threat Projection	The subtle—or overt—presentation of arms to send a message. It’s not drawn to attack; it’s revealed to remind. When done right, no blood need spill.
CHA	N/A	standard	3	Psychological Edge	Threat Projection	The layering of mind games, veiled threats, and strategic pressure to keep opponents off balance. It’s not about overpowering—it’s about making them second-guess every move.
CHA	N/A	standard	1	Networking	N/A	The practiced ability to form lasting, meaningful connections across varied circles. Networking isn't just about shaking hands—it's about positioning yourself as a presence people remember, respect, and invite into opportunity. Relationships become leverage, and conversations become doors.
CHA	N/A	standard	2	Influence Networks	Networking	A cultivated web of allies, advocates, and gatekeepers capable of shaping perception or opening unseen pathways. These networks span factions, guilds, and social layers—quietly pulling strings behind polite smiles.
CHA	N/A	standard	3	Public Impact Timing	Influence Networks	The ability to read the moment and strike socially when it will echo the loudest. Whether launching an idea or exposing a truth, this skill makes sure eyes and ears are waiting.
CHA	N/A	standard	3	Message Targeting	Influence Networks	The refinement of message, tone, and method to fit the intended audience with surgical precision. The same truth lands very differently when spoken in the right dialect, at the right table.
CHA	N/A	standard	3	Message Control	Influence Networks	The ability to guide what spreads and what stalls—through silence, redirection, or subtle reinforcement. It’s not about censorship; it’s about social engineering, quietly sculpting public memory.
CHA	N/A	standard	2	Professional Circles	Networking	The art of moving within formal hierarchies—guilds, orders, firms, or factions—without losing individuality. This skill opens closed doors through recognition, merit, and mutual gain.
CHA	N/A	standard	3	Elevator Pitch	Professional Circles	The mastery of condensing ideas, goals, or value into a brief, compelling exchange. Used well, it can shift power structures in less than a minute.
CHA	N/A	standard	3	Credibility Leverage	Professional Circles	The strategic invocation of titles, achievements, or affiliations to strengthen perception. People trust authority—this skill ensures you appear to hold it, even when the weight behind it is paper-thin.
CHA	N/A	standard	3	Trade Gossip	Professional Circles	The quiet collection and deployment of insider whispers, reputation shifts, and whispered rivalries. Sometimes the most dangerous truths are half-true and casually spoken.
CHA	N/A	standard	2	Event Schmoozing	Networking	The social grace to thrive in crowded, noisy gatherings filled with masks, motives, and potential. It’s less about what you say, and more about who remembers you afterward.
CHA	N/A	standard	3	Ice Breaker	Event Schmoozing	The instant opener that softens resistance, sparks curiosity, or turns strangers into listeners. A good ice breaker rewrites the room within seconds.
CHA	N/A	standard	3	Follow Up Rapport	Event Schmoozing	The skill of transforming fleeting moments into long-term connection through timing, tone, and genuine investment. True influence begins after the first handshake ends.
CHA	N/A	standard	3	Gift Exchange	Event Schmoozing	The tactical use of meaningful offerings—symbolic, practical, or personal—to create unspoken obligation and lasting goodwill. A single well-chosen gift can say what words never could.
CHA	N/A	standard	1	Etiquette & Culture	N/A	The practiced fluency in social rituals, customs, and respect codes across different peoples and nations. Etiquette isn't about faking refinement—it’s about speaking the silent languages that govern status, trust, and access. This skill opens doors that strength or wit cannot.
CHA	N/A	standard	2	Formal Etiquette	Etiquette & Culture	The mastery of high-court behavior, ceremonial process, and ritualized interaction. In places where tradition rules and reputation is currency, this skill keeps you from misstep and elevates your standing.
CHA	N/A	standard	3	Table Manners	Formal Etiquette	The precise execution of dining conduct across noble feasts, merchant banquets, or alien hospitality. Knowing when to speak, toast, or remain silent can determine the success of a negotiation—or your survival.
CHA	N/A	standard	3	Gift Protocol	Formal Etiquette	The subtle language of giving and receiving, from tokens of alliance to rituals of tribute. A gift given poorly offends; a gift given with timing and symbolism can change destinies.
CHA	N/A	standard	3	Dress Code	Formal Etiquette	The understanding of wardrobe as social signal. Whether ceremonial robes or mercantile badges, your attire communicates allegiance, rank, and intent before you speak a word.
CHA	N/A	standard	2	Cultural Insight	Etiquette & Culture	The ability to intuit and interpret foreign values, sacred symbols, and unspoken rules. It is the difference between a traveler and a trespasser—between being welcomed or watched.
CHA	N/A	standard	3	Custom Recognition	Cultural Insight	The skill of identifying which rituals, practices, or expectations define a given group. Recognizing what is normal—without needing to ask—is a sign of deep respect.
CHA	N/A	standard	3	Taboo Avoidance	Cultural Insight	The instinctive ability to sidestep social landmines—actions or words that would insult, shame, or provoke. Sometimes survival depends not on what you say, but on what you wisely do not.
CHA	N/A	standard	3	Respect Gesturing	Cultural Insight	The physical and verbal signals that show humility, honor, or reverence to hosts, elders, or figures of power. A simple gesture, properly placed, can dissolve hostility or elevate diplomacy.
CHA	N/A	standard	2	Language Etiquette	Etiquette & Culture	The understanding of social tone, syntax, and hierarchy embedded in speech. Some cultures bow with their bodies—others with their words.
CHA	N/A	standard	3	Honorific Use	Language Etiquette	The correct deployment of titles, suffixes, and verbal hierarchies that show respect or submission. In the wrong place, the wrong title can cost respect—or blood.
CHA	N/A	standard	3	Polite Address	Language Etiquette	The shaping of introductions, requests, and responses to avoid offense while establishing rapport. Mastery here turns awkward exchanges into graceful entrances.
CHA	N/A	standard	3	Diplomatic Tone	Language Etiquette	The ability to embed neutrality, flexibility, or ambiguity into language without sacrificing clarity. This skill allows one to speak boldly while sounding inoffensive—and to criticize without ever being accused.
CHA	N/A	magic access	1	Resonant Performance	N/A	The ability to weave sound, emotion, and will into a living performance. This isn’t music for entertainment—it’s a crafted vibration meant to ripple through reality. With this skill, the bard’s voice becomes a conduit for resonance-based magic.
CHA	N/A	magic stabalization	1	Harmonic Awareness	N/A	A passive sensitivity to the balance and vibration in people, places, and soundscapes. Harmonic Awareness doesn’t create magic—but it lets you hear what others miss. This awareness is what fuels your Bardic Resonance manna pool.
CHA	N/A	magic regeneration	1	Resonance Attunement	N/A	The internal discipline to align your spirit with external harmonics. Whether listening to ley lines, empathic fields, or musical scales, this attunement refines your ability to recover and channel resonance.
INT	WIS	sphere	2	Charm	Spellcraft	Charm governs magic that influences emotions, impressions, and social dynamics. Whether through enchantment, aura shifts, or spoken compulsion, it bends interaction in the caster’s favor. This sphere doesn’t command minds—it nudges them gently, invisibly.
INT	WIS	spell	3	Heart’s Influence	Charm	At its simplest, Heart’s Influence stirs faint ripples of courage and warmth in a single target, bolstering their spirit against fear. With practice, it grows into an aura of confidence that strengthens allies and unsettles enemies, its resonance reaching across groups and moments. At higher mastery, this spell allows the caster to manipulate emotions on a wide scale—binding hearts in unity, crushing resolve with dread, or even reshaping entire battlefields by weaving inspiration and despair together. At its pinnacle, the spell saturates all within reach with overwhelming emotional resonance, creating harmony or hysteria that can turn the tide of nations.
INT	WIS	spell	3	Soothing Presence	Charm	A warm glow surrounds the caster, subtle at first like a flicker of candlelight. The air feels lighter and calmer, and tension seems to slip away from those nearby. Allies within the aura feel their heartbeat steady and the haze of fear dissipate. Even the smallest gestures of the caster—a smile, a word, a touch—carry unusual weight, encouraging those who might falter. On the battlefield, this translates into steadier hands on weapons and calmer minds in the face of danger. The spell does not control its recipients, but it cushions their emotions and strengthens their courage. Tactically, this is a powerful way to counter fear-based abilities, intimidation, or morale-breaking effects. It also helps allies hold formation, preventing panic when faced with overwhelming odds. In the lore of Charm, Soothing Presence is seen as one of the most humane applications of influence, showing that charm magic is not always about manipulation but about uplift. Many see it as the first step on a path of emotional mastery, teaching casters to nurture before they ever learn to dominate.
INT	WIS	spell	3	Momentary Dread	Charm	A sudden weight falls across the battlefield as the caster locks eyes with their chosen foe. The victim feels as if shadows lengthen unnaturally and the air grows heavy with foreboding. For an instant, the caster’s presence seems far larger and more dangerous than their form should allow. A chill runs down the target’s spine as instinct screams that they are prey before a predator. On the battlefield, this pause is enough to disrupt attacks or halt movement. Even though the fear lasts only a heartbeat, hesitation can cost lives in combat. Tactically, Momentary Dread is used to open small windows of advantage, letting allies press forward while the foe falters. The spell is subtle—its power lies in the mind, not in physical damage. It is one of the earliest lessons in how fear can be as sharp a weapon as steel. In the lore of Charm, this spell is a warning to young practitioners: influence can easily tip into coercion, and fear is the easiest, but often most dangerous, emotion to wield.
INT	WIS	spell	3	Rallying Cry	Charm	With a surge of confidence, the caster unleashes a cry that resonates like a battle hymn. The sound carries beyond the limits of ordinary speech, filling allies with renewed energy and unshakable courage. Warriors who were wavering steady their blades, and companions on the brink of collapse rise to their feet once more. On the battlefield, this spell creates an immediate shift in morale, helping groups withstand overwhelming odds. It does not command, but rather empowers, lifting spirits and banishing doubt. Tactically, Rallying Cry is most effective when an ally line is faltering, or when enemies are attempting to break ranks through intimidation. The spell can turn a rout into a stand or a desperate push into a charge. Its manifestation is not only heard but felt as a warm vibration in the chest of every ally. In the lore of Charm, Rallying Cry is remembered as the magic of leaders who fought not with domination, but by inspiring others to greatness. Tales tell of armies saved by a single voice carrying across the field.
INT	WIS	spell	3	Seed of Doubt	Charm	The caster whispers words, subtle or shouted, that bypass reason and settle directly in a foe’s mind. The victim feels hesitation gnaw at their confidence, a creeping uncertainty that clouds judG.O.Dent. Even the strongest warrior falters when they question themselves at the critical moment. On the battlefield, this spell weakens enemy resolve, making them more likely to hesitate, miss, or fail to press their advantage. Tactically, Seed of Doubt shines when aimed at enemy leaders or those directing battle flow, as their hesitation ripples through their ranks. The spell manifests as a moment of silence or distraction, like a heartbeat skipped before action. For allies watching, it appears as if the enemy hesitates without reason. In lore, Seed of Doubt is often considered the darker side of Charm, showing how influence can undermine rather than uplift. Practitioners are warned that sowing too much doubt can backfire, eroding trust even among allies. Some say overuse of this spell marks a caster’s own spirit with hesitation.
INT	WIS	spell	3	Shared Bond	Charm	A silvery thread of resonance weaves outward from the caster, linking allies with a sense of connection. Each member feels not only their own heartbeat but the presence of their companions, as if standing shoulder to shoulder even at a distance. On the battlefield, this creates a unity that sharpens reactions and builds trust, preventing confusion in chaotic clashes. The spell manifests as a faint glow or shimmer between allies’ forms, invisible to enemies unless they are attuned to magic. Tactically, it allows allies to coordinate more effectively, gain confidence in each other’s presence, and resist attempts to isolate them. The emotional link does not transmit speech or thoughts, but it conveys trust and reassurance in the heat of battle. In lore, Shared Bond is celebrated as one of Charm’s noblest forms—rather than domination or fear, it highlights companionship and unity. It is said that ancient companies of soldiers stood unbroken because they carried this invisible thread between them. To this day, it is taught as a spell of solidarity more than combat.
INT	WIS	spell	3	Chains of Devotion	Charm	The caster speaks a phrase laced with irresistible charm, and shimmering bands of emotional resonance lash out like invisible chains. These bonds do not bind flesh, but compel the target’s own heart and will to hold them in place. Victims often stand willingly, eyes glazed with adoration or loyalty, as if chained by their own devotion. On the battlefield, this immobilizes foes who would otherwise threaten allies, buying precious time. Tactically, it serves as a control spell that turns an enemy’s emotions into their prison, forcing them to hesitate or stand down. The manifestation appears as glowing strands of light or shadows of tethered hands, though some casters’ versions appear entirely invisible. Lore warns that Chains of Devotion is among the most dangerous charms, for it forces will into service without true consent. Ancient tales describe rulers who abused this spell to hold entire courts in thrall, their courtiers “bound” in loyal admiration until their spirits broke. Practitioners must balance its usefulness with the weight of moral consequence.
INT	WIS	spell	3	Harmony’s Veil	Charm	A soft, resonant hum spreads outward as the caster raises their hands, weaving an emotional tapestry that blankets the battlefield. Allies feel an uplifting harmony, their movements synCHAonizing with uncanny precision, while enemies hear dissonance in the same resonance, their strikes faltering under waves of unease. To those within the aura, the world seems divided—friends feel like a choir in perfect unison, foes like discordant notes struggling to be heard. On the battlefield, this spell strengthens ally coordination while subtly breaking enemy morale. Tactically, it allows one spell to both buff allies and debuff enemies simultaneously, making it versatile for chaotic engagements. Its manifestation is felt as both sound and sensation, the battlefield almost singing with resonance. Lore recalls that ancient charmers could shift entire wars by creating fields of harmony and disharmony, where one side surged forward while the other collapsed. Harmony’s Veil is remembered as a weapon of generals and peacemakers alike.
INT	WIS	spell	3	False Idol	Charm	The caster radiates an aura that twists perception, projecting an illusory mantle of divinity or authority. Enemies perceive the caster as impossibly awe-inspiring or terrifying, while allies feel an unshakable reverence. To those affected, the caster’s words carry irresistible weight, and their commands seem like truth spoken from on high. On the battlefield, this effect can cause enemies to hesitate, allies to obey instinctively, and entire groups to treat the caster as more than mortal. Tactically, it creates both intimidation and loyalty in one spell, allowing manipulation without a single weapon raised. Its manifestation varies: some glow with holy light, others with dread shadows, but all command obedience. Lore whispers of false prophets and tyrants who bent cities to their will with this magic, their subjects worshipping a lie made real. To wield False Idol is to flirt with corruption, for those who play god may forget they are mortal. Even after the spell fades, the memory of awe or dread lingers in its victims.
INT	WIS	spell	3	Symphony of Souls	Charm	As the caster raises their arms, the air fills with a haunting harmony that resonates through every living heart within reach. Allies hear the melody as triumphant and uplifting, a song that steels their will and guides their movements in unison. Enemies hear the same tune as a discordant cacophony, each note scraping their confidence and unraveling their courage. The battlefield itself seems to pulse with music, as though invisible strings connect every combatant to the caster’s rhythm. Allies find themselves striking in concert, their voices rising together in strength. Enemies stumble, their formations faltering, their movements just a step behind. Tactically, this spell allows the caster to simultaneously strengthen their allies and collapse enemy morale across a massive zone. Its manifestation may take the form of sound, light, or even raw sensation—different for each who hears it. Lore says the greatest charmers once brought entire armies to their knees with a single song, rewriting the fate of battles in moments. To hear the Symphony is to feel your heart conducted by another’s hand.
INT	WIS	spell	3	Puppet Strings	Charm	With a subtle gesture, the caster conjures glowing threads of resonance that extend outward like strands of silk. These strings latch onto enemies’ limbs and minds, jerking them into unnatural movements. To allies, the scene looks as though foes have become marionettes, forced to stumble or strike against their will. Victims may feel their own bodies betray them, each step and action guided by an unseen puppeteer. On the battlefield, this spell can disrupt formations, force enemies to attack allies, or hold them in place. Tactically, Puppet Strings is devastating for coordinated foes, as their strength is turned against them in confusion. Its manifestation varies—threads of light, shadow, or even invisible pulls—but all give the eerie sense of domination. In lore, Puppet Strings is remembered with dread, often tied to tyrants who bent whole squads of warriors into unwilling puppets. It represents one of the most morally dangerous frontiers of Charm: not persuasion, but total usurpation of another’s will. Even after the strings fade, victims often remember the horror of betrayal by their own bodies.
INT	WIS	spell	3	Dominion of the Heart	Charm	With a single resonant command, the caster’s presence floods the battlefield and beyond, saturating every heart with irresistible influence. Allies feel a surge of transcendent unity, their fears erased, their courage unbreakable, as if bound together by a single indomitable spirit. Enemies, however, feel their wills collapse under the weight of the caster’s dominance, their thoughts bending toward submission, despair, or adoration. The very air shimmers with emotional resonance—each breath carrying the weight of obedience and awe. On the battlefield, soldiers drop their weapons, leaders hesitate, and entire armies may rally or crumble depending on the caster’s intent. Tactically, this spell can end conflicts in an instant by breaking morale on a massive scale, or by turning vast numbers of foes into unwilling pawns. Its manifestation is unique to each caster—some appear as radiant icons of divine glory, others as overwhelming shadows of terror—but all are unforgettable. In lore, Dominion of the Heart is whispered as the ultimate test of Charm magic, a spell capable of rewriting not just battle but history itself. Those who wield it risk not only backlash but their own humanity, for commanding the hearts of thousands can blur the line between leadership and tyranny. Even after the spell fades, legends, trauma, or loyalty forged in its wake may persist for generations.
INT	WIS	sphere	2	Death	Spellcraft	Death magic manipulates the forces of decay, entropy, and spiritual release. Practitioners may weaken vitality, sever life essence, or commune with the recently departed. It is a quiet, inevitable current—not chaos, but conclusion.
INT	WIS	spell	3	Whisper of the Grave	Death	At its most basic, the spell allows the caster to brush against the veil between life and death, conjuring faint whispers of the departed. At Apprentice level, the voice is vague, indistinct, and carries only fraG.O.Dents of insight—sudden chills, fleeting words, or impressions from nearby spirits. At Novice, the whispers sharpen, and a caster can call forth a shade to briefly converse or answer questions. By Mastery, the spell allows binding: the caster may command a spirit to linger, granting minor boons or performing small tasks. At High Mastery, multiple spirits may be summoned at once, some even manifesting visibly to defend their summoner. At Grand Mastery, the veil parts fully—the caster may draw entire hosts of spirits or even anchor a soul into a phylactery, beginning the dreaded path toward lichdom. The progression mirrors the practitioner’s journey from timid listener to full master of the dead.
INT	WIS	spell	3	Grave Chill	Death	The caster lays a corpse-cold hand upon the living, channeling a sliver of the grave’s frigidity into flesh. A rime of spectral frost creeps from the touch, leaving skin pale and breath briefly misted even indoors. The chill is not merely temperature—it is the numbing echo of stillness that follows the last heartbeat. Muscles tense, fingers stiffen, and a tremor of weakness ripples through the target’s frame. The necrotic bite pricks the life-thread and hurts just enough to remind the body that it can end. This is a novice’s strike: precise, close, and intimate, demanding nerve rather than spectacle. It is favored in cramped crypts, alleys, and doorways where distance is a luxury. Against wary foes, it opens a window for allies to press in or withdraw. Even after the touch fades, the memory of death’s nearness lingers for a beat. Instructors warn that the spell should be practiced on cadavers before used in the field, both for ethics and for steadiness of hand.
INT	WIS	spell	3	Bone Puppet	Death	The caster crooks a finger and wills an abandoned bone to stir, not creating life, but lending it a moment of borrowed motion. The fraG.O.Dent jitters upright like a marionette without strings, head swiveling toward the chosen foe. It scuttles or hops a few steps, clacking rhythmically as if remembering how to move. The sight alone shakes many opponents; the touch snags ankles and grips sleeves with impossible insistence. This is not a true servant, merely a surge of grave-force shaping residue into nuisance. In tight quarters, the puppet buys a heartbeat, spoiling timing and wrecking footing. Veterans use it to interrupt a draw, a cast, or a sprint for cover. When the power lapses, the bone collapses into stillness as if embarrassed to be seen. Animals shy and balk at the clicking thing; children whisper that the dead are learning again. Those who command greater arts later will raise soldiers—this is the first lesson in control.
INT	WIS	spell	3	Grave Grasp	Death	The caster slams their hand or staff into the ground, causing skeletal arms and spectral claws to erupt from the soil. These grasping remnants claw upward, clutching at ankles and dragging the living toward stillness. The ground itself seems to mourn, groaning with hollow echoes as the dead claw their way into the present for but a moment. Victims find their legs bound, balance disrupted, and breath stolen by panic as the unseen clutch tightens. The spell is especially potent in graveyards or battlefields, but it can manifest even in stone halls as shadowy hands. Tactically, it halts an enemy line or slows a charge, making it invaluable for necromancers buying time. Foes who fail to free themselves often become easy prey for allies’ strikes. The macabre display unnerves all who witness it, reminding them of mortality waiting beneath their feet. The clutching grasp fades into dust and shadow when its brief work is done.
INT	WIS	spell	3	Death’s Shroud	Death	The caster exhales a pall of necrotic vapor, a shroud that blankets the area in ghostly fog. Within the shroud, the air grows heavy, lungs struggle, and a sickly pallor settles on all caught inside. The mist muffles sound, distorts sight, and makes the living feel the weight of the grave pressing down. Those affected grow sluggish, their limbs aching as vitality ebbs. In combat, the shroud is a tool of attrition, breaking enemy morale and softening resistance for allies to exploit. Its oppressive chill unnerves beasts, sending them into panic, and soldiers fear to enter its haze. Necromancers often use the spell to prepare ground for greater rites, since it marks territory with death’s flavor. The shroud lingers only briefly before dissipating into wisps of darkness. Even once gone, the memory of its suffocating pall tends to linger on its victims.
INT	WIS	spell	3	Bind Undead	Death	By intoning words of command, the caster projects their will across the tether between life and death, seizing the strings of an undead creature. The undead briefly stiffens, its will overwhelmed, then turns to obey the caster’s command. Whether skeletal sentry, shambling ghoul, or wandering spirit, the spell asserts dominance and bends the creature to necromantic purpose. At this novice level the control is fragile, lasting only moments, but even a brief shift in loyalty can decide a skirmish. Commanded undead can be redirected to guard an ally, attack their former master, or simply be ordered to freeze in place. The spell is especially feared among enemy necromancers, as it can break their lines of minions in an instant. Failure to maintain the command risks backlash, the creature lashing out in instinctive fury before returning to freedom. With mastery, casters learn to stretch this control further, but even in its briefest form it is a potent battlefield tool. The power whispers of the mastery of lich-kings, who no longer ask but dictate the flow of undeath.
INT	WIS	spell	3	Wailing Legion	Death	The caster rends open a wound between the mortal world and the spirit realm, allowing a chorus of lost souls to pour through. Their wails echo with sorrow and rage, shaking the courage of all who hear them. The spectral horde swirls in a wide zone, clawing and shrieking at anything living caught within. Enemies stagger, their minds rattled and their movements slowed under the psychic weight of death’s memory. The battlefield becomes a haunted place—shadows stretch unnaturally and every heartbeat feels out of place. Tactically, the spell halts charges and breaks formations, as few can stand steady in the presence of so many dead. Those struck by the wails falter in initiative, losing their tempo. The display lingers briefly, a terrifying wall of sound and presence. When the rift closes, silence falls with a suffocating suddenness.
INT	WIS	spell	3	Marrow Rot	Death	The caster invokes a curse that seeps directly into the bones of their victim. Flesh blackens around marrow as necrotic energy hollows the skeleton from within. Targets struck feel their limbs weaken, their structure betraying them with sudden fractures or painful weakness. On a battlefield, this spell is a precision strike against heavily armored foes—those who rely on bones and body to carry them through combat. Victims may collapse outright or stagger under the crushing weight of decay. The spell spreads quickly within one target, then echoes outward to a second as rot leaps from bone to bone. This creates panic as enemies see their comrades suddenly falter. Tactically, the spell turns strong frontliners into liabilities, unable to support their own armor. Even after the spell fades, the ache of hollow marrow lingers.
INT	WIS	spell	3	Crypt Lock	Death	By weaving necrotic force into space itself, the caster seals a chosen area as though it were a tomb. Black iron chains and spectral locks appear from nothing, binding doorways, walls, and even the air itself. Creatures caught inside feel their bodies press downward, as if gravity has doubled, making escape nearly impossible. Those who try to flee find exits sealed by spectral wards, trapping them in an ethereal cage. Tactically, the spell cuts off retreat or confines enemies for destruction. Allies can strike from outside while the trapped foes are forced to endure. The pressure is suffocating, reminding all within that they stand in death’s prison. Once the duration ends, the chains vanish, but many recall the sound of locks clicking shut long after.
INT	WIS	spell	3	Pale Harvest	Death	The caster raises their arms and draws forth the life of everything caught in their sight. A pall of pale light spreads across the battlefield, dimming flames, wilting leaves, and draining the vigor from flesh. Victims stagger as their vitality seeps away, pulled in threads of ghostly silver toward the caster. Each strand curls into the necromancer’s chest, bolstering their vitality as others weaken. The battlefield becomes eerily quiet, as if the world itself holds its breath while life is stolen. Tactically, this spell serves both offense and sustain, softening enemy ranks while keeping the caster alive. Even mighty champions may falter as their strength is siphoned by invisible hands. Allies feel the drain too if they stray too close, making this a risky but devastating choice. When the spell ends, those who survive are left weakened, trembling at the knowledge their essence was tasted by death.
INT	WIS	spell	3	Grave Cataclysm	Death	The caster slams their will into the ground, cracking reality as necrotic force erupts outward. Bones, blackened soil, and spectral fire burst from beneath the battlefield in a tide of ruin. The eruption consumes the area in a storm of shrieking skulls and grave-dust, draining vitality and slowing all caught within. The terrain twists as earth collapses into shallow pits littered with skeletal fraG.O.Dents, turning the battlefield into treacherous ground. Those struck feel their flesh weaken, their speed fail, and their courage shatter. The air hums with a dirge-like resonance, a reminder that death is the only true dominion. Tactically, this spell halts armies, shatters morale, and forces foes into chaos as allies exploit the weakened ground. Survivors crawl from the devastation marked by lingering necrotic burns. Even once the cataclysm fades, the terrain remains scarred, a haunted place that resists healing and growth. The spell is feared not only for its destruction, but for how it reshapes the land itself into a graveyard of its own making.
INT	WIS	spell	N/A	Eternal Black Sun	Death	The necromancer tears open the veil of death itself, birthing a blackened sun that hangs in the sky above the battlefield. This orb radiates necrotic energy in pulsating waves, its light not illumination but a suffocating shadow that extinguishes all warmth. The living feel their life-force wither as their flesh cracks and bones ache under its gaze. Corpses on the field stir, skeletal hands and half-rotted forms rising as the sun’s pulse animates the dead in grotesque parody of life. The terrain warps into a blighted wasteland, flowers withering, rivers slowing, and air thickening with death’s rot. Even spirits are caught, dragged screaming toward the orb, where they circle in endless orbit as a crown of wailing souls. Tactically, the spell halts entire armies: the living are weakened, the dead rise, and morale collapses under the crushing aura. When the black sun fades, nothing remains untouched—soil stays barren, survivors suffer lingering decay, and the memory of the sun’s shadow becomes legend. This is not merely a spell, but an apocalypse contained within a single will.
INT	WIS	sphere	2	Divination	Spellcraft	Divination reveals what is hidden—past, future, truth, or lie. It sharpens intuition, enhances perception, and peels back the veil. This magic doesn’t guarantee answers—it opens the door to seeing them.
INT	WIS	spell	3	Glimpse of Truth	Divination	A faint shimmer overlays the caster’s vision as veils peel away from sight. Small hidden objects, concealed markings, or faint traces of magic are revealed briefly. The spell does not grant deep insight, but it’s enough to uncover traps, notice hidden compartments, or detect if magic lingers on an object.
INT	WIS	spell	3	Echo of the Hunt	Divination	The caster closes their eyes and whispers the target’s name. A brief, intuitive flash points toward the target’s last known direction within short range. The vision is momentary—just enough to set the pursuit in motion.
INT	WIS	spell	3	Whisper of Tongues	Divination	A soft hum fills the caster’s mind as words spoken around them clarify. The spell briefly translates unfamiliar languages into a faint, intuitive understanding. Syntax remains broken, but intent and meaning become clear for a fleeting moment.
INT	WIS	spell	3	Eye of Secrets	Divination	The caster’s eyes glow with pale silver light as illusions and lies falter. Within a short radius, hidden doors, concealed glyphs, and invisible entities are outlined faintly. Allies in the area also gain a brief bonus to their perception, making it harder for foes to hide.
INT	WIS	spell	3	Whispered Fate	Divination	Whispering softly, the caster glimpses the threads of probability. For the next few moments, they foresee enemy intentions and ally actions. Allies react faster while enemies hesitate as golden filaments tug at choices not yet made.
INT	WIS	spell	3	Voice of the Lost	Divination	The caster tunes their senses to lingering echoes. Within a small radius centered on themselves, faint whispers of recent conversations or presences can be heard. This spectral resonance also reveals the strongest emotion that clung to the space.
INT	WIS	spell	3	Far-Seer’s Eye	Divination	The caster’s pupils glaze to mirrored glass as a silent, invisible sensor blossoms at a distant point in space. A faint, rippling bead of distortion forms a 10‑foot sphere, relaying clear sight and muffled sound back to the caster’s senses. Subtle glyph-threads tether the sensor to the caster, steadying the view even as the world turns around it. Veils thin: invisibility silhouettes as pale outlines, and lingering auras stain the air with color. The sensor can be planted in advance and released on a cue, ideal for ambushes or surveillance. Though distant, its presence is slightly concealed, like heat-haze on stone. The caster feels a whisper of wind and the grain of surfaces as if fingertips brushed them. Enemies appear slightly desaturated, making motion easier to track. The effect lasts briefly, but a skilled diviner chains placements to maintain coverage. Used well, it turns any battlefield into a watched board.
INT	WIS	spell	3	Expose the Flaw	Divination	A thread of cold understanding darts from the caster’s gaze and stitches itself into chosen foes. Their postures give away timing; armor gaps seem to widen; breath hitches just before they move. Pale sigils float over joints, seams, clasps, and blind‑angles—visible to allies as brief glints. The caster names a target’s weakness, and the party’s strikes fall truer. Each casting churns probability, turning hesitation into certainty. Even guarded foes feel watched, and the pressure slows their hands. For a fleeting exchange, every ally sees what the diviner sees. When the marks fade, the memory of angles lingers a heartbeat longer.
INT	WIS	spell	3	Oracle’s Reposition	Divination	The caster inhales futures and exhales a correction. In the instant before a blow lands, allies flicker along the lines of possibility and reappear a pace aside. Footfalls land where strikes are not; spears find only air as echoes of the allies remain behind. The diviner’s hand cuts three short arcs, mapping safe squares on an unseen grid. A heartbeat of acceleration hums through those moved, a sharpened edge to their timing. The jump is modest but decisive—doorways cleared, traps avoided, flanks seized. Each extra success pulls the path a little farther, as if the future leaned to help. The motion is velvet‑smooth and near‑silent, like thought. For an eyeblink, the world seems to remember two positions at once. Then it chooses the safer one.
INT	WIS	spell	3	All-Seeing Veil	Divination	With a ripple of silver light, the caster unfolds an immense dome of awareness. Within its boundaries, every secret is dragged into the open: illusions dissolve, concealed foes glow faintly, hidden passages etch themselves into view, and even whispers carry unnaturally clear. The veil does not discriminate—friend and foe alike are laid bare, their weaknesses scrawled across the vision of all who stand inside. The effect is overwhelming, but unmatched for unraveling deception and setting the battlefield in perfect clarity.
INT	WIS	spell	3	Threads of Fate	Divination	The caster’s hands weave luminous filaments of golden thread that lash out to up to five visible targets. Each thread binds into the target’s aura, exposing possible futures. The caster and allies glimpse moments before they occur—attacks before they land, movements before they begin. Targets bound by the threads stagger as their futures rebel against them, suffering slower initiative and faltering strikes. Every ally tied into the weave senses where to step next, as if fate itself whispered the path.
INT	WIS	spell	3	Revelation of Eternity	Divination	The caster’s form blazes with cascading runes of light, each glyph representing a hidden truth. With a single breath, the veil between what is and what could be tears wide open across the battlefield. All illusions, lies, and concealments collapse instantly; every creature in sight is outlined in blinding clarity, their weaknesses and fates scrawled openly in threads of fire visible to all. For three full rounds, the caster and their allies perceive not only the present but fraG.O.Dents of immediate futures—the swing of a blade before it moves, the crack of a spell before it forms. Enemies reel under the unbearable exposure, their actions faltering as destiny itself resists them. Though awe-inspiring, the Revelation also leaves the caster drained, their mind battered by too many truths at once. This spell is both a blessing and a terror, a force that can end wars—or unmake the diviner in its backlash.
INT	WIS	sphere	2	Earth	Spellcraft	Earth magic calls upon stone, soil, and structure. It grounds movement, reinforces forms, and shapes terrain. This is the magic of endurance, weight, and immovable presence.
INT	WIS	spell	3	Stone Pebble	Earth	The caster flicks their hand and a small pebble rips free from the ground or nearby debris, propelled forward with unnatural force. At its base form, the spell is little more than a magically-guided stone, useful for training, pestering foes, or distracting enemies. Yet, the spell’s simplicity hides its potential: as the practitioner’s mastery deepens, the pebble grows into heavier stones, razor shards, and eventually boulders hurled like meteors.
INT	WIS	spell	3	Earthen Tangle	Earth	From beneath the target’s feet, roots and hardened soil surge upward to clutch at their legs. The ground molds into crude, earthen hands that grasp and restrain. Victims find their steps falter, slowed as the soil pulls at their movements. The spell embodies Earth’s protective nature, stopping threats before they reach allies.
INT	WIS	spell	3	Stone Skin	Earth	The caster calls the essence of stone into their body, forming a skin of hardened earth across their flesh. The rocky coating muffles blows and dulls blades, giving the caster resilience in combat. While heavy, it protects against the most immediate strikes, buying precious time to act. Apprentices use this spell to learn Earth’s duality as both shield and weapon.
INT	WIS	spell	3	Stone Spikes	Earth	With a sharp gesture, jagged spikes of stone erupt from the ground in a sudden and violent display. The eruption pierces upward, skewering anything caught in its line of effect. The terrain itself becomes hazardous, slowing or discouraging enemies who might try to cross. This spell exemplifies the Earth sphere’s ability to weaponize the ground beneath their feet.
INT	WIS	spell	3	Earthen Grip	Earth	The ground itself stirs as the caster commands the earth to rise like a living hand. Jagged roots or rough stone fingers burst upward, clutching the target tightly. The victim finds themselves pinned in place, struggling against the raw weight of the earth. This spell highlights the Earth sphere’s ability to control both terrain and movement through natural force.
INT	WIS	spell	3	Rock Armor	Earth	The caster draws upon the surrounding earth, shaping it into a protective shell of stone that clings tightly to their form. Jagged shards, hardened plates, and compacted dust fuse into armor, granting a formidable bulwark against attacks. Though heavy and restrictive, the armor greatly reduces harm and makes the caster appear as an immovable force upon the battlefield. This spell embodies the enduring resilience and patience of the earth.
INT	WIS	spell	3	Stone Spire	Earth	With a crushing roar, the ground beneath the target heaves violently upward, forming a jagged stone spire that erupts from the earth. The sudden upheaval impales or crushes anything caught above it, while also altering the terrain to create a natural barrier. The battlefield shifts dramatically as the earth itself rebels against intruders, leaving both tactical cover and a lasting scar in the land.
INT	WIS	spell	3	Earthen Grasp	Earth	The ground churns and splits as massive stone hands burst upward, seizing their target with crushing force. The grip is unyielding, locking the victim in place while jagged rocks tighten around them. This spell embodies the implacable will of the earth—unyielding, unrelenting, and impossible to ignore. Those caught in its grasp find themselves at the mercy of stone itself.
INT	WIS	spell	3	Stone Maelstrom	Earth	The caster slams their staff or fists into the ground, unleashing a violent surge of stone and shale. The terrain erupts into spinning shards, creating a deadly whirlwind of jagged rock that tears through all within its reach. The battlefield becomes a grinding storm of stone, turning stable ground into a death trap. Such violent upheaval embodies earth’s raw fury, combining natural might with destructive will.
INT	WIS	spell	3	Continental Rift	Earth	The caster calls upon the primal might of the earth, tearing the battlefield apart with a sudden fissure. The ground splits open violently, swallowing enemies, toppling structures, and leaving behind a scar of devastation. The spell embodies the sheer destructive and uncontrollable power of tectonic upheaval, turning stability into chaos.
INT	WIS	spell	3	Avalanche	Earth	The caster commands a mountainside or conjures an overwhelming surge of rock and debris. A massive wall of stone and snow crashes down, crushing enemies and reshaping the battlefield. This spell demonstrates earth’s power not just to defend but to utterly overwhelm, burying foes in a tide of destruction.
INT	WIS	spell	3	Worldshaper’s Bastion	Earth	The caster draws upon the primal core of the earth, summoning an immense fortress of stone and living rock from beneath the battlefield. The terrain buckles upward as massive walls, towers, and barriers erupt into being, reshaping the battlefield into an impregnable bastion. This is not mere protection—it is domination of the land itself, bending stone to the caster’s indomitable will.
INT	WIS	sphere	2	Enchantment	Spellcraft	Enchantment alters properties of items, imbuing them with effects temporary or lasting. It’s the subtle reinforcement of armor, the glow in a blade, or the whisper of warmth in a cloak. Magic locked into matter.
INT	WIS	spell	3	Arcane Imbuement	Enchantment	The caster channels raw arcane resonance into a chosen item, weaving patterns of light and resonance that cling to its form. At Apprentice level, the effect is simple—an item glows faintly, radiates warmth, or carries a subtle sense of magical presence, marking it as touched by arcane hands. At Novice level, these enchantments sharpen into functional enhancements: a blade that bites harder, a shield that soaks more impact, or a trinket that glimmers with utility. By the time the caster reaches Mastery, multiple items may be empowered at once or layered with several minor effects, each enchantment persisting longer in the fray. At High Mastery, the caster can create battlefield relics whose power lasts beyond combat, resonating for a day or more, their presence shifting the tide of encounters. At Grand Mastery, the enchanter crafts overwhelming temporary artifacts—items burning with multiple enchantments at once, operating at the peak of mortal magic but still destined to fade when their woven resonance unravels. The spell’s beauty lies not in permanence but in the mastery of shaping fleeting brilliance into power.
INT	WIS	spell	3	Cleanse	Enchantment	The caster focuses their will into an object, purging dust, grime, spiritual residue, and unstable arcane traces that linger within it. At first, this manifests as a faint shimmer across the surface, like dew evaporating in dawnlight, leaving the object visually pristine. Beyond the physical, faint distortions of corrupted mana or lingering magical interference are dissolved, creating a stable lattice ready for new enchantments. This spell is indispensable for enchanters who wish to lay a flawless foundation before attempting more complex work, for even the smallest impurity can cause later enchantments to falter or backfire. While it bears little direct combat use, Cleanse is a ritual of care, discipline, and foresight. Its role is subtle yet essential: ensuring that what is built upon the object will endure.
INT	WIS	spell	3	Gleam	Enchantment	With a touch and a whispered word, the caster causes an object to radiate with soft brilliance. At its simplest, the spell produces a steady glow bright enough to light a dark chamber or guide allies through shadowed halls. The enchantment is more than simple illumination: blades may shine with a polished gleam, armor may shimmer with a lustrous sheen, or jewelry may radiate a subtle aura of charm. Though temporary, the effect makes the object appear more alluring, impressive, or mystical. This small spark of artistry demonstrates enchantment’s role beyond combat, blending beauty and function into everyday tools.
INT	WIS	spell	3	Runeward	Enchantment	The caster traces a glowing sigil across a surface or object, imbuing it with protective resonance. When triggered, the rune flares with light and creates a brief warding field, shielding the bearer or area from harm. At its simplest, Runeward hardens an object or bolsters a shield with resilience, but clever enchanters etch it on walls, doors, or even clothing for versatile defense. The ward fades quickly after activation, its strength spent, leaving only faint ash-like residue where the rune once glowed.
INT	WIS	spell	3	Weapon Spark	Enchantment	The caster lays a hand upon a weapon, causing it to hum with energy. For a short time, each strike resonates with a chosen element—flame, frost, lightning, or raw arcane force. Sparks trail from its edge or tip as it moves, making the weapon feel alive in the wielder’s grasp. While temporary, this enhancement can turn even a common blade into a potent tool of battle, glowing with dangerous promise. When the effect fades, the weapon reverts to mundane steel, the resonance discharged.
INT	WIS	spell	3	Echo Seal	Enchantment	By pressing their hand to an object, the caster leaves behind a faint shimmering sigil. This mark resonates with the caster’s mana, allowing them to detect or recall the object from a short distance. Adventurers often use Echo Seal to track stolen gear, mark hidden caches, or coordinate with allies through subtle signs. To those attuned, the mark glimmers faintly, like a heartbeat of light pulsing through the material. While temporary, it provides a valuable way to maintain awareness and control over objects across the battlefield or in exploration.
INT	WIS	spell	3	Attune Item	Enchantment	The caster channels steady waves of mana into a chosen item, saturating it with a stable mystical aura. The object vibrates faintly, glowing with soft resonance as its lattice aligns to receive further enchantments. Unlike fleeting buffs or battle-spells, this attunement lingers long after combat, unlocking the object’s capacity to bear complex magical bindings. Attune Item represents a rite of passage for all enchanters who pursue permanence: the moment when an ordinary tool becomes a vessel for lasting power. To observers, the object radiates potential, as though waiting for the next inscription or binding ritual to complete its transformation. While Attune Item carries no combat advantage on its own, it is indispensable in the progression toward artifact creation.
INT	WIS	spell	3	Edge Sigil	Enchantment	The caster presses two fingers to a weapon’s spine or grip and sketches a swift rune that flares, then settles into a steady ember-glow. A faint hum builds in the metal (or haft), as if the tool were breathing in time with the caster’s pulse. When swung or loosed, the weapon sheds threadlike sparks that trail each motion and vanish as they meet flesh, wood, or stone. The sigil does not sharpen steel; it weaves a temporary strike-channel that converts motion into raw resonant harm. Fighters feel the rhythm immediately—hits land heavier, parries bite, and even glancing blows carry weight. The effect is focused and short-lived, ideal for decisive pushes or finishing strikes. Smiths call it “borrowed edge,” a reminder that true sharpness returns to the mundane when the glow fades. Observers see only a disciplined flare, not a gaudy blaze; this is craftsmanship, not spectacle. When the sigil collapses, the weapon cools in a heartbeat, leaving no mark but memory.
INT	WIS	spell	3	Bulwark Sigil	Enchantment	The caster lays a palm on a shield rim, breastplate ridge, or layered leathers, tracing a compact ward-knot that sinks beneath the surface and steadies the wearer’s stance. A subtle pressure surrounds the bearer, like a firm wind always pushing from the right direction. Blows land duller; edges hesitate; impacts disperse across a web of unseen lines. The armor does not thicken—its resonance learns to catch force and pass it sideways. Veterans recognize the feeling: a quiet confidence that turns panic into poise. The sigil shines only when struck, a brief hexagonal shimmer that snaps out as quickly as it appears. For a short window, the wearer stands like a wall, and the wall remembers how to stand. As the rune unwinds, the armor exhales, returning wholly to its natural weight.
INT	WIS	spell	3	Permanency	Enchantment	The enchanter places a steadying hand on a prepared item while tracing a tight weave of runes in the air. The existing enchantment’s pulse is caught and held, then stitched from “active spell” into “native property.” A soft pressure hush spreads, and the room’s motion feels slightly slowed as the rite aligns. Minute filigree lines appear and sink beneath the surface, leaving only a faint watermark to trained eyes. The process is focused rather than flashy, and most casters perform it outside battle. Its tactical value lies in removing upkeep—turning a time-limited boon into a constant feature of the item. On success, the bound effect no longer counts as a running spell; it is part of the object. The result resists ordinary dispels and endures as long as the item endures. Those who treat this step like a flourish often fail; those who respect pacing leave works that outlast their age.
INT	WIS	spell	3	Arsenal Field	Enchantment	The caster sketches a circle in the air and snaps it downward; a pale ring blossoms on the ground, then rises as a faint dome. Within the field, allied weapons thrum with a hard, bright resonance that rides each swing and shot. Edges seem to catch the air a fraction longer; strings and bow-limbs settle into perfect line; hafts feel weightless at the instant of impact. The field does not scorch or dazzle—its craft is quiet power, turning trained motion into decisive harm. Enemies sense the difference as glancing blows start to bite and clean hits drive deeper. The perimeter holds steady, its surface resisting intrusion like taut silk, keeping the enchantment’s pattern from fraying under chaos. Commanders time charges to the field’s rise, pouring strength through a narrow window. When the dome fades, the light goes with it, leaving steel honest again. Smiths say it is the sound of a workshop’s best day, trapped for a moment on a battlefield.
INT	WIS	spell	3	Ascendant Weapon Sigil	Enchantment	The caster traces a seven-stroke rune along a weapon’s line—pommel to tip, grip to head—each stroke flaring, then sinking as if drawn into a hidden vein. The weapon answers with a low, steady tone that riders feel in bone and tendon. On the next breath it moves like a memory you never earned: weight perfectly placed, angle already found, follow-through already true. Every impact plants a bright echo that shivers the target’s guard, while the weapon itself drinks chaos and returns clarity. A secondary mark knots beneath the guard as a silent oath, ready to burst once against hostile magic that tries to seize the wielder or smother the strike. The air around the weapon seems fractionally thicker, as if the world agrees to carry the arc a little farther. This is not permanence; it is ascension on loan—enough to decide a duel, break a line, or write a legend for a day. When the sigil unwinds, the tone fades to silence and the weapon is only what it truly is, though the hand that held it remembers.
INT	WIS	sphere	2	Fire	Spellcraft	Fire magic is raw power—heat, combustion, and destruction. It consumes, clears, and transforms. Practitioners learn to wield not just flame, but the hunger and momentum that fire brings.
INT	WIS	spell	3	Flaming Dart	Fire	A small but potent dart of fire kindles at the caster’s fingertips. With a flick, it darts toward a nearby foe, scorching them with searing flame. While simple at first, this spell is designed to evolve with the caster’s growing mastery, steadily transforming from a modest spark into a devastating barrage of fiery bolts.
INT	WIS	spell	3	Ember Flick	Fire	A flick of the caster’s hand sends a tiny ember darting forward, glowing with a bright orange spark. Upon striking its target, it bursts with a sharp sting of heat that sears exposed flesh or ignites loose cloth. While the damage is minimal, its reliability makes it a favorite among students learning control of flame. Outside combat, it is often used to light candles, torches, or even kindling.
INT	WIS	spell	3	Heat Veil	Fire	The caster pulls warmth from the air and bends it into a thin shimmering veil that surrounds their body. This protective field softens the bite of fire, dampening flames that would otherwise sear flesh. Though temporary, it provides a moment of resilience in the heat of battle, allowing the caster to endure sudden bursts of flame. Beyond combat, the technique is sometimes used to withstand brief exposure to harsh environments such as volcanic vents or furnace rooms.
INT	WIS	spell	3	Scorching Ray	Fire	The caster focuses raw fire into a concentrated beam of searing heat that streaks across the battlefield. The ray strikes with precision, burning through armor and igniting whatever it touches. It is more potent than an ember or dart, able to cause real harm in combat, yet it still retains the speed of a direct strike. Outside of combat, the ray is often employed as a tool for cauterizing wounds or smelting small bits of ore, showcasing the utility of controlled flame.
INT	WIS	spell	3	Flame Wall	Fire	With a forceful gesture, the caster draws flame from the ground or air, shaping it into a blazing barrier. The wall crackles and roars, blocking passage and punishing those who attempt to cross through. While short-lived at Novice mastery, it provides both offense and defense, forcing enemies to choose between delay or injury. Many practitioners use it as a means of herding foes or controlling the flow of battle.
INT	WIS	spell	3	Cinder Burst	Fire	The caster snaps their hand or stomps the ground, causing a sudden burst of embers to flare outward. The cinders scorch lightly but can catch clothing, hair, or dry terrain on fire, creating momentary chaos. Though not devastating in raw damage, it is effective at disrupting groups of enemies or flushing out those in hiding. Practitioners often use this as a warning flare, a combat opener, or a flashy way to make a point in tense negotiations.
INT	WIS	spell	3	Inferno Wave	Fire	The caster thrusts both arms outward, summoning a sweeping tide of flame that races across the battlefield. The wave engulfs everything in its path, scorching earth, armor, and flesh alike while leaving a smoldering trail. Few defensive lines hold against its raw force, and even survivors are often left reeling in smoke and embers. Beyond combat, this spell has been used to clear forests, demolish buildings, and intimidate entire crowds at once.
INT	WIS	spell	3	Pyroclasm	Fire	The caster slams their staff, fist, or foot into the ground, splitting it with a booming crack. A geyser of molten flame bursts upward, then rains down in chunks of blazing rock and searing sparks. The impact leaves craters and fire patches scattered across the battlefield, reshaping the terrain with raw destructive force. Many consider Pyroclasm the signature mark of a true battle-mage, equal parts spectacle and devastation.
INT	WIS	spell	3	Phoenix Surge	Fire	The caster’s body ignites in radiant fire as they hurl themselves skyward, exploding outward in a blaze that takes the form of fiery wings. The flames crash down in a wide burst, incinerating enemies while leaving the caster briefly shrouded in heat and light. This spell is often viewed as both a weapon and a statement — the mark of Fire’s rebirth and ferocity. In myth, Phoenix Surge is sometimes said to channel a fraG.O.Dent of elemental spirit through the caster.
INT	WIS	spell	3	Hellstorm Crucible	Fire	The caster rends the sky itself, conjuring a boiling storm of fire and ash. Columns of flame fall randomly within the targeted zone, while the heat bends air and movement falters. The crucible both burns and restrains, forcing enemies to fight against searing gales as the ground cracks beneath them. More than raw destruction, it is imprisonment by living fire, and few can endure its duration.
INT	WIS	spell	3	Infernal Maelstrom	Fire	The caster manifests a spiraling vortex of fire and superheated wind that pulls everything toward its center. The flames whip around like a tornado, reducing visibility and making movement nearly impossible. Enemies are battered by fire damage each round and dragged into the core, where heat and pressure intensify. The spell turns the battlefield into a lethal furnace, consuming terrain and opponents alike.
INT	WIS	spell	3	Worldfire Convergence	Fire	The caster rends open the firmament, merging earth, air, and sky into a living apocalypse of fire. A colossal inferno sphere manifests, filling the battlefield with flame and heat so intense it warps the land itself. Within the inferno, space bends unnaturally—time slows, movements stutter, and those caught are dragged helplessly by currents of searing wind. Outside the core, flaming chains lash outward, binding and dragging enemies into the furnace. No battlefield, forest, or city can withstand its fury; it is a spell of endings.
INT	WIS	sphere	2	Illusion	Spellcraft	Illusion magic crafts what isn’t there—light, sound, shape, and shadow. It doesn’t force belief, but tempts the senses to accept falsehood. This sphere is the art of deception, disguise, and distraction.
INT	WIS	spell	3	Phantom Flicker	Illusion	A simple illusion of sound or light, Phantom Flicker distracts a single target with a false noise, glimmer, or flicker in their peripheral vision. The effect is fleeting but effective, buying a crucial moment for allies. On the battlefield, it can spoil an enemy’s aim or force them to glance away at the wrong time. Beyond combat, it serves as a tool of trickery for espionage or escape, misdirecting guards or onlookers. Its strength lies in subtlety rather than grandeur, but in the right hands it can shift the course of a skirmish.
INT	WIS	spell	3	Veiled Step	Illusion	Veiled Step cloaks the caster in faint shadows, their outline bending as if wrapped in heat haze. For a brief moment, their presence becomes harder to track, making it useful for repositioning or slipping from an enemy’s gaze. The effect is subtle, not true invisibility, but it can tilt the odds in stealth or combat. In the lore of Illusion, this spell is the first step toward merging with shadows themselves, a glimpse of the deeper shadowmancy to come.
INT	WIS	spell	3	False Face	Illusion	False Face allows the caster to briefly alter their appearance—shifting facial features, changing hair or clothing colors, or masking themselves with a simple disguise. While the illusion will not withstand close physical scrutiny, it is convincing enough at a glance. Adventurers use it to pass as someone else in tense situations, escape notice in a crowd, or hide their true identity. In combat, it can disorient foes for a moment, forcing them to hesitate before striking.
INT	WIS	spell	3	Phantasmal Echoes	Illusion	Phantasmal Echoes wraps up to three allies in rippling afterimages that lag a fraction behind each motion. To onlookers, each ally appears to split and rejoin, as if several half-real bodies were occupying the same space. Strikes aimed at one image pass cleanly through while the true form slides aside by inches. The illusions are purely visual but remarkably convincing at combat distance. A trained eye may notice a faint shimmer along edges where light refracts incorrectly, yet chaos often masks the tell. The echoes adapt to stance and footwork, keeping tempo with the bearer’s breath and weight shifts. Archers misjudge gaps, spearmen lunge a hair too soon, and blades carve only light. Outside battle, an escorted group seems larger, bolder, or more formidable than it is. The spell is favored by skirmishers and couriers who must cross contested ground without wearing heavy armor. It is illusion at its most praG.O.Datic: not to terrify, but to make enemies miss.
INT	WIS	spell	3	Specter’s Whisper	Illusion	Specter’s Whisper threads false voices into the minds of up to three creatures within earshot. A guard hears a captain calling from the far corridor; a duelist hears their mentor’s warning at the wrong moment; a mage hears a chant that never began. The sound arrives with directionality and texture, carrying footfalls, breath, or distant clatter as the caster desires. To outside listeners, the air is silent, creating dissonance that unsettles those affected. The whispers cannot force obedience, yet hesitation creeps into timing and judG.O.Dent. A wary target might pause, pivot, or break formation to confirm the ghostly call. In crowded alleys, the effect is devastating, sending patrols chasing echoes. The spell excels at sowing doubt before an ambush or masking an orderly retreat. Subtle casters use it as a scalpel; brash ones as a drumbeat of panic. It is the lie you half-believe because you want to believe it.
INT	WIS	spell	3	Glamour Veil	Illusion	Glamour Veil dresses up to three allies in coordinated masks of light and shadow, aligning colors, edges, and silhouettes into a shared deception. With a breath, plain clothes catch moon-sheen, badges bloom on breastplates, and faces assume borrowed dignity. The glamour flows across seams and armor plates, matching the gait and posture the caster imprints. At a distance, the group reads as guards, couriers, or visiting dignitaries; at arm’s length, small tells remain for the attentive. The veil also blurs micro-movements, lending poise and confidence where nerves might betray. In a melee, the same harmonized styling helps allies slip lines and re-form, the enemy’s eyes sliding off their true positions. Street crews use it for quick jobs; agents for exit plans when a room turns cold. The spell rewards planning: choose a role, hold formation, speak like you belong. When belief and illusion meet halfway, doors open.
INT	WIS	spell	3	Phantasmal Army	Illusion	A tide of shimmering figures surges onto the battlefield, indistinguishable from real soldiers. Their armor clinks, weapons gleam, and voices shout war-cries. Enemies struggle to tell friend from foe, often wasting attacks or retreating under the pressure of numbers. While the illusions cause no direct harm, the confusion they sow can collapse formations and turn morale against itself.
INT	WIS	spell	3	Veil of Shadowstep	Illusion	The caster blurs into shadow, creating afterimages with every movement. To enemies, it appears they are in several places at once. Attacks strike empty air, while the caster glides across the battlefield unseen. Though not true teleportation, the trickery is enough to dodge blows and reposition with ease.
INT	WIS	spell	3	Maze of Mirrors	Illusion	With a sweeping gesture, the caster conjures a labyrinth of reflective walls, bending light into impossible corridors. Enemies are trapped inside shifting passages, seeing countless false versions of themselves and their foes. The maze is disorienting, often leading to hesitation, failed strikes, or even allies striking at phantoms.
INT	WIS	spell	3	The Shattered City	Illusion	With a wave, the battlefield fractures into a false ruin: collapsing towers, broken streets, phantom screams of unseen citizens. Enemies stumble through rubble that is not there, ducking falling stones that never land. The illusion engulfs a wide zone, overwhelming senses with sights, sounds, and tremors of disaster. Though the destruction is false, those within lose orientation, strike shadows, and retreat from phantom collapse. To allies, it can feel like standing in two realities at once—the present battlefield and a city’s last moments frozen in nightmare.
INT	WIS	spell	3	Nightmare Menagerie	Illusion	The caster tears open the veil between thought and shadow, unleashing a stampede of phantasmal beasts that stalk enemies with terrifying realism. Wolves of smoke, serpents of shadow, and chimera stitched from memory surge through the battlefield. Their howls, roars, and jaws are all illusions, yet the mind makes them real enough to paralyze. Enemies swat at monsters that pass through steel, but fear roots them in place. The zone becomes a hunting ground of nightmares, with every corner another predator’s lair. For allies, the field is chaos but survivable—they can recognize the beasts for what they are if guided. This spell embodies Illusion at its peak: terror as a weapon.
INT	WIS	spell	3	Eclipse of Truth	Illusion	Reality itself bends under Eclipse of Truth as the caster layers sight, sound, and sensation into a single overwhelming deception. The battlefield is swallowed by darkness as a false eclipse rises overhead; shadows twist into predators, terrain folds into labyrinthine corridors, and even the passage of time seems uncertain. Enemies cannot trust their eyes or ears—ally and foe blur together, weapons strike at illusions, and orders dissolve in chaos. Some fall into phantom pits or retreat from collapsing walls that do not exist; others stand paralyzed as shadow beasts circle. For allies, the spell is no less disorienting, though prepared minds can cling to the caster’s guidance. The effect reaches beyond combat: survivors carry doubts of what is real, haunted by lingering visions long after the eclipse fades. At this level, illusion ceases to be trickery—it becomes an alternate truth, imposed on all who behold it.
INT	WIS	sphere	2	Life	Spellcraft	Life magic nurtures growth, vitality, and biological resilience. It restores wounds, accelerates healing, and stirs dormant energies within the living. It is magic that encourages the body to remember itself.
INT	WIS	spell	3	Vital Wellspring	Life	The caster taps into the raw flow of vitality itself, channeling threads of luminous life-energy into allies. At Apprentice level, this manifests as a simple restorative glow, sealing minor wounds and granting a fleeting warmth of resilience. As Novice, the spell matures into true battlefield healing, knitting flesh while bolstering vigor against toxins. By Master, the Wellspring becomes a font of renewal—its flow able to touch multiple allies, restoring vitality and fortifying their endurance for an entire round. At High Master, the caster not only heals but also shields, weaving protective wards that repel sickness, poisons, and curses while steadily restoring vitality for hours. At Grand Master, the Wellspring blossoms into a radiant beacon of life itself: a resurrection-tier miracle that heals all allies within reach, restores vitality lost to constitution drains, and shields the living with an aura of growth that can even revive the fallen under the G.O.D.’s ruling. This spell showcases the Life sphere’s highest calling—preserving, renewing, and exalting the force of existence itself.
INT	WIS	spell	3	Soothing Pulse	Life	With a gentle gesture, the caster channels a warm pulse of life-energy into a chosen ally. A faint glow spreads from their palm, mending scrapes and easing pain. The warmth lingers briefly, calming nerves and restoring a small measure of strength. In battle, the spell serves as a quick patch to keep allies moving, though its effects fade swiftly after release. Outside of combat, the pulse can ease minor injuries or aches, a comforting reminder of the caster’s bond to the living essence of the world.
INT	WIS	spell	3	Vital Exchange	Life	The caster willingly shares their own life-force with another, a delicate tether of green-white energy transferring vitality. While it restores an ally’s vigor, the strain leaves the caster weakened, a trade that must be weighed carefully. This spell embodies the raw truth of Life magic: healing often carries cost. The exchange is immediate, the caster feeling their own warmth slip away as their ally rises with newfound strength. It is a tool of sacrifice, a means to keep comrades alive when every heartbeat matters.
INT	WIS	spell	3	Renewing Wave	Life	A soft hum builds in the caster’s chest before spilling outward as pale-green light, rippling like water across the ground. The wave carries the scent of rain and new leaves, calming hearts and steadying breath. Tiny cuts knit, bruises lighten, and the sting of battle dulls in an instant. Companions feel a shared lift—enough to keep formation, reload, or press an advantage without breaking stride. The magic is precise rather than overwhelming, meant for skirmishes and quick recoveries. It favors coordination: staying close allows the group to catch the same pulse and rise together. Though its glow fades quickly, the aftermath lingers in morale and focus. Veterans learn to move into the caster’s radius at the right moment, treating this wave as a timing tool rather than a cure-all. In quiet, the same ripple can soothe frightened villagers or steady a wounded animal long enough for proper care. Life’s intent here is simple: a communal breath, then back to the work of living.
INT	WIS	spell	3	Cleansing Aegis	Life	A slender thread of living light coils around the target’s wrist, then unfurls into a thin, luminous shell. The shell tastes of mint and iron on the tongue, a telltale sign that foreign agents are being pushed out. Black veins lighten, bile settles, and a fever’s heat breaks with a soft hiss. The aegis focuses on purging a present affliction rather than fortifying endlessly. Once the impurity is canceled, a faint strength lingers—just enough to keep the body vigilant until the next exchange of blows. Fighters learn to time the touch between strikes, letting the shell snap into place and burn a toxin out before it spreads. Healers favor it in plague-wards and snakebite country alike, where speed beats ceremony. While the light lasts only a short while, its comfort steadies minds and restores discipline. The spell is not a panacea; some curses and eldritch blights resist mere life-light. Even so, when applied swiftly, it divides the living from the dying.
INT	WIS	spell	3	Verdant Bloom	Life	The caster presses a palm to the earth and feeds it a draught of raw vitality. Soil thickens, roots surge, and green shoots spear upward in a sudden hush. Vines loll across stone, softening hard cover and breaking harsh lines of sight into a gentle lattice. The ground takes on a living spring, as if the battlefield itself exhaled after a long drought. Archers duck behind fresh fronds; blades catch on pliant stems; feet learn caution where there was only dust. Though the growth appears in an instant, it feels natural, not summoned from nowhere but awakened. The effect is most potent in poor soil, where life yearns for any excuse to return. Commanders use it to sculpt lanes, mark rally points, or give pursuit a moment’s pause. Afterward, the plants remain until torn down, burned, or starved. In this way, the spell turns a moment of magic into a lasting change in terrain.
INT	WIS	spell	3	Verdant Bastion	Life	The caster slams their staff into the ground, and roots explode outward in a glowing spiral, forming a protective circle of living wood and flowers. Within this bastion, allies feel their wounds knit shut and curses unravel as the verdant energy pulses each step. Enemies who attempt to enter or remain inside find themselves tangled by living vines, their movements slowed and restricted by the earth’s embrace. The bastion becomes a fortress of vitality: a place where life surges, poison burns away, and foes are punished for encroaching on sacred ground. The contrast is striking—healing warmth to allies, and choking restraint to enemies. In the midst of battle, this spell turns open ground into a fortress of resilience and control.
INT	WIS	spell	3	Chain of Vitality	Life	Threads of green-silver light lance outward from the caster, linking multiple allies in a glowing web. Each thread pulses with shared energy, allowing damage to bleed across the web and vitality to flow in return. When one ally takes a blow, part of it is suspended, delayed in a shimmering ripple of time, only to be dispersed safely later among the group. Meanwhile, each heartbeat sends healing pulses through the chain, mending small cuts and bruises. The battlefield impact is immense: groups bound by this spell become harder to break, their strength pooled across the bond. Yet the link is perilous; if one falls, backlash ripples out, punishing the others. The sight of glowing life-threads weaving allies together is both beautiful and terrifying, reminding foes that the group stands—or falls—as one.
INT	WIS	spell	3	Vital Genesis	Life	When the caster kneels and thrusts hands into the earth, a surge of raw vitality bursts forth. Grasses, vines, and saplings erupt from barren ground, covering the battlefield in living green. Enemies caught in the growth find roots and branches snaring their limbs, pulling them to the earth with relentless force. At the same time, the plants exude rejuvenating energies, mending wounds of nearby allies and giving them renewed strength. The battlefield shifts completely: once-barren land becomes living terrain that shapes combat, offering cover, healing allies, and hindering foes. The smell of rain, soil, and blooming life overwhelms the senses, making it clear that nature has claimed dominion. Even after the magic fades, the plants remain as natural obstacles and proof of the caster’s will.
INT	WIS	spell	3	Eternal Bloom	Life	The caster strikes the ground with their will, and a colossal surge of life erupts outward. Flowers burst into bloom across barren stone, trees sprout where none stood before, and a shimmering emerald light radiates in all directions. Allies within the zone feel their wounds close, poisons unravel, and their spirits fortified with each pulse of vitality. Enemies caught inside find the very growth of nature turning against them—roots seize their ankles, their limbs are slowed, and the aura of life drains their strength. The battlefield itself transforms into a sanctuary and a prison: allies thrive while enemies are ensnared. Even when the magic fades, the greenery remains as a testament to the caster’s dominion.
INT	WIS	spell	3	Cycle of Rebirth	Life	The caster calls upon the primal rhythm of existence: life, death, and rebirth. A radiant sphere of golden-green light blossoms, filling the battlefield with the sound of heartbeats. Allies feel their wounds close and vitality return, while the bodies of the fallen stir—the spell suspends the finality of death itself. Those slain within the zone are temporarily restored to fighting form, bound by threads of borrowed life force, though the cost echoes through time. Enemies caught in the sphere feel their vitality siphoned away, their essence drawn into the cycle to empower the living. The spectacle is awe-inspiring: warriors rising from death’s edge, foes faltering as their strength is stolen, and the air heavy with the thrum of fate itself. Yet when the cycle ends, the balance demands payment—those revived must stabilize or perish once more.
INT	WIS	spell	3	Genesis Dominion	Life	The caster unleashes the ultimate expression of life’s dominion, a miracle that transcends battle and reshapes reality itself. With a thunderous pulse, the battlefield blossoms into a living biome: towering trees erupt from stone, rivers of green light course through the ground, and the air fills with the scent of bloom and rebirth. Within this sanctum, allies feel their wounds knit closed instantly, their spirits bolstered, and even the dead rise once more, pulled back into the cycle. Enemies, however, feel their vitality stolen, their limbs bound by vines, and their senses drowned beneath the overwhelming weight of life’s surge. Time itself bends within the zone—death is delayed, wounds resist permanence, and the very concept of decay is suspended. When the dominion ends, the terrain remains forever altered: a lush forest born in the span of heartbeats, an eternal reminder of the caster’s mastery.
INT	WIS	sphere	2	Negation	Spellcraft	Negation is the sphere of undoing—canceling spells, disrupting enchantments, and halting magical effects mid-cast. It doesn’t create; it silences. Practitioners become guardians against the uncontrolled.
INT	WIS	spell	3	Arcane Snuff	Negation	A sharp gesture scatters sparks of unweaving energy, snuffing out a minor magical effect. The unraveling looks like ink dissolving in water, eating away at the glow of enchantment until it vanishes. This works best on small cantrips, wards, or simple utility spells.
INT	WIS	spell	3	Detect Enchantment	Negation	A shimmering ripple passes over an object as the caster studies it. Enchantments reveal themselves as faint runes or colored veils hovering over the surface. The caster gains a sense of whether the magic is beneficial, harmful, or neutral.
INT	WIS	spell	3	Unravel Spark	Negation	The caster traces a quick sigil in the air and snaps their fingers, unraveling a single minor magical effect from a creature or object within reach. The effect gutters out in a shimmer of gray dust.
INT	WIS	spell	3	Dampen Aura	Negation	With a slow exhale, the caster mutes the magical resonance of a creature or object. For a brief moment, its aura flickers and weakens, making detection more difficult and suppressing minor benefits of enchantments. A faint gray haze clings to the target during the effect.
INT	WIS	spell	3	Spell Shatter	Negation	The caster projects a jagged pulse of black-white static at a foe, attempting to rip active magic apart. The energy arcs like cracking glass, snapping through ongoing protections or buffs. If the casting pushes against an unfamiliar weave, the strain can bite back.
INT	WIS	spell	3	Unweave Glyph	Negation	The caster kneels and presses a hand over a rune or ward, pulling loose the threads of its power without triggering it. Lines fade like smoke in a draft as sigils collapse into inert marks. The work takes a focused moment, ideal for traps and seals.
INT	WIS	spell	3	Arcane Lockdown	Negation	The caster slams their hand into the air, and a shimmering lattice of black-silver sigils cages the battlefield. Within this dome, all ongoing magical effects strain as if under pressure; wards sputter, summoned creatures flicker, and enchantments lose their grip. The effect is localized, forcing spellcasters to contend with a hostile zone of unraveling magic.
INT	WIS	spell	3	Mirror of Reversal	Negation	With a cutting gesture, the caster conjures a polished obsidian mirror of crackling light. The next spell cast against them or an ally is caught, refracted, and hurled back at its originator. The mirror flashes once before shattering, its shards dissolving into motes of light.
INT	WIS	spell	3	Seal of Silence	Negation	The caster inscribes a glowing seal mid-air; once complete, it detonates in a hush that devours all sound and snuffs magical chants. Casters inside the radius find their words vanish, gestures falter, and spellwork collapses into stillness. The silence is oppressive, broken only when the seal fades.
INT	WIS	spell	3	Annihilation Field	Negation	With a thunderous gesture, the caster tears open a roiling sphere of black static and jagged white arcs. Within its boundaries, all spells unravel—wards collapse, enchantments dissolve, conjured creatures falter, and protective barriers shred. The zone devours both ally and enemy magic, leaving raw silence where no spell can persist. The air hums like shattered glass vibrating in place, reality itself groaning under the negation.
INT	WIS	spell	3	Reflective Maelstrom	Negation	The caster spreads both arms, spinning an immense whirl of mirrored shards and black light around themselves. For a short time, hostile spells that strike the maelstrom are caught, refracted, and flung outward in chaotic arcs. Some rebound on their originators, others scatter to random foes, tearing apart order itself. The storm roars with a thousand voices of half-cast spells, until it finally shatters in a cascade of broken energy.
INT	WIS	spell	3	Oblivion Veil	Negation	The caster raises both arms and reality itself shudders. Black fractures crack open in the air, bleeding silence that swallows sound, color, and light. Within this vast shroud, all magic is unmade: wards collapse like sandcastles, enchantments are shredded to threads, conjured beings vanish screaming into void, and even ongoing spells of Grand Master tier falter beneath the unraveling weight. The Veil is not mere dispelling—it is *denial of the arcane’s existence*. The shroud spreads outward in a rolling wave of static silence, extinguishing magic wherever it passes. Both allies and enemies are stripped of their arcane power, left bare to steel and will alone. The air tastes of ash and stillness. When the Veil ends, the world does not immediately recover—magic takes minutes, even hours, to return to balance in the area. The spell is legendary, feared, and whispered of as a weapon that can unmake entire battlefields, kingdoms, or worlds if sustained.
INT	WIS	sphere	2	Soul	Spellcraft	Soul magic interacts with the inner essence of living beings. It can strengthen willpower, reveal karmic echoes, or reach into the deepest layers of identity. This is a sacred magic—personal, powerful, and deeply felt.
INT	WIS	spell	3	Soul’s Whisper	Soul	The caster places a hand upon a creature or object and opens their inner senses. At its most basic, faint echoes of the soul can be felt—warmth, presence, and vitality—hinting at the unseen patterns that bind life to spirit.
INT	WIS	spell	3	Ancestral Aegis	Soul	A faint halo of motes gathers at the caster’s brow, like dust caught in lamplight, then sinks into the skin with a comforting warmth. A whisper of remembered voices—ancestors, mentors, guardians—threads through the caster’s thoughts and steadies the breath. The world’s clamor softens; edges of panic round off; doubts lose their bite. On the battlefield this presents as poise under pressure: hands stop shaking, the heart stops racing, and grim determination replaces fear. The effect does not force bravery; it clarifies the will so it can choose. Subtle ripples in the soul make it harder for wandering spirits to probe or tag the caster with a quick reading. Tactically, it’s best triggered just before a charge, when enemy fright tricks or possession attempts are expected. It synergizes well with teams that rely on resolve under fire, buying a brief window to act cleanly. Old wardens taught it as a first defense: know yourself, then the enemy. The glow is barely visible unless one looks from the corner of an eye—and then it’s gone.
INT	WIS	spell	3	Lifethread Gift	Soul	A silver thread of light unwinds from the caster’s chest to their palm, pulsing with each heartbeat. On touch the filament leaps into the ally like a spark to tinder, and warmth floods bruised flesh and flagging spirit. The caster feels a brief tug—as if missing a step on a stair—then steadies as the transfer finishes. Wounds do not knit theatrically; they simply stop worsening, and color returns to the cheeks. In the scrum this is a swift triage, shoring up a friend who must not fall before the next exchange. Veterans learn to slide a hand along a forearm in passing, gifting strength without breaking stride. The rite is taboo for theft: it cannot rip life from the unwilling, only give freely. It is most efficient when the team rotates guard over the healer, letting quick touches keep the line intact. Soul schools teach it on day one with a simple rule—“Spend what you can stand.” The thread fades like breath on glass the moment the gift is given.
INT	WIS	spell	3	Echo of Emotion	Soul	A pale shimmer flits across the caster’s eyes as their perception slips beyond the physical. Every heartbeat in the area becomes a drum, every surge of feeling a ripple against the skin. The caster perceives not thoughts, but emotional signatures—fear tightening like a fist, anger sparking like static, calm flowing like water. On the battlefield this allows instant reading of morale, revealing who is faltering, who is about to lash out, or where hidden malice waits. Outside of combat it can be used to gauge truthfulness or the general atmosphere of a crowd. The effect is not invasive—it is more like hearing the tone of a voice without knowing the words. Mystics describe it as “colors of the heart” bleeding briefly into sight. The air smells faintly of incense when cast, though no smoke burns.
INT	WIS	spell	3	Soul Bind	Soul	Threads of pale silver light snake from the caster’s hand and lash around the target like ribbons caught in wind. The strands sink beneath the skin with a chill, anchoring the soul to its vessel and denying easy escape. The victim feels a sudden weight, as though an unseen hand is pressing them into place. Their movements drag, will feels tethered, and a sense of exposure creeps in as though the caster’s gaze reaches deeper than flesh. On the battlefield this halts quick retreats, prevents teleportation, or simply slows a foe long enough for allies to strike. The effect is not cruel by design—it was originally taught to prevent wayward spirits from fleeing before rites could be completed. To onlookers, the target appears wrapped in faint glowing threads that fade after a moment.
INT	WIS	spell	3	Warden’s Lantern	Soul	The caster raises a hand and conjures a ghostly lantern, its flame a cold white glow that reveals far more than light should. Shadows recoil unnaturally; hidden spirits are dragged into pale outline; invisible bindings are traced like spiderwebs in frost. Within the glow, allies feel safer, as if a quiet guardian watches over them. The lantern hovers just above the caster’s shoulder, moving as they move, and hums faintly with the sound of distant bells. On the battlefield it denies concealment tricks, unmasking cloaked foes or spirit-born threats. In social or investigative play it unmasks disguises of the soul, though not mundane masks. The glow fades after the round, leaving only a faint chill.
INT	WIS	spell	3	Astral Chains	Soul	Spectral chains burst from the caster’s hands, lashing out with an echoing rattle that vibrates in the bones. The chains are not physical—they bind the essence of a foe. When struck, the target feels the weight of entire lifetimes pressing down, dragging them into stillness. Ethereal shackles clamp around limbs and soul alike, glowing faintly with runic script. Onlookers see the victim slow as if time itself is reluctant to carry them forward. The battlefield shifts: one dangerous opponent is suddenly anchored, slowed, and exposed. The spell was first woven by temple guardians to hold possessed vessels until exorcisms could be attempted. Caster feels tugged at the wrists as if the chains are bidirectional, straining spirit against spirit.
INT	WIS	spell	3	Guardian Spirit	Soul	The caster calls upon a spectral guardian, a tall shimmering figure that hovers protectively at their side. The guardian’s form is indistinct—some see a knight, others a robed ancestor, others a beast-totem—but its presence radiates unyielding defense. With a sweep of its arm or wing, it deflects incoming strikes; its mere aura dissuades hostile spirits from approaching. The guardian lasts only moments, but in that span it can turn aside a fatal blow or drive back dark entities. When it fades, its last glance carries silent encouragement, like a parent sending their child into the storm. In combat, allies cluster close, trusting the phantom bulwark. The caster, however, feels the weight: summoning a guardian demands opening one’s soul as anchor, leaving them subtly drained once it departs.
INT	WIS	spell	3	Astral Step	Soul	The caster’s body flickers like a candle in wind, then splits into two forms—one remaining faintly visible, the other stepping through unseen corridors of soul-space. For an instant the caster feels stretched, like two notes of the same chord vibrating at once. Then, in a blink, they reappear yards away, leaving behind a fading after-image that bursts in a ripple of ghostly static. Onlookers gasp as the caster crosses impossible distance, circumventing barriers or repositioning behind foes. Though swift, it is not effortless: each step through the astral tears at the edges of one’s being, leaving a ghost-ache in marrow and mind. In lore, this spell is the first initiation into true astral travel, teaching soul mages how to slip sideways into realms between moments.
INT	WIS	spell	3	Astral Maelstrom	Soul	The caster exhales sharply, and the air warps into a spiraling vortex of pale light and shadow. Ethereal tendrils lash outward, seizing spirits and flesh alike, pulling them toward the churning center. Within the maelstrom, voices scream in forgotten tongues; fraG.O.Dents of broken dreams swirl like debris. The zone distorts movement and balance, dragging enemies together while slowing their actions. Allies feel a similar tug but are cushioned by faint wards if within the caster’s favor. Onlookers see the battlefield bend unnaturally, like a whirlpool in water made of ghostlight. This spell is dangerous even to its wielder—losing grip could pull their own soul into the tide.
INT	WIS	spell	3	Pale Legion	Soul	The caster closes their eyes and breathes out a plume of frost‑white essence. From the mist rise spectral warriors, translucent figures armed with ethereal weapons, their forms flickering like memories of battles long past. They march in silence, forming a phalanx around the caster and their allies. Each strike of the legion chills the spirit of enemies, sapping resolve and body alike. The summoned host is not fully real—they are echoes—but their presence overwhelms foes with fear and pressure, forcing openings for the living to exploit. Allies gain strength and courage from the guardians, fighting harder under the gaze of the ancestral host. When the spell ends, the legion fades into drifting motes, saluting before dissolving into nothing.
INT	WIS	spell	3	Eclipse of Eternity	Soul	The caster’s eyes blacken as their soul flares outward, blotting the battlefield in a twilight dome of stillness. All sound warps into muffled echoes, colors fade to gray, and every creature feels their heartbeat thunder in their ears. Within the eclipse, souls are bared: phantoms of past deeds flicker around bodies, ancestral voices whisper in a dozen tongues, and mortality presses down like a weight. Enemy spirits find their anchors fraying; allies feel spectral hands at their shoulders, steadying them. The caster stands at the center, arms outstretched, threads of light and shadow stretching from their body into every creature in sight. The dome does not simply restrain or reveal—it judges, binding foes in place, bolstering allies, and threatening to pull the very essence of the unworthy into the void. Even when it ends, the battlefield feels hushed, as though the world itself pauses to recover from what it just witnessed.
INT	WIS	sphere	2	Summoning	Spellcraft	Summoning calls creatures, spirits, or constructs across space, time, or realms. Whether temporary allies or long-term bindings, it brings the beyond into the present. Summoners must balance force with control.
INT	WIS	spell	3	Find Familiar	Summoning	A ritual of whispered names and a chalk‑marked circle calls forth a minor spirit in the guise of an animal companion. The familiar manifests with flickering eyes and a faint otherworldly hum, obeying simple commands and sharing quiet impressions with its summoner. It can deliver touch‑range spells and scout cautiously, but it is fragile and unwilling to engage in lethal violence unless the G.O.D. rules otherwise. Concentration keeps the bond taut; breaking it releases the spirit in a harmless puff of motes.
INT	WIS	spell	3	Call Trinket	Summoning	The caster slips their hand through a fold in space and retrieves a small object they already own—belt, pouch, or pack—into their palm. The item arrives with a faint shimmer and settles as if it had always been there. Ideal for clutch moments when rummaging would cost too much time.
INT	WIS	spell	3	Spirit Lantern	Summoning	The caster calls a gentle wisp from a neighboring plane, a palm‑sized mote that hovers at shoulder height and radiates steady light. It thrums softly, circling the caster and bobbing at points of interest with timid curiosity. While harmless, its presence is comforting and useful in darkness, provided the caster maintains focus.
INT	WIS	spell	3	Summon Pack Beast	Summoning	With a guttural call and a trace of planar energy, the caster summons a loyal but simple beast—a wolf, hound, or other medium animal—to fight or carry loads. The beast bursts into being with a shimmer of dust and growls at the caster’s foes. It obeys basic commands, vanishing when the spell ends. This spell shows how Target + Summon + Duration combine for battlefield utility.
INT	WIS	spell	3	Phalanx of Echoes	Summoning	The caster stomps the ground and ghostly soldiers march forth, semi-transparent echoes of ancient warriors. They form a loose wall, blocking passage and striking with spectral weapons. Though weak individually, together they harry enemies and shield allies. This demonstrates AoE + Summon + Shape synergy.
INT	WIS	spell	3	Retrieve from Beyond	Summoning	The caster reaches through a thin veil and draws an unattended object from afar. A book from a library shelf, a dropped weapon, or even a set of keys can be yanked into the caster’s hands. The air ripples as the object slides across space into the summoner’s grasp. This spell showcases Target + Summon + Spatial flavor.
INT	WIS	spell	3	Summon Warband	Summoning	With a thunderous chant and the rending of unseen veils, a half-dozen spectral warriors march forth in disciplined formation. Each wields a shimmering weapon and shields allies in their ranks. Their arrival echoes with the clash of unseen battlefields. The warband provides a temporary fighting force, able to harry enemies and defend positions. This spell demonstrates how multi-target + Summon + Duration + modifiers showcase scaling armies.
INT	WIS	spell	3	Obsidian Guardian	Summoning	By driving a shard of onyx into the earth, the caster summons forth a towering construct of stone and shadow. The guardian rises, broad-shouldered and immovable, its eyes glowing with runes of protection. This demonstrates Target + Summon Major + Control synergy.
INT	WIS	spell	3	Circle of Binding	Summoning	A glyph of glowing runes forms in a wide circle, dragging forth a struggling outsider. The creature claws and roars as glowing chains lash it to the circle’s edge. This demonstrates AoE container + Summon Major + Control + Shape.
INT	WIS	spell	3	Concord of Ten Thousand	Summoning	Runes lattice the air as rifts crack open. A disciplined cohort marches in—summoned individually—while a concurrent battle‑aura rolls over the field. Allies feel the rhythm and move in unison; enemies stumble and are shoved back by shield‑pressure as the air itself thickens. This build explicitly separates the “army creation” (Target + Multi‑Target + Summon) from the “formation field” (AoE + Buff + Debuff + Spatial + nested Control), so readers can see the modular assembly.
INT	WIS	spell	3	Seal of the Eclipsed Gate	Summoning	A bi‑CHAomatic ring unfurls and a gate to twin planes yawns wide. Two opposed outsiders are pulled through to clash while a time‑drag bubble locks the battleground. Gravity sways, courage surges in allies, and foes feel their will slow. This layout shows outer Temporal/Spatial anchoring a Spatial zone, with separate Target containers for two major summons, plus a dedicated Control container that immobilizes both.
INT	WIS	spell	3	Eternal Concord of Realms	Summoning	When this spell is cast, the battlefield itself becomes a convergence of planes. A monumental sigil ring burns into the ground, rising as a three-dimensional cube of glyph-lattices. Within the shimmering walls, armies stride forth: titanic guardians from one plane, spectral attendants from another, and shifting terrain drawn from both. Gravity flexes, the ground reshapes into ridged fortifications, and pact-threads lash every summoned to the caster’s command. Enemies who step into the cube are slowed and staggered by time-drag while allies feel a surge of courage and speed. At the caster’s word, the sigil flares again, banishing a chosen cadre of enemies in chains of light. The construct endures for the duration, undeniable proof that summoning is the art of weaving containers, not just opening doors.
INT	WIS	sphere	2	Time & Space	Spellcraft	Time & Space magic manipulates flow, position, and perception. It may accelerate or delay actions, fold distances, or create pockets of stillness. This is a delicate sphere—one misstep can echo far beyond the present.
INT	WIS	spell	3	Momentary Step	Time & Space	The caster flickers through space in the blink of an eye, stepping up to 15 feet to a visible space. Air ripples where they stood and snaps where they arrive, a faint echo lagging half a heartbeat behind. Perfect for slipping a grab, dodging into cover, or threading through tight terrain without provoking pursuit.
INT	WIS	spell	3	Temporal Glimpse	Time & Space	The caster catches a flicker of the immediate future, as though a page from time briefly turned ahead. This allows them to adjust their reaction at the last moment, granting an edge against danger. The glimpse lasts only a heartbeat, fading before it can cause paradox.
INT	WIS	spell	3	Slow Tether	Time & Space	With a subtle gesture, the caster tugs at the flow of time around a single target. The victim’s movements feel heavy, their steps dragging as though they wade through water. Though brief, the effect can tip the scales in fast-paced combat.
INT	WIS	spell	3	Blink Step	Time & Space	The caster vanishes in a flicker of warped light and reappears at a chosen spot within 60 ft. Air snaps with displaced sound, and afterimages linger for a heartbeat. Useful for bypassing obstacles, dodging strikes, or slipping through gaps mid-battle.
INT	WIS	spell	3	Stasis Snare	Time & Space	With a twisting gesture, the caster slows a foe’s time-flow, binding them as if trapped in syrupy air. Their limbs drag, thoughts stumble, and reaction falters. The snare fades after a round, but in that window, allies can strike freely.
INT	WIS	spell	3	Spatial Anchor	Time & Space	The caster tears open a faint ripple in space and chains their foe to it. The target feels an invisible weight, like gravity fixed them in place. They cannot easily flee or be moved, pinned by unseen bonds of distance itself.
INT	WIS	spell	3	Worldstride	Time & Space	The caster collapses their presence into a singular point, reemerging anywhere in the world within the same heartbeat. The transition is silent but marked by a faint smell of ozone and a shimmer like heat waves. Though instantaneous, the journey passes through dangerous void-currents—failed attempts can scatter pieces of the caster across the fabric of reality. This is the iconic “true teleport,” granting unmatched strategic freedom.
INT	WIS	spell	3	CHAono-Burst	Time & Space	With a thunderous pulse, the caster creates a temporal bubble that distorts the speed of all caught within. Allies feel their actions accelerate, blades and spells blurring; enemies slow, staggering as though time is syrup. Within this zone, battles resolve in seconds that stretch like hours.
INT	WIS	spell	3	Spatial Rend	Time & Space	The caster tears a jagged wound in space, creating a rift of crushing pressure. The distortion drags foes inward, bending light and air around it like a collapsing star. Those trapped near its edge feel bones stretch and weapons twist, while the center threatens annihilation.
INT	WIS	spell	3	Gate	Time & Space	The caster rends reality into a stable shimmering archway, connecting two distant points. Through it, armies can march, caravans can pass, and entire cities can exchange goods in moments. The gate is not without peril: void echoes leak around its edge, and improper anchoring risks flinging travelers into the abyss between places. While open, the portal is a glaring beacon of power that distorts air, gravity, and magic around it.
INT	WIS	spell	3	CHAono-Stasis Field	Time & Space	The caster freezes an entire battlefield in a shimmering dome of suspended time. Arrows halt in midair, flames pause as statues of fire, and creatures stand trapped in half-motion. Inside, only the caster (and optionally chosen allies) can still act, moving between frozen foes like phantoms through a painting. When the field collapses, all delayed events complete in an instant.
INT	WIS	spell	3	Infinite Labyrinth	Time & Space	With a sweeping gesture, the caster folds reality into an endless maze of doors, corridors, and mirrored halls. Space twists into recursive geometry: enemies turn corners and find themselves back where they started, allies are scattered into parallel passages, and entire armies can vanish into the shifting construct. Distances stretch infinitely; even a single step may take hours, while a mile collapses into an arm’s reach. The labyrinth persists as a living paradox until it unravels, often leaving geography scarred and minds fractured. Villages may find themselves displaced miles away, fortresses may be turned inside-out, and those who wandered within may emerge days older or younger, or not at all.
INT	WIS	sphere	2	Transmutation	Spellcraft	Transmutation alters the inherent nature of things. Lead becomes gold, water becomes gas, weakness becomes strength. This is the magic of change—refined, radical, or reversible.
INT	WIS	spell	3	Mend Stone	Transmutation	The caster runs their hand across cracked stone, and the fraG.O.Dents fuse back together with a faint earthen glow. Chips and fractures vanish, leaving the surface restored to functional strength. This spell is often used for quick battlefield repairs or sealing breaches in walls.
INT	WIS	spell	3	Purify Water	Transmutation	By dipping a hand into murky water, the caster draws out impurities which condense into a faint cloud before dissolving. The liquid clears instantly, becoming safe to drink. A classic spell for survivalists and travelers alike.
INT	WIS	spell	3	Resize Trinket	Transmutation	A small trinket glows with shifting light as the caster wills it larger or smaller. The object changes size temporarily, useful for concealment, smuggling, or convenience.
INT	WIS	spell	3	Shape Metal	Transmutation	The caster traces heatless sigils and the worked metal ripples like wax before settling into a new, serviceable form. Bars bend, plates seal, and crude hinges appear in moments. The effect is fast field‑craft, not master smithing; edges dull, tolerances are rough, and intricate mechanisms won’t survive. Sparks dance across the surface as stresses redistribute, then fade when the form locks.
INT	WIS	spell	3	Enlarge Object	Transmutation	With a firm command, a mundane object swells to twice its size and weight. Shields become bulwarks, ladders bridge gaps, and tools gain brute leverage at the cost of finesse. The transformation glows briefly, then stabilizes for a short time before snapping back to normal.
INT	WIS	spell	3	Stone to Mud	Transmutation	Stone darkens, slumps, and collapses into heavy mud under the caster’s touch. Walls sag, flagstones bog, and solid cover turns to a sucking mire in an instant. The created mud is mundane and remains unless otherwise altered by the scene.
INT	WIS	spell	3	Forgeheart Wall	Transmutation	The caster slams their hands into the ground, forcing stone to surge up and harden into gleaming alloy. The wall hums with metallic resonance, shielding allies and reshaping the battlefield. Sparks and heat flare as mundane rock becomes a transmuted barrier, persisting until destroyed or dissipated.
INT	WIS	spell	3	Chimeric Fusion	Transmutation	By binding two objects together, the caster fuses their essences into a hybrid form. A sword merges with a shield to become a cleaving guard; stone melds with wood into rigid planks. The union lasts only briefly, after which both items warp or splinter under the strain.
INT	WIS	spell	3	Mass Resize	Transmutation	With a sweeping gesture, the caster alters scale itself. Weapons grow absurdly large or comically small, ladders stretch into bridges, and crates shrink into handheld bundles. The battlefield bends as proportions rebel against natural law.
INT	WIS	spell	3	Worldshaper’s Maw	Transmutation	With a violent roar, the caster rends the battlefield itself. Stone liquefies, soil folds inward, and a jagged pit yawns open. Weapons and armor caught within warp and twist, their integrity failing. The area becomes an unstable zone where earth and matter ripple as if alive, threatening to drag all into the collapse.
INT	WIS	spell	3	Eternal Alloy	Transmutation	The caster draws disparate elements together into a single indestructible form. Stone, wood, iron, and crystal fuse into an everlasting alloy that defies time. Weapons forged in the zone gain mythical hardness; walls reforged cannot be broken by mortal strength. The spell showcases true mastery of matter’s essence, creating material outside normal physics.
INT	WIS	spell	3	Genesis Transmutation	Transmutation	At the pinnacle of alchemy, the caster becomes architect of reality itself. The battlefield trembles as stone flows like rivers, metals fuse into new alloys, and forests bloom or petrify in moments. Entire districts can be reshaped—mountains flattened into plains, deserts turned into fertile valleys, rivers redirected in their courses. The spell is not creation ex nihilo, but absolute reconstitution: what exists is rewritten into a new form. The effort shakes both the caster and the land, for such transformations echo beyond the moment of casting.
INT	WIS	sphere	2	Transformation	Spellcraft	Transformation reshapes form without altering substance. Flesh turns to fur, limbs become wings, size expands or contracts. It’s the sphere of self-reinvention and adaptive physicality.
INT	WIS	spell	3	Quickshift: Webbed Grip	Transformation	Grants subtle webbing between fingers for temporary swim/climb aid. Appears as faint aquatic lineage and fades quickly.
INT	WIS	spell	3	Skin of Scales (Lesser)	Transformation	Faint scales ripple over skin, granting momentary resilience. Subtle sheen, effective vs. cuts for one combat step.
INT	WIS	spell	3	Nocturne Pupils	Transformation	Eyes shift to slitted nocturnal form, enhancing low-light sight but impairing bright vision.
INT	WIS	spell	3	Gills of the Shorefolk	Transformation	Throat splits lightly along the sides with faint frills that filter water. A bubbling inhale in the river becomes oxygen-rich breath. The skin darkens to damp hues while in use. Perfect for short-term underwater scouting or ambush setups.
INT	WIS	spell	3	Chameleon Veil	Transformation	Skin ripples with shifting piG.O.Dent, echoing the colors of walls, brush, or stone. To the eye the caster melts into their surroundings, though motion may still betray them. The body feels slick, like standing in a shadow that clings.
INT	WIS	spell	3	Beast’s Limb	Transformation	One of the caster’s arms bulges and shifts, bones elongating, nails sharpening into claws. Strength surges through the altered limb, muscles coiling with animal force. The arm feels alien but powerful.
INT	WIS	spell	3	Wings of the Raptor	Transformation	From the caster’s back burst broad pinions of sinew and feather. Each beat stirs air with heavy gusts, carrying them skyward with instinctive precision. To onlookers, the transformation is awe-striking, a sudden declaration of predatory dominion. In combat it allows flight above walls and foes, changing the battlefield into three dimensions.
INT	WIS	spell	3	Packform Shift	Transformation	Several allies sprout lean muscle and sharp canines, their frames twitching with bestial energy. Their eyes glow with the same primal hue, their unity undeniable. The battlefield feels suddenly crowded with predators hunting as one.
INT	WIS	spell	3	Fleshbind Curse	Transformation	With a guttural word, the foe’s limbs twist inward, their body reshaping against their will. Muscles knot, joints lock, and for a moment they are trapped in a body that betrays them. The effect is grotesque but short-lived, leaving lingering ache when it ends.
INT	WIS	spell	3	Avatar of Chimera	Transformation	Caster’s body tears and reforms, merging aspects of lion, serpent, and eagle into a terrifying hybrid. A mane bristles, scales plate across skin, and taloned wings unfurl with brutal majesty. Every movement is accompanied by a chorus of alien growls and shrieks. On the battlefield, this is both empowerment and intimidation: claws rend, wings buffet, tail lashes, and enemies falter before the monstrosity.
INT	WIS	spell	3	Plagueform Wave	Transformation	From the caster’s outstretched palm bursts a ripple of mutagenic force, spreading like distorted heatwaves. Flesh in the wave contorts: enemies twist into weakened, brittle forms, while allies briefly harden and grow resilient. To observers, the effect is horrific — a tide of simultaneous empowerment and decay across the battlefield. It leaves an aftertaste of dread even after the shapes fade.
INT	WIS	spell	3	Genesis Metamorphosis	Transformation	The caster becomes the axis of a living storm, radiating waves of rewriting force. Across a vast radius, allies erupt into perfected hybrid forms—gills, wings, claws, armored hides—each tailored instinctively to their needs. Enemies caught within the wave convulse, bodies betraying them as limbs twist, senses fail, and vitality drains away. Terrain itself grows warped: trees sprout flesh-like vines, stone ripples as if breathing, rivers teem with hybrid fish. The battlefield is transformed into a nightmare of shifting biology. This spell is legend: where it falls, tales of gods reborn in flesh and terror are whispered for centuries.
INT	WIS	sphere	2	Water	Spellcraft	Water magic embodies flow, pressure, and adaptability. It may cleanse, crush, or conceal. Practitioners learn to harness water’s many forms—vapor, ice, and tide alike.
INT	WIS	spell	3	Aqua Lash	Water	A crisp ribbon of water coils from the caster’s hand and snaps forward with a clean, cutting strike. The impact stings and splashes, dousing embers and leaving a cool mist in the air. Simple and efficient, it’s a starter technique that scales with the practitioner’s growing command of water and storm.
INT	WIS	spell	3	Ripple Shot	Water	A bead of water swells at the caster’s fingertip, clear and sharp as glass. With a flick, it shoots forward in a straight line, whistling faintly as it cuts the air. On impact, the droplet bursts in a splash that stings flesh and dampens armor, leaving slick trails where it strikes. While minor in force, its precision and speed echo the inevitability of ripples spreading across a still pond.
INT	WIS	spell	3	Soothing Stream	Water	The caster channels a thin stream of cool water over a wound, the liquid glowing faintly as it closes cuts and restores vitality. The soothing stream leaves behind a feeling of calm renewal, though it requires the caster’s steady hand to maintain focus.
INT	WIS	spell	3	Tide Push	Water	With a sweeping gesture, the caster conjures a sudden surge of water in a broad cone. The tide crashes forward like a small wave, striking all caught in its path with surprising force. Enemies are shoved back, footing is drenched, and light objects scatter in the spray. Though lacking raw damage, the sheer momentum of water creates space and disrupts enemy formations.
INT	WIS	spell	3	Charged Grasp	Water	The caster channels water’s conductivity, charging their hand with crackling energy. Upon contact, a jolt of lightning arcs into the target, coursing along moisture and metal with violent precision. The strike seizes muscles, shocks nerves, and can arc faintly into adjacent water sources. Though risky to use in melee, its raw electrical surge embodies the dangerous synergy between water and storm.
INT	WIS	spell	3	Bubble Veil	Water	The caster surrounds themselves in a thin veil of swirling water bubbles. Each droplet refracts incoming blows, scattering force and dispersing energy like ripples through a pond. The veil does not block attacks entirely, but it softens the impact of weapons and dampens fire, lightning, or other elemental strikes. With focus, the caster maintains the shimmering barrier, its surface endlessly flowing to absorb punishment.
INT	WIS	spell	3	Riptide Grasp	Water	The caster conjures a surge of water shaped like grasping tendrils, which whip outward to seize a foe. The torrent coils around their body, striking with bruising force before constricting them in place. Each moment of resistance only tightens the watery grip, dragging the victim down as though drowning in an invisible current.
INT	WIS	spell	3	Stormcall Surge	Water	A swirling storm node manifests at the chosen point, a sphere of roaring wind and crackling arcs. Lightning lashes outward at everything within its reach, searing flesh and metal alike. The very air thickens with pressure, movement falters as though wading through a tempest, and sound is muffled by the roar of static. The spell teeters on the edge of control — one slip, and the storm may turn on its master.
INT	WIS	spell	3	Tide Wall	Water	The caster raises a surging wall of water that roars up like a tidal barrier. Projectiles slam into it only to be caught and dragged downward, their momentum swallowed. Fire gutters and dies as the wall steams, its volume absorbing the heat. For the spell’s brief existence, allies can rally behind its cover, fighting as if shielded by the sea itself.
INT	WIS	spell	3	Maelstrom	Water	The caster summons a roaring vortex of water and distorted space. The swirling maelstrom drags everything within its reach toward the center, battering victims with crushing currents. The pull is irresistible, and even the air warps within, making escape sluggish and clumsy. The vortex threatens to consume friend and foe alike, and without firm focus, even the caster may be swept into its grasp.
INT	WIS	spell	3	Tempest Crown	Water	The caster becomes the eye of a raging storm, lightning crackling outward in a halo of electrified rain and warped air. Foes near the caster feel their movements sluggish, their strikes unsteady, and bolts of lightning lash them without warning. Allies within the storm’s heart are shielded by surging waves of force, though the caster risks being caught in the overload of their own tempest.
INT	WIS	spell	3	Leviathan’s Awakening	Water	The caster calls forth the Leviathan — not a creature, but a world-shaking embodiment of water’s wrath. A towering avatar of surging tides erupts, its body churning with lightning arcs and warped space. Within its massive form, time stutters: movements freeze mid-stroke, voices drown in silence. Tentacles of current and flood lash outward, sweeping foes from their feet, restraining them in suffocating torrents. At its core, those seized by the Leviathan are pulled into a watery void — banished beyond reality to drown in silence until the spell ends. Allies quake, the land itself buckles, and even the caster risks being consumed by the ancient tide they dared awaken.
INT	WIS	sphere	2	Wind	Spellcraft	Wind magic channels movement, breath, and directional force. It guides arrows, lifts voices, and carries storms. Wind is both freedom and fury, guided by precision or set loose with abandon.
INT	WIS	spell	3	Gust of Renewal	Wind	A focused burst of air surges outward from the caster, shoving a target back and clearing the immediate space of smoke or dust. Though minor at first, the spell grows with the caster’s command of wind, evolving from small shoves into sweeping gales that can topple armies.
INT	WIS	spell	3	Cutting Draft	Wind	A sharp hiss splits the air as the caster flicks their hand, sending a razor-thin current of compressed wind toward a foe. The draft slices flesh and cloth with invisible precision, leaving shallow cuts. In combat it’s a light, quick strike to sting and distract; outside battle it can part rope, banners, or parchment with effortless neatness. While dangerous, the force lacks depth—armor and stone remain untouched.
INT	WIS	spell	3	Air Needle	Wind	A pin-thin filament of compressed air snaps from the caster’s hand with a soft hiss. It slices skin and cloth, leaving a sting more felt than seen. In battle it’s a precise poke to draw blood; in the field it cleanly parts rope or parchment. The magic fades the instant the pressure is released.
INT	WIS	spell	3	Suffocating Grasp	Wind	The caster clenches their hand, and the air within a foe’s lungs vanishes in an instant. Victims clutch at their chest as breath fails them, leaving them staggered and terrified. Though brief, the spell disrupts combat rhythm and can decide a duel in seconds. In lore, wind mages call this the “Grasp of the Airless Hand.”
INT	WIS	spell	3	Wind Step	Wind	Wind gathers around the caster’s legs and chest, lifting them in a sudden burst. The mage is carried forward on a compressed current, surging across the battlefield with startling speed. To others it looks like a blur of displaced air, not disappearance—an agile sprint made supernatural by elemental force. In lore, duelists spoke of Wind Steppers as those who never stood where the blade struck.
INT	WIS	spell	3	Whispering Zephyr	Wind	The caster breathes a word into the air, and the breeze carries it to another within range. The voice is heard as though whispered directly at the target’s ear, clear and unmistakable. In combat this allows silent coordination; in lore, wind messengers were prized among spies and lovers alike.
INT	WIS	spell	3	Cyclone Prison	Wind	Air erupts into a towering spiral, enclosing enemies in a shrieking vortex. The cyclone drags them inward, battering with debris and pressure. On the battlefield it isolates groups, cutting them off from allies while whittling them down. In lore, Wind Masters are said to “build cages from breath itself.”
INT	WIS	spell	3	Suffocating Dome	Wind	Air rushes outward with a sudden roar, then vanishes into a dead hush as the caster forms a dome of stillness. Inside, the very breath is stolen: lungs burn, voices choke silent, and flames gutter out. Soldiers stagger and claw for air, their cries muted by the weight of emptiness. To generals, it is a weapon of terror; to sages, the “Silent Glass,” proof that even wind can become absence.
INT	WIS	spell	3	Tempest Barrage	Wind	The caster summons a roaring gale threaded with lightning, hurling arcs of air blades and storm bolts across the battlefield. Foes are slashed, knocked prone, and their morale falters in the cacophony. In story, such storms are omens of gods stirring.
INT	WIS	spell	3	Storm Nexus	Wind	Dark clouds coil overhead as a roaring cyclone forms, crackling with lightning. Within its sphere, winds howl with shredding force, hurling foes to the ground while bolts arc wildly. The battlefield becomes a maelstrom of fury: sight obscured, movement crippled, and even the caster risks being caught in the chaos. In lore, it is said that summoning the Nexus calls the attention of storm gods themselves.
INT	WIS	spell	3	Worldstorm	Wind	With a sky-shattering roar, the mage tears open the heavens. A rift in the firmament births cyclones, lightning, and sheets of rain. Yet the true horror is not the damage—it is the reshaping of the world itself: forests flattened, rivers redirected, and battlegrounds unrecognizable. Armies vanish in the maelstrom, while legends speak of entire kingdoms scarred forever by a single invocation.
WIS	N/A	discipline	2	Clairsentience	Psionic Focus	Clairsentience expands perception beyond normal senses. It allows the user to detect presences, gain insight through intuition, or see what others cannot. This discipline doesn’t guess—it knows.
WIS	N/A	psionic skill	3	Object Echo	Clairsentience	By brushing their hand across an object, the psion glimpses faint echoes of its most recent interactions. Fleeting impressions of touch, emotion, or use bleed into the caster’s awareness—enough to sense who last handled the object or the strongest emotion tied to it.
WIS	N/A	psionic skill	3	Danger Sense	Clairsentience	A sudden surge of awareness heightens the psion’s instincts. Subtle shifts—creaking boards, held breath, hostile intent—flare in the mind, letting the psion react a beat ahead of danger.
WIS	N/A	psionic skill	3	Aura Glimpse	Clairsentience	The psion narrows their focus upon a living aura and, for a heartbeat, perceives the colors and ripples of surface emotion and intent—truths that flicker just beneath the mask.
WIS	N/A	psionic skill	3	Thread of Fate	Clairsentience	By focusing on a person or object, the psion glimpses a faint thread of probability extending into the near future. They sense whether danger, opportunity, or neutrality is most likely within the next few steps. These insights are vague but allow preparation against imminent shifts.
WIS	N/A	psionic skill	3	Echo Reading	Clairsentience	The psion attunes to a room or area, sensing the lingering echoes of presence. Footsteps, words, or emotions reverberate faintly, painting an impression of who or what has been there recently. In crowded places, impressions blur together, requiring focus to isolate useful details.
WIS	N/A	psionic skill	3	Aura Veil Pierce	Clairsentience	With effort, the psion pushes past surface impressions to pierce deeper layers of an aura. Subtle flickers reveal concealed motives, illness, or lies woven into intent. For the spell’s span, they may test truth against aura flow, discerning deception with greater clarity.
WIS	N/A	psionic skill	3	Web of Insight	Clairsentience	The psion threads together the unseen ties between people, objects, and places in their sight. Lines of connection glow faintly, revealing who is bonded, hostile, or tied by recent events. In combat, this allows anticipating coordinated moves and uncovering hidden relationships between enemies and allies alike.
WIS	N/A	psionic skill	3	Foresight Step	Clairsentience	By splitting awareness across branching futures, the psion glimpses what is about to occur moments ahead. They align their body with the “most favorable” path, moving or acting with uncanny timing. Enemies’ strikes are anticipated, allies’ openings foreseen, and actions unfold as if rehearsed.
WIS	N/A	psionic skill	3	Echo Chamber	Clairsentience	The psion extends their mind across a large chamber, filling it with the resonant “echo” of perception. Whispers, movements, and hidden passages vibrate like struck chords, revealing all presences and motions within. Illusions falter in this resonance, their frequencies discordant to the psion’s tuned awareness.
WIS	N/A	psionic skill	3	Threads of Destiny	Clairsentience	The psion perceives dozens of branching futures radiating from those around them, shimmering like spiderwebs of probability. For a brief span, they may tug these threads to steer fate slightly—guiding allies away from danger and into opportunity, while making enemies stumble into misfortune. The battlefield feels orchestrated, as if every motion had already been rehearsed.
WIS	N/A	psionic skill	3	World’s Whisper	Clairsentience	The psion sinks into the resonant hum of the land itself, their awareness spreading across a vast zone. Every heartbeat, every breath, every concealed presence sings into their perception. Nothing can hide—the psion feels footsteps underground, invisible creatures in the air, even shifting emotions of an entire crowd. Enemies find stealth impossible while this resonance lasts.
WIS	N/A	psionic skill	3	Eyes Beyond Time	Clairsentience	The psion opens their perception beyond the linear flow of time. For an instant, they stand within a storm of countless pasts, presents, and possible futures. They glimpse every strike before it lands, every deception before it is spoken, every hidden thing before it moves. For a fleeting span, the battlefield bends to their awareness—foes stumble into predicted blows, allies move in perfect synCHAonicity, and even the flow of events seems to “correct” itself around the psion’s foresight.
WIS	N/A	discipline	2	Metacreativity	Psionic Focus	Metacreativity draws from the mind to manifest objects, structures, or tools into temporary existence. It is imagination made tangible—an expression of will shaping the real.
WIS	N/A	psionic skill	3	Mind-Forge Tool	Metacreativity	A thin gleam knots in your palm and unspools into a crisp, semi-solid tool shaped by intent. The construct looks like faceted glass overlaid with faint runes, yet it handles like tempered steel. You decide the form as it appears—lockpick, screwdriver, pry bar, piton, chalk stylus, or another simple implement. The tool hums with a quiet resonance that steadies the hand and resists slipping, but when the moment passes it fractures into motes of light.
WIS	N/A	psionic skill	3	Force Buckler	Metacreativity	A disc of force blossoms from your forearm like a blooming, hex-tiled shield. The surface ripples to meet incoming strikes, redistributing momentum across a psionic lattice. It is weightless to you but solid to anything that touches it, and when the urgency fades the shield contracts to a coin of radiance and winks out.
WIS	N/A	psionic skill	3	Psi-Edge Blade	Metacreativity	A slender blade of condensed intent extrudes from your grip with a low, harmonic hum. Its edge is a hair-thin seam of light that lengthens or shortens to match your style. The weapon balances perfectly, guiding the wrist into clean cuts. The edge is more agreement than matter, and it fades if your focus drifts.
WIS	N/A	psionic skill	3	Ectoplasmic Barrier	Metacreativity	Your outstretched hand sketches glowing lines in the air that harden into a semi-transparent wall. The barrier hums with psionic energy, faint hexagons rippling across its surface like overlapping shields. Arrows thud and flatten, spells splash into harmless sparks, and charging foes are brought to a sudden halt. The wall’s integrity depends on your focus and dissipates once the moment has passed. The effect is as much psychological as physical—opponents hesitate when faced with a defense literally pulled from thought.
WIS	N/A	psionic skill	3	Ephemeral Ally	Metacreativity	You extend your will outward, and translucent light condenses into the shape of a hound-like guardian. The construct moves with eerie precision, guided by your subconscious commands. Its body is semi-solid, enough to bite or block an enemy, but collapses into misty shards if struck down. The ally acts as an extension of your mind, defending flanks or harassing vulnerable targets. Though fragile, its sudden manifestation shifts momentum on the battlefield.
WIS	N/A	psionic skill	3	Force Lance	Metacreativity	A spear of crystallized thought projects from your hand and shoots forward in a straight, piercing line. The lance glows with a sharp inner fire, humming as it cuts through air and armor alike. Enemies struck feel the weight of will as much as impact. The lance dissipates after impact, shattering into sparkling fraG.O.Dents of psionic residue. It is as much a test of the caster’s focus as it is a weapon, demanding precision of aim.
WIS	N/A	psionic skill	3	Citadel of Thought	Metacreativity	You extend your arms and the battlefield responds—panels of translucent psionic stone rise from nothing, clicking into place like puzzle pieces until a fortress wall surrounds your position. The structure towers above, complete with crenellations and angled buttresses. Each block glows faintly with glyphs of will, humming with pressure as if bracing against reality itself. The citadel offers allies cover and limits enemy movement, reshaping the tactical field in an instant. When the construct fades, the blocks fracture into drifting shards of thoughtstuff, dissolving like sand in the tide.
WIS	N/A	psionic skill	3	Eidolon Construct	Metacreativity	An imposing figure emerges beside you—a humanoid construct forged from glimmering psionic plates. Its eyes glow with borrowed will, its limbs powered by latticework energy. This eidolon acts as an autonomous ally, defending, striking, and interposing itself without direct command. Its form is unmistakably artificial, but it radiates presence and authority, causing hesitation among foes. The construct obeys broad intentions (defend me, attack them) rather than micromanaged instructions, freeing you to focus on the battle. When destroyed or dismissed, it breaks into shards of luminous crystal that scatter like fireflies.
WIS	N/A	psionic skill	3	Reality Armory	Metacreativity	Weapons and armor shimmer into existence around you and your allies—a storm of conjured blades, bows, and shields, each tailored to its wielder’s grip. The constructs appear weightless until grasped, then solidify with a satisfying heft. Armor molds to fit, scaling to protect the body without hindrance. These are not mundane tools but psionic resonances of ideal forms—always sharp, always balanced, always resilient. The sight of a squad suddenly armed by sheer thought is often enough to shift the tide of battle before the first blow is struck. When the duration ends, the armory dissolves like dust in sunlight.
WIS	N/A	psionic skill	3	Colossus of Will	Metacreativity	You call upon the depths of your mind and the ground trembles as a towering psionic construct rises—a colossal golem of faceted crystal and light. Standing thirty feet tall, it moves with deliberate force, each step shaking the battlefield. Its fists strike like siege engines, and its body shields allies behind it. Though limited in awareness, it obeys your intent with simple clarity: guard, strike, or block. Foes behold not just a giant, but the embodiment of unyielding imagination. When the construct fades, shards of radiant crystal rain down, scattering like broken dreams.
WIS	N/A	psionic skill	3	Reality Bastion	Metacreativity	You anchor your mind to the fabric of existence and unfold a bastion of psionic architecture—walls, towers, and radiant barriers interlock in a vast defensive zone. The fortress encompasses a wide area, creating ramparts and bulwarks that shift slightly to block incoming strikes. Inside the zone, allies feel a sense of safety as their steps fall in rhythm with the construct’s pulse. To enemies, the space becomes a gauntlet of shifting cover and choking routes. The bastion’s sheer presence alters the flow of battle, carving order into chaos. When it collapses, the sound is like glass breaking across the horizon.
WIS	N/A	psionic skill	3	Eternal Citadel	Metacreativity	Your will pours outward in an overwhelming cascade, rewriting the battlefield into a sprawling psionic citadel. Towers rise with crystalline spires, walls knit together from lattices of pure thought, and vast gates seal with glowing glyphs. Within its bounds, allies feel bolstered, as though the fortress itself breathes with them; enemies are crushed beneath the pressure of absolute structure, every movement met with resistance. The citadel warps the field into an ordered domain under your control—corridors channel combatants, vantage towers grant advantage to allies, and walls bar escape. It is more than a construct: it is a living idea, a fortress of mindstuff projected into the world. When it collapses, shards linger as psychic ruins—unstable terrain that resonates for days, haunting the minds of those who fought there.
WIS	N/A	discipline	2	Psychoportation	Psionic Focus	Psychoportation bends space through sheer intent. It enables movement without travel—blinking, shifting, or displacing across distances without physical action.
WIS	N/A	psionic skill	3	Dimensional Peek	Psychoportation	The psion stills their breath and lets their awareness slip sideways through the weave of space. A glossy ripple passes over their eyes like light across oil, and for an instant they perceive what lies just beyond a barrier, around a corner, or on the far side of a sealed door. Sound smears into a dull hum, colors flatten, and then snap back as the glimpse ends. On the battlefield, this lets them check a choke point or confirm an ambush without exposing their body. Outside combat, it reveals hidden alcoves, stashed packs, or lurking threats. The effect is brief and imperfect, more like a snapshot than a steady view.
WIS	N/A	psionic skill	3	Echo Step (Minor Boost)	Psychoportation	The psion gathers a taut crease of space beneath their heels, then releases it in a whispering pop. For a heartbeat their outline smears, leaving a faint after-image that seems to lag behind the body. The world feels a touch slower, footsteps landing in just the right gaps and angles. In combat, this micro-surge smooths a sprint from cover to cover or shaves the edge off an enemy’s timing. Outside battle it helps with tight jumps, quick dashes, or slipping through a crowd. The effect is subtle, not a full teleport, but it builds the reflexes psychoporters need for larger jumps.
WIS	N/A	psionic skill	3	Spatial Veil	Psychoportation	The psion pinches a fold of air and drapes it across themselves like a heat-haze cloak. Edges warp, lines misalign, and the eye slides across their outline as if focus refuses to land. On a crowded field this shimmer makes strikes just a hair off, arrows clipping where the body was a blink ago. The veil does not render them invisible; it merely scrambles the world’s attempt to pin their exact position. It is quick to raise and quick to fall, perfect for a decisive moment such as closing distance or slipping from a sightline. Though fleeting, it often turns a lethal blow into a near miss.
WIS	N/A	psionic skill	3	Blink	Psychoportation	The psion inhales sharply and vanishes in a ripple of warped air, reappearing in the blink of an eye. To allies and enemies alike, it appears as though they skipped a frame of reality itself. This trick allows apprentices to dodge an incoming blow, escape a tight bind, or move into a better position. It is limited in range, but mastering it is the first step toward bending space itself.
WIS	N/A	psionic skill	3	Phase Hand	Psychoportation	The psion presses their palm to a wall or chain, and their hand slides through solid matter as if it were mist. The sensation is cold, tingling, and unsettling. Apprentices use this to scout past barriers or slip bindings, though the danger is real—if focus fails, the body protests violently against occupying two states at once.
WIS	N/A	psionic skill	3	Anchor Blink	Psychoportation	The psion hurls a mental anchor at a chosen point, then reels themselves to it instantly, space collapsing in a whip-snap. A shimmer of distortion marks the arrival, like a stitch closing in reality. Apprentices use this to break grapples or close a gap, but misjudged anchors can leave them exposed.
WIS	N/A	psionic skill	3	Blink Assault	Psychoportation	The psion folds space around themselves, vanishing and reappearing in a flurry of disjointed steps that confound the eye. To enemies, it is as though three copies of the caster exist at once, each one striking from a different angle. In reality, the psion blinks between positions faster than thought, disorienting opponents and landing blows in their wake. The battlefield shakes with distorted echoes as their presence skips across the map. This spell makes the psychoporter a blur of offense, darting between foes before they can react.
WIS	N/A	psionic skill	3	Phase Passage	Psychoportation	With a sweeping gesture, the psion draws a door in the air, space parting like a curtain. A shimmering gateway yawns open, its edges wavering as though underwater. For a brief time, allies may step through, emerging safely on the other side of a barrier or across dangerous ground. The passage is fragile and unstable, its edges sparking with warped light, but it can save an entire group in desperate situations.
WIS	N/A	psionic skill	3	Dimensional Anchor	Psychoportation	The psion slams a hand outward and the air shatters like glass, invisible lines snapping into place around the target. Space itself clenches, fixing them to one point and preventing escape by physical or magical means. A shimmering net of warped light crackles around the victim, binding them to their position as though nailed to reality itself. This spell is feared by fellow psions, for it denies their greatest defense—mobility.
WIS	N/A	psionic skill	3	Cataclysmic Rift	Psychoportation	The psion tears open a jagged wound in space, splitting the battlefield with a gaping chasm of distorted dimensions. Gravity howls inward, dragging combatants and objects toward the shimmering edge. The rift is not truly a hole in the ground but a breach in reality itself, its edges shimmering with impossible colors. Foes tumble screaming into nowhere, while allies cling desperately to stay clear. The ground vibrates, sound fractures, and for a brief moment, the world feels as though it will come apart.
WIS	N/A	psionic skill	3	Phase Exodus	Psychoportation	The psion lifts their arms as if opening curtains, and a shimmering aurora descends over their allies. With a thought, they vanish in a cascade of light, stepping all at once into a folded corridor of unreality. For a heartbeat they traverse an endless crystal hall, then emerge miles away in perfect formation. The shift shakes stomachs and rattles bones, but it pulls an entire company from certain death to safety in the blink of an eye.
WIS	N/A	psionic skill	3	Eternal Horizon Gate	Psychoportation	The psion spreads their hands wide, and reality groans as if under titanic strain. A colossal arch of blinding light rises, tall enough to scrape the sky, its interior filled with rolling storms of stars and shadow. The air warps, drawing nearby objects toward the gate like a tide. With one step, an army may vanish into new lands or strange realms; with another, a city may be evacuated in moments. The caster feels the weight of infinity pressing down, for the gate does not simply connect two points — it writes a permanent scar between them. Where once there was distance, now there is none. Legends tell of psychoporters who used this art to redraw the maps of nations in a single night. Few survive the toll, for to open the horizon is to invite the infinite.
WIS	N/A	discipline	2	Psychokinesis	Psionic Focus	Psychokinesis is force without form—movement, vibration, and kinetic energy directed by thought alone. From lifting objects to striking enemies, the mind becomes a physical force.
WIS	N/A	psionic skill	3	Ember Spark	Psychokinesis	From the psion’s hand flares a sudden glimmer of heat, a spark called from thought alone. The flame leaps into existence with a faint hiss as the air itself combusts under mental command. A streak of fire darts forward in a jagged line, striking a single target with searing precision. The flash illuminates nearby shadows, throwing the battlefield into brief relief. Enemies struck feel the sharp sting of burning flesh and the acrid smoke that clings to skin. Though minor, the damage is immediate and undeniable, a lesson in the destructive promise of elemental will. Tactically, this spell provides a quick ranged strike, offering the psion a reliable opener. Its reach allows the caster to stay just out of melee range, while still engaging enemies with force. Lore whispers that the first psychokinetics trained by igniting their own sparks as proof of awakening. It is a spell as much symbolic as functional: the flame that begins the greater blaze.
WIS	N/A	psionic skill	3	Stone Rattle	Psychokinesis	With a single stomp or clenched thought, the psion calls the ground to life. Stones grind against one another, the earth quivers in protest, and a shudder ripples beneath the chosen target. Dust leaps upward as though startled, and cracks vein outward from the point of impact. The effect strikes balance and confidence, causing a brief stagger and a strike of bruising force. On the battlefield, this creates both a visual distraction and a functional disruption of footing. The sudden tremor makes enemies hesitate, giving allies a window to press the attack. Tactically, it is best used in melee to disorient a foe and make follow-up strikes more effective. Ancient training scrolls suggest Stone Rattle was favored by novices learning to link mind with matter, a simple but potent expression of earth’s resonance. The spell echoes a truth of psychokinesis: even the smallest vibration can alter the flow of combat.
WIS	N/A	psionic skill	3	Gust Lash	Psychokinesis	The psion sweeps their arm or focuses their will, and the air itself hardens into a cutting lash. A burst of pressure arcs outward in a sharp strike, striking the target with stinging impact. The sudden gust rattles clothing, snaps hair back, and forces the body to yield to invisible momentum. Enemies are shoved backward, their stance thrown off by the unexpected force. On the battlefield, Gust Lash is a control tool—used to break charges, push enemies away, or clear space for regrouping. The damage is absent by design; the value is distance and tempo. Tactically, it shines when employed to keep foes from closing into melee or to shove them into hazards. The lore of wind-wielders says this technique mirrors the “first breath of the storm,” a warning before greater power arrives. It is the subtle assertion of control: air as a weapon, not just a resource.
WIS	N/A	psionic skill	3	Flame Jet	Psychokinesis	With a snap of focus, the psion ignites raw oxygen and will into a stream of fire. A roaring jet of flame bursts outward in a short cone, lighting the battlefield in crackling orange light. The heat singes hair, chars armor, and blackens stone in its wake. Enemies within the jet stagger from the sudden blast, their footing weakened by searing pain. Tactically, this spell clears groups of tightly packed enemies and controls chokepoints. The spell is a direct escalation from the apprentice’s spark—no longer a flicker, but a blaze that consumes. Lore calls it the “psion’s torch,” the first sign they command more than minor embers.
WIS	N/A	psionic skill	3	Rock Shard	Psychokinesis	With a sharp gesture, the psion rips loose a fraG.O.Dent of stone and hurls it forward with crushing speed. The shard whistles through the air before slamming into its target with bone-cracking force. Dust and splinters of rock scatter outward, leaving a visible scar upon the battlefield. Enemies hit feel the weight of earth turned against them, as though the mountain itself chose to strike. Tactically, this spell gives psions a ranged kinetic strike, useful when melee is too dangerous. Lore holds that many young earth-shapers first prove themselves by felling a beast with a conjured stone.
WIS	N/A	psionic skill	3	Wind Shear	Psychokinesis	Air gathers in a vibrating hum, then lashes outward in a crescent wave of cutting force. The invisible strike slices through the battlefield, ruffling banners, tossing debris, and striking all caught within its sweep. Those struck feel both the sting of the slicing air and the shove of raw momentum. Tactically, Wind Shear is valued for crowd control, disrupting advancing lines and punishing clustered formations. Lore paints it as the echo of great storms—psions reaching into the breath of the sky to carve their foes apart.
WIS	N/A	psionic skill	3	Molten Surge	Psychokinesis	The psion slams their will into the earth, causing molten rock to burst upward in a fountain of fire and stone. The ground splits, spewing maG.O.Da and searing fraG.O.Dents in a roaring column. Enemies caught in the eruption are burned, battered, and forced to stagger back from the heat. The battlefield becomes a searing hazard, glowing cracks marking the terrain. Tactically, this spell is used to break clustered formations and deny ground, turning open space into a hazard zone. Lore whispers that this technique comes from ancient psions who sought to imitate volcanoes, channeling the destructive heart of the world itself.
WIS	N/A	psionic skill	3	Lightning Chain	Psychokinesis	An arc of lightning leaps from the psion’s hand to strike a foe, then dances onward in jagged forks to strike others nearby. The air fills with the crackle of ozone and the blinding flash of electricity. Each target struck convulses under the shock, muscles locking, weapons clattering from nerveless hands. The battlefield becomes a dance of sparks as enemies are struck in sequence. Tactically, Lightning Chain punishes groups, spreading damage across multiple opponents with ruthless efficiency. Legends tell of storms given will, striking not once but many times in jagged rhythm.
WIS	N/A	psionic skill	3	Crushing Grasp	Psychokinesis	The psion extends an invisible hand of raw force that seizes an enemy, wrapping them in an intangible but unyielding grip. Bones creak as the unseen pressure tightens, holding the foe aloft or pinning them to the ground. The target struggles as if in the fist of a giant, unable to break free without immense effort. Around them, dust and debris whip about as the force manifests visibly to all. Tactically, this spell removes a single enemy from the fight, immobilizing them and slowly crushing their strength. Lore names this the “giant’s hand,” the psion made titan through will alone.
WIS	N/A	psionic skill	3	Maelstrom Vortex	Psychokinesis	With a thunderous roar, the psion twists elemental forces into a whirling vortex of water, wind, and debris. The battlefield erupts as a storm-center forms, dragging enemies toward its heart. Those caught inside are battered by shards of stone, razor winds, and crushing water currents. The roar deafens allies and foes alike, the ground shuddering under its pull. Tactically, this spell dominates terrain, locking groups of enemies into a zone of chaos where movement is near impossible. It is best used to disrupt entire armies or break sieges. Lore paints this technique as the psion’s ultimate defiance, calling the chaos of nature itself to swallow all who stand against them.
WIS	N/A	psionic skill	3	Seismic Rupture	Psychokinesis	The psion drives their will into the earth itself, causing an eruption of devastating earthquakes. The ground splits open, stone heaves upward, and shockwaves ripple outward in deadly pulses. Buildings crack, walls topple, and enemies stumble helplessly in the chaos. Fissures glow faintly as latent maG.O.Da seeps through, the earth itself screaming as it reshapes. Tactically, this spell devastates fortifications, topples lines of defense, and crushes those caught unaware. The quake reshapes the battlefield, leaving terrain forever changed. Lore marks this power as forbidden, for it blurs the line between psion and natural disaster.
WIS	N/A	psionic skill	3	Cataclysm	Psychokinesis	With a single overwhelming exertion of will, the psion calls forth the fury of all four elements in catastrophic harmony. The ground splits into molten chasms as fire erupts skyward. Cyclones roar into being, ripping trees and fortifications from their foundations. Walls of water crash down in impossible tides, drowning the battlefield in chaos. Lightning arcs wildly from storm clouds that coil overhead, striking ground and flesh alike with relentless fury. The world itself seems to convulse, reshaped into a zone of annihilation. Tactically, Cataclysm is both battlefield eraser and ultimate deterrent, obliterating entire armies or fortresses in one act. Few survive its casting; fewer still survive its aftermath, where terrain lies forever scarred. Lore speaks of psions who invoked this only once, collapsing under the strain, their bodies burned out as conduits for destruction too great for any mortal. This spell is not just an attack — it is a rewriting of nature’s law under the weight of thought.
WIS	N/A	discipline	2	Psychometabolism	Psionic Focus	Psychometabolism controls the body from within—healing, enhancing, or adapting it through mental command. With this discipline, the mind rewrites the flesh.
WIS	N/A	psionic skill	3	Cellular Mend	Psychometabolism	With a breath drawn inward, the psion visualizes strands of light knitting through torn flesh. A soft warmth radiates from within, not imposed from outside but summoned by the body’s own accelerated will to survive. Wounds close with faint luminescent lines, fading to scars that quickly soften. On the battlefield, this is a quick patch—not full restoration, but a stabilizing anchor that keeps an ally or the psion themselves in the fight. Practitioners describe the sensation as both exhausting and soothing, the body racing ahead of its natural pace. It is most effective for minor cuts and bruises, but can buy time against deeper injuries. The spell teaches discipline early on—every mend reminds the psion that flesh and thought are inseparable.
WIS	N/A	psionic skill	3	Adrenal Surge	Psychometabolism	The psion focuses on their heartbeat, coaxing it into a rapid but controlled rhythm. Heat surges through the veins as muscle fibers tighten and reflexes sharpen. For a brief window, strength and speed flare to superhuman levels, empowering strikes or evasions that would otherwise be impossible. This spell manifests with a red flush to the skin, dilated pupils, and trembling readiness. On the battlefield, it is the difference between being caught and slipping free, or between landing a decisive blow and faltering. The drawback is equally clear—once the surge fades, the body aches with the rebound of forced exertion. Students of psychometabolism learn restraint here, for overuse burns the candle at both ends.
WIS	N/A	psionic skill	3	Metabolic Purge	Psychometabolism	Closing their eyes, the psion visualizes impurities as shadows within the bloodstream. With a mental push, sweat beads and a sharp chill runs through the body as toxins, alcohol, or fatigue burn away. The caster coughs or shivers as the body expels what does not belong, leaving them clearer, sharper, and lighter. In combat, this allows a poisoned ally to fight on, or the psion to shrug off exhaustion mid-battle. It is not without risk—the body feels wrung out afterward, as though sprinting a marathon in seconds. The spell is often accompanied by a faint smell of iron or bitter herbs, depending on the user’s psyche. Philosophically, it embodies the psychometabolist’s creed: that impurity is a choice, and resilience is discipline made flesh.
WIS	N/A	psionic skill	3	Cellular Regeneration	Psychometabolism	Concentrating inward, the psion floods their cells with restorative energy, accelerating natural repair. Wounds close, bruises fade, and fatigue lightens as the body knits itself with uncanny speed. Skin glows faintly as if lit from beneath, and the target feels a buzzing warmth spreading through every limb. The healing is powerful but taxing; the body often needs extra rest after the process, as accelerated growth takes a toll. In battle, it can mean the difference between collapse and standing strong.
WIS	N/A	psionic skill	3	Iron Skin	Psychometabolism	By sheer force of will, the psion hardens flesh and bone until they gleam faintly with a metallic sheen. Strikes that would normally cut or bruise rebound or scrape with sparks. To observers, the skin looks like living steel: rigid under blows yet supple in motion. When the effect fades, bruises blossom and the body aches from strain, as though it had borne the weight of armor from within.
WIS	N/A	psionic skill	3	Metabolic Burn	Psychometabolism	The psion accelerates their body’s metabolism to a fever pitch, burning reserves for explosive power. Muscles swell, eyes sharpen, and heat radiates from the skin. For a short time, the body pushes beyond its natural limits, granting both offense and speed. The aftermath is severe exhaustion: the body trembles, drenched in sweat, as though recovering from illness. Used wisely, it can end fights before its toll is felt.
WIS	N/A	psionic skill	3	Hypermetabolic Overdrive	Psychometabolism	The psion ignites every cell into furious overdrive: muscles flex beyond their safe capacity, heart and lungs pound like war drums, and eyes blaze with raw focus. The caster or chosen ally becomes a storm of motion and violence, striking harder and moving faster than biology should allow. Flesh steams with heat, weapons strike with unnatural precision, and enemies can scarcely keep up. When the overdrive ends, the body crashes—trembling and aching as if it burned weeks of energy in moments.
WIS	N/A	psionic skill	3	Adaptive Regeneration	Psychometabolism	The psion channels healing into not just recovery, but adaptation. Wounds close, scars fade, and the body re-grows stronger in the process: bones mend denser, skin thickens, and reflexes sharpen. The target feels a buzzing vitality as damage is undone and resilience reinforced; afterward, intense hunger and soreness arrive as the bill comes due.
WIS	N/A	psionic skill	3	Biofeedback Field	Psychometabolism	With a sharp exhalation, the psion projects metabolic control outward, creating a pulsing field of resilience. Allies within feel invigorated—breath deepens, muscles flood with energy, and bodies resist poison and fatigue. Enemies feel the air turn heavy and hostile, each motion dragging against them. When the field collapses, allies sag with momentary drain—but the fight often tilts before that moment.
WIS	N/A	psionic skill	3	Metabolic Dominion	Psychometabolism	The psion seizes control of all living metabolisms within reach, amplifying allies and suppressing enemies in one terrible act of will. Hearts thunder, muscles strain, and minds blaze in synCHAonized overdrive while foes choke on sluggish pulses. The battlefield becomes an echo of the psion’s internal rhythm—life itself beating to their cadence.
WIS	N/A	psionic skill	3	Regenerative Metamorphosis	Psychometabolism	With immense focus, the psion rewrites flesh on the fly: wounds knit closed, organs reset, and even missing limbs can regrow in moments. Energy floods the target, pushing their biology into dangerous hypergrowth. While vitality surges and injuries vanish, the target risks collapsing under the weight of accelerated change.
WIS	N/A	psionic skill	3	Genesis Renewal	Psychometabolism	The psion becomes a living fountain of biological will, rewriting the flesh of all within sight. Allies feel vitality surge through their bodies—organs reset, diseases unravel, and even the dying gasp as life returns. Lost limbs knit in blinding arcs of flesh-light, scars dissolve, and vitality blazes brighter than ever before. Enemies, however, feel their bodies betray them: poisons burn hotter, fatigue doubles, and their organs convulse as hostile metabolisms recoil from the psion’s dominance. The battlefield transforms into a domain where life itself bends to thought, reshaping every creature caught in the psion’s gaze. When the effect collapses, silence follows—the echo of countless heartbeats forced to march to a single rhythm. The psion stands drained, a husk of effort spent, their aura forever marked by the act.
WIS	N/A	discipline	2	Telekinesis	Psionic Focus	Telekinesis allows the user to move or manipulate objects with their mind. Precision, strength, and subtlety are all possible, depending on discipline and control.
WIS	N/A	psionic skill	3	Kinetic Push	Telekinesis	With a flick of thought, the psion lashes out with invisible force, shoving a foe or object away as though struck by a giant unseen hand. Dust kicks up, robes billow, and weapons may be torn from grips as momentum carries the target backward. Often used to create space or break an enemy’s advance, the technique is a psionic staple.
WIS	N/A	psionic skill	3	Force Grasp	Telekinesis	The psion extends their mind like an invisible hand, seizing hold of an object within reach. Small items may float gently into their palm, while heavier ones strain against unseen fingers. Onlookers see the object wobble, rise, and drift unnaturally through the air. A useful technique both in battle and in delicate tasks.
WIS	N/A	psionic skill	3	Deflect Projectile	Telekinesis	By sharpening their focus in a split-second, the psion swats away an incoming arrow, bolt, or small thrown weapon with raw telekinetic force. The effect is subtle, a ripple in the air and a sudden shift in trajectory. To allies, it is lifesaving; to enemies, it is infuriating to see their sure strike turned aside.
WIS	N/A	psionic skill	3	Force Wave	Telekinesis	The psion compresses will into a snapping pressure front that bursts outward. Dust and grit whip into streamers as the wave forces bodies and gear back in a sudden lurch. Shields boom, boots skid, and formations buckle; it is space-making by brute intent. The effect is clean and nonlethal by default, but ruthless casters time it to push foes off ledges or into hazards. On a crowded field, it buys breathing room; in corridors, it clears choke points. Veterans learn to angle it, clipping only enemies.
WIS	N/A	psionic skill	3	Telekinetic Pull	Telekinesis	The caster hooks a target with invisible force and yanks. Cloaks snap forward, footing breaks, and weapons or smaller objects jerk toward the psion’s waiting hand. It is disruptive, personal, and profoundly tactical: drag archers into melee, pull stragglers off cover, or rip a wand back across the gap. Observers feel a momentary pressure in their sternum, like a sudden elevator drop. Used well, this breaks lines and opens finishers.
WIS	N/A	psionic skill	3	Kinetic Armor	Telekinesis	The psion compacts the air and micro-currents around a body into a responsive skin of force. Arrows slur sideways, blades skid, and hammers lose bite as the field soaks momentum before it reaches flesh. The armor flickers like heat haze and hums in the bones when struck. It won’t stop a siege hit, but it turns lethal blows into bruises and buys time to reposition. As the field is will-shaped, it is silent and gear-agnostic.
WIS	N/A	psionic skill	3	Telekinetic Crush	Telekinesis	The psion’s focus locks onto a foe, invisible bands of pressure snapping around them. The air hums with strain as armor creaks, bones groan, and movement grinds to a halt. Victims feel as though an iron giant’s fist has closed upon them, crushing both breath and hope. It is not instant death, but suffocation and pain until will falters.
WIS	N/A	psionic skill	3	Force Barrier	Telekinesis	The psion throws up a gleaming wall of compressed air, glasslike and invisible until struck. Arrows splinter, spells sputter, and charging warriors slam to a halt. Though fragile by grand-master standards, such barriers change the flow of a battle instantly—funneling foes, shielding allies, or sealing doorways with thought alone.
WIS	N/A	psionic skill	3	Mass Levitation	Telekinesis	The caster gestures broadly and the battlefield lifts. Loose weapons, rubble, and armored soldiers rise into the air like toys dangling from invisible strings. Gravity loosens its grip under the psion’s command, turning order to chaos. Allies can reposition midair while enemies flail helplessly, held in a pressurized pocket of skewed motion.
WIS	N/A	psionic skill	3	Telekinetic Maelstrom	Telekinesis	With a roar of invisible pressure, the psion tears loose the battlefield itself. Rocks, weapons, and even bodies spiral upward in a violent storm of debris. Shards and rubble lash out randomly, battering all caught within the zone. Escape is possible, but movement feels like pushing through a hurricane of steel and stone. The air howls and twists as will-made currents shred formations and scatter courage.
WIS	N/A	psionic skill	3	Titan's Grasp	Telekinesis	An enormous, spectral hand of force manifests, vast enough to seize siege engines or crush multiple foes together. Its fingers close with grinding inevitability, bones creaking and armor squealing as if under a mountain’s weight. Few can escape once caught; those who do carry the ache of pressure for days.
WIS	N/A	psionic skill	3	Cataclysmic Convergence	Telekinesis	The psion unleashes layered fields of telekinetic domination. First, an all-encompassing gravity well seizes everything in range, pulling bodies and rubble inward. Simultaneously, a crushing force field locks targets in place, bones grinding and armor buckling. Finally, the zone itself twists with distorted vectors—arrows veer, stones float, and movement becomes impossible. The battlefield becomes a collapsing sphere of pressure and distortion, a storm of invisible hands dragging the world down.
WIS	N/A	discipline	2	Telepathy	Psionic Focus	Telepathy opens pathways between minds. It enables silent communication, emotional sensing, or deeper mental exploration. Thoughts become language, and secrets less secure.
WIS	N/A	psionic skill	3	Mind Whisper	Telepathy	A gossamer thread of intent stretches from the caster’s mind to the target, carrying words without sound and meaning without lips. The target hears a clear inner voice matching the caster’s tone, inflection, and cadence. The link conveys message content and emotional tone but does not read or receive thoughts in return. It works through noise, fog, and darkness so long as the target is within range. The effect is subtle to observers; only the target perceives the mental whisper. The caster must maintain light focus to keep the thread coherent for the brief window.
WIS	N/A	psionic skill	3	Surface Scan	Telepathy	The caster brushes the surface of a target’s thoughts like fingertips skimming water, catching ripples of what is foremost in mind. FraG.O.Dents of inner monologue, flashes of intention, and the emotional “color” of the moment rise briefly into clarity. Lies become easier to sense by noticing discord between thought and speech. The contact is quick and surgical, leaving no lasting mark beyond a momentary chill or pressure behind the eyes. The scan does not pierce stored memory, only active thoughts.
WIS	N/A	psionic skill	3	Emotional Nudge	Telepathy	With a delicate mental push, the caster stirs the target’s emotions. A spark of courage, a whisper of fear, or a sudden calm overtakes them briefly. The effect is fleeting but can turn hesitation into action or cool tempers in tense moments. It tilts choices without rewriting identity. Subtle practitioners pair it with timing to amplify its impact. Observers rarely notice more than a shift in posture or breath.
WIS	N/A	psionic skill	3	Silent Chorus	Telepathy	The caster threads a temporary mental channel between multiple allies, allowing silent communication without words. Each participant hears the others’ thoughts as whispered impressions, sharpened with intent and emotion. The network is short-lived but invaluable for tactical coordination, ambushes, or negotiations where speaking would betray intent. Thoughts broadcast are only those deliberately sent, not private musings, though untrained minds may slip.
WIS	N/A	psionic skill	3	Truth Sense	Telepathy	By aligning perception to mental dissonance, the caster detects when words diverge from thought. The target’s speech seems shadowed by an echo of true intent, allowing the telepath to sense lies, omissions, or concealed motives. The effect does not reveal exact truths, only the presence of deceit or distortion. For interrogators and mediators, it is a razor-edge tool that cuts through manipulation without exposing full memory.
WIS	N/A	psionic skill	3	Mental Suggestion	Telepathy	The caster plants a subtle thought inside the target’s mind — a whisper that feels like their own idea. The suggestion cannot override core beliefs, but it can sway decisions, urge hesitation, or nudge behavior in the moment. The effect is fragile: a strong will or conflicting motive may shrug it off, but when it lands, it shapes choice without force.
WIS	N/A	psionic skill	3	Memory Weave	Telepathy	The caster threads into the target’s memory, surfacing vivid recollections while blurring or stitching details together. The telepath can reinforce a moment to clarity, edit minor details, or soften painful recollections. Though incapable of wholesale rewriting at this tier, it allows targeted tampering—an interrogator’s truth extraction or a healer’s trauma softening. Victims often emerge uncertain whether their memory was altered.
WIS	N/A	psionic skill	3	Psychic Domination	Telepathy	The caster clamps a mental vise on the target’s executive will, binding their next choice to a single, simple command. It does not erase identity or grant freeform puppeteering; it forces compliance for the moment, narrowing options to the directive given. The pressure feels like iron bands around thought—obedience seems inevitable, resistance like struggling underwater.
WIS	N/A	psionic skill	3	Telepathic Storm	Telepathy	The caster detonates a field of psychic static—intrusive thoughts, discordant echoes, and emotional spikes—across the battlefield. Minds reel; coordination falters; actions slip through shaking hands. The storm presses invisibly on every skull within the radius, leaving even veterans blinking and off-balance.
WIS	N/A	psionic skill	3	Mindquake	Telepathy	The caster detonates a shockwave of psionic force across every mind within reach. The psychic tremor rattles thought itself, causing seizures of memory, speech collapse, and disorientation. Combatants drop weapons, falter mid-strike, or clutch their heads as the quake reverberates. The air seems silent, yet inside every skull a roaring fracture splits reason apart.
WIS	N/A	psionic skill	3	Crown of Thorns	Telepathy	The caster forges a burning mental crown of invasive thought upon a single target’s psyche. The victim feels every idea pierce like barbs, their will tethered by pain and compulsion. Each step, each decision comes with agony unless aligned with the caster’s implanted directive. Allies see the target’s eyes glow with strain as their own mind screams rebellion.
WIS	N/A	psionic skill	3	Hive Dominion	Telepathy	The caster imposes a vast psionic lattice across every mind in sight, bending individuals into a temporary hive under their dominion. Thoughts become strands in a web with the caster as the central node. Victims lose the ability to act independently; their wills synCHAonize to the caster’s commands. The lattice bleeds psychic pressure, inflicting pain and fatigue while drawing life energy into the caster to sustain the construct. Independent thought is not only bound but destroyed, rewritten into chorus. Allies feel their choices blunted, enemies collapse into forced unity, and the battlefield trembles as hundreds of lives march to one alien cadence. The effect strains even the caster, blood seeping from eyes and ears as their mind stretches to contain the chorus. Once released, victims often remember fraG.O.Dents as if their bodies were marionettes, their voices stolen by another.
WIS	N/A	discipline	2	Oneirics	Psionic Focus	Oneirics reaches into dreams and the liminal edge of sleep. It enables inducing or navigating dreams and extracting truths from them—the imagined shaping the waking.
WIS	N/A	psionic skill	3	Somnolent Touch	Oneirics	With a brush of the hand, the caster induces a sudden wave of drowsiness. The target’s eyelids grow heavy, thoughts blur, and their movements falter as if slipping toward sleep. This does not render them unconscious, but it drags their reflexes into treacle for a heartbeat of battle.
WIS	N/A	psionic skill	3	Whisper of Night	Oneirics	A faint murmur seeps into the target’s mind like a drifting dream fragment. The whisper distracts, conjuring vague imagery of shadowy figures or forgotten voices. The illusions are subtle and fleeting, just enough to pull focus at the crucial moment.
WIS	N/A	psionic skill	3	Lucid Spark	Oneirics	The caster sharpens an ally’s awareness as though waking them into a lucid dream. Senses flare, reaction times tighten, and distracting noise falls away. For a brief window, they move as if the field were a scene they’ve chosen to navigate.
WIS	N/A	psionic skill	3	Dream Snare	Oneirics	The caster weaves a psychic tether into the target’s mind, anchoring them in a tight loop of repeating moments. For a heartbeat of battle the victim can’t quite step cleanly into waking action—their limbs feel caught in molasses, focus sliding as phantom echoes overlay reality.
WIS	N/A	psionic skill	3	Night Terror	Oneirics	The caster thrusts a shard of nightmare into the target’s senses: a rush of shadow, falling corridors, or a remembered scream. Though illusory, the terror knots muscles and scatters attention, turning precision into doubt for the span of a clash.
WIS	N/A	psionic skill	3	Shared Dream	Oneirics	The caster braids two minds into a flickering, shared vignette—just long enough for an ally to read the flow together while an enemy stumbles over borrowed thoughts. The moment passes like a blink, but the alignment (and dissonance) lingers through the step.
WIS	N/A	psionic skill	3	Dream Bastion	Oneirics	The caster manifests a fortified dreamscape around themselves and chosen allies, shielding them from hostile intrusion. Within the Bastion, thoughts feel sharper and illusions falter. Enemies attempting to pierce or manipulate minds find their efforts dulled.
WIS	N/A	psionic skill	3	Nightmare Sculpt	Oneirics	The caster crafts a vivid nightmare illusion, draping an area in warped, surreal imagery—walls melting, shadows whispering, ground fracturing beneath false steps. Those inside struggle to distinguish truth, risking panic or hesitation.
WIS	N/A	psionic skill	3	Dreamwalk	Oneirics	The caster tears open the veil of sleep, stepping partially into another’s dream and dragging them along. For the duration, both caster and target exist in a liminal state—half waking, half dreaming—able to strike across both realms but vulnerable to collapse if concentration falters.
WIS	N/A	psionic skill	3	Cathedral of Sleep	Oneirics	A cathedral of silent bells and moonlit aisles descends over the battlefield, built from the shared architecture of sleeping minds. Pillars rise and bend the angles of space as motes of dream-dust hush footfalls and soften the edges of thought. Choirless echoes hum at the threshold of hearing, turning commands into muffled intentions. Within the nave, vision doubles and then blurs, as though every motion leaves a drowsy afterimage. The air itself thickens like velvet, inviting stillness. Those who resist the hush feel the weight of ritual time pressing down on their muscles. Those who fail are caught in a loop of entering and re-entering the same second, stunned as the bells never quite ring. At the spell’s heart, the caster’s focus serves as the high altar that anchors the entire structure. Should that focus slip, the pews splinter and the dream collapses back into raw night. Even the wakeful admit: for a moment, the world knelt.
WIS	N/A	psionic skill	3	Labyrinth of the Sleeper	Oneirics	The caster unfolds a cubic maze of dream-corridors over the field, every turn repeating into itself like a thought you cannot quite finish. Floors seem to tilt a few degrees off possible, doors open back into the same room, and distances breathe in and out. Footfalls are swallowed; shouts arrive a measure too late. Enemies feel their intention drift sideways as the maze leans them away from exits. The illusion wrings certainty out of sightlines while the space itself presses like gentle water against every motion. Those who fail to assert their will find their steps locking in place, as if the next square refuses to exist until they truly choose it. The maze is generous to none, but the caster holds the key and knows where the walls are thinnest. With time, even steel learns to yawn. When it fades, the world feels painfully sharp for a beat, like waking too fast. The map never existed—except that you were on it.
WIS	N/A	psionic skill	3	Eternal Dreamfall	Oneirics	The caster collapses the border between waking and dreaming across an entire battlefield. The sky ripples into shifting auroras of memory, ground dissolves into corridors of half-remembered dreams, and every creature is pulled into a shared tapestry of illusion and truth. Allies move with uncanny foresight, guided by echoes of futures that have not yet happened. Enemies falter as their wills fragment between countless dream-selves, their movements slowed, their bodies drained, and their minds at risk of being lost forever in infinite recursion. Only the caster’s focus anchors the dreamfall; if broken, the illusion collapses violently, leaving both friend and foe stunned by the aftershock.
WIS	N/A	discipline	2	Umbrakinesis	Psionic Focus	Umbrakinesis commands shadow and absence of light. It can dim, cloak, or harden darkness into tools and barriers—the unseen becoming your instrument.
WIS	N/A	psionic skill	3	Shadow Grasp	Umbrakinesis	Thin tendrils of darkness extend from the caster’s hand, latching onto a foe with ephemeral force. The shadows cling like wet cloth and tug at the target’s limbs, making movement briefly difficult.
WIS	N/A	psionic skill	3	Umbral Cloak	Umbrakinesis	A haze of shadow wraps around the caster, softening their outline and dimming their presence. Edges blur into surrounding gloom, making them harder to target during the fleeting veil.
WIS	N/A	psionic skill	3	Flicker Step	Umbrakinesis	The caster melts into a nearby patch of shadow and reappears up to a few paces away with a ripple of darkness. It is a quick, limited step that relies on connected shadows.
WIS	N/A	psionic skill	3	Shadow Snare	Umbrakinesis	From the ground, shadowy tendrils lash out in a spreading fan, tangling around nearby foes. The bindings pull taut; movement falters as the dark grips and drags at ankles and wrists.
WIS	N/A	psionic skill	3	Cloak of Midnight	Umbrakinesis	An enveloping mantle of shadow spreads over multiple allies, dimming their outlines and swallowing footfalls. Enemies struggle to land clean hits as the night itself seems to slide across the veiled forms.
WIS	N/A	psionic skill	3	Umbral Step	Umbrakinesis	The caster and a chosen ally slip into connected shadows and reappear a short distance away, silhouettes shredding into smoke before reforming. It’s a swift, practiced tandem step through the dark.
WIS	N/A	psionic skill	3	Eclipse Shroud	Umbrakinesis	The caster draws shadows from every corner, weaving them into a dome of suffocating gloom. Within, allies move unseen while enemies falter, their strikes wild and senses dulled. The shroud blurs vision, muffles sound, and weighs on the will.
WIS	N/A	psionic skill	3	Nightfang Manifest	Umbrakinesis	The caster rips a fragment of shadow loose, shaping it into a snarling beast of teeth and smoke. The phantom lunges at foes, biting with ephemeral jaws and tearing through courage as much as flesh. It is a temporary, vicious summon.
WIS	N/A	psionic skill	3	Shadow Maw	Umbrakinesis	An immense rift opens beneath the foe, jaws of darkness snapping upward to drag them down. The maw clamps with spectral teeth and shadowstuff, pinning the victim in place while gnawing away both body and resolve.
WIS	N/A	psionic skill	3	Shadow Cataclysm	Umbrakinesis	Shadows erupt in a devastating surge, forming a massive storm of claws, tendrils, and shrieking void-winds. Within the storm, enemies are clawed, blinded, and dragged by ephemeral forces while allies risk being caught in the chaos. The battlefield becomes a writhing field of darkness where direction and courage collapse.
WIS	N/A	psionic skill	3	Eternal Eclipse	Umbrakinesis	The caster blots out light itself across the battlefield, creating a dome where vision, sound, and even hope falter. Enemies stumble, allies vanish into concealment, and only those attuned to shadow can move with confidence. The eclipse feels like the sky itself collapsing inward, crushing will as much as sense.
WIS	N/A	psionic skill	3	Oblivion Eclipse	Umbrakinesis	The caster pulls all shadows across the battlefield into a single cosmic convergence. A vast dome of living night descends, swallowing light, sound, and matter into suffocating nullity. Within, foes are crushed by shadow-tendrils, drained of vitality, and risk being erased entirely. Allies move unseen but must resist the same consuming dark. The eclipse does not simply obscure—it threatens to overwrite existence itself.
CHA	N/A	resonance	2	Anger	Resonant Performance	You channel the raw fury buried in the human voice—vibrations that shatter calm and ignite conflict. This resonance stirs adrenaline, provokes confrontation, and can push allies or enemies to reckless extremes.
CHA	N/A	reverberation	3	Spark of Wrath	Anger	The bard’s sharp note or cutting phrase ignites a target’s inner fury. Muscles tense, resolve flares, and each strike carries a little more weight. Though simple, it is the first step of turning emotion into a weapon.
CHA	N/A	reverberation	3	Heckle	Anger	The bard unleashes a biting insult or mocking chord that rattles an opponent. The target’s anger spikes but turns unfocused, leaving them less precise in the moment.
CHA	N/A	reverberation	3	Ember of Fury	Anger	The bard strikes a resonant war-beat that quickens pulses among nearby allies. Feet tap, breath quickens, and initiative sharpens as the ember of fury spreads.
CHA	N/A	reverberation	3	Stoke the Line	Anger	The bard hammers out a driving battle-chant that swells into a shared fury. The sound tightens grips, sets teeth, and turns hesitation into hot resolve. Within the circle of sound, allies’ strikes grow surer and land harder, their cadence syncing to the aggressive rhythm. The aura doesn’t overwhelm judgment; it focuses anger into clean, deliberate action. Shields bunch together, spears tilt forward, and a red shimmer pulses at the edge of vision. The chant is infectious but controlled, a forge that tempers rather than shatters. Even the timid find a spark—enough to push, enough to hold. As the round crests, the heat recedes, but the echo lingers in memory and stance. Used well, it flips a stalemate into a push. Used poorly, it can bait allies into overextending.
CHA	N/A	reverberation	3	Incendiary Rebuke	Anger	The bard lashes a foe with a scorching phrase—anger spikes, but it scatters their focus. The target bristles, grip tightens, and precision bleeds away. The insult is crafted to hook pride, not panic, so it doesn’t freeze them—it just makes their next choices worse. Blades come in heavy, not careful; spells fling fast, not true. The sound hangs in the air like heat off stone, then snaps shut around the target’s aura. Allies feel the tension break; opportunity opens. The bard watches for the stumble—this is the beat to press. With discipline, the party converts frustration into advantage. With carelessness, the foe’s rage may still explode in a lucky swing.
CHA	N/A	reverberation	3	Sweeping Roar	Anger	The bard erupts with a wall of sound that hits like a shoulder-check from the front line. The wave doesn’t just frighten—it weaponizes anger into motion. Shields jolt, feet skid, and those unready crash to the floor as the roar plows through the rank. It’s a clean blast: no blood, just force, dust, and pride. Veterans brace and hold; the unsteady go tumbling. The air ripples crimson for a heartbeat then clears, leaving openings where order just was. Used to break a shield wall or to create breathing room, it is the sound of momentum changing hands. Overuse can leave the bard winded and predictable; timed right, it’s a fight-winner.
CHA	N/A	reverberation	3	Battle Hymn of Fury	Anger	The bard unleashes a pounding anthem that spreads like fire across the battlefield. Allies seize the rhythm, weapons crash harder, and hesitation burns away. The song does not merely embolden—it fuses rage into a collective tide. The chant spreads through stomps, claps, or drumbeats, saturating the area in martial fury.
CHA	N/A	reverberation	3	Vexing Aria	Anger	A jagged performance—half shriek, half string-cutting chord—splinters the composure of foes. Rage surges uncontrolled, breaking precision and timing. The aria does not silence them; it drives them into clumsy overreach.
CHA	N/A	reverberation	3	Ragequake	Anger	The bard roars, striking the ground or stomping a rhythm that bursts outward in a shockwave of fury. The quake doesn’t just shake the earth—it shakes composure. Those caught stumble, collapse, or are driven back by the sheer ferocity resonating from the bard.
CHA	N/A	reverberation	3	Wrath Unleashed	Anger	The bard bellows a resonant fury that floods allies with disciplined wrath while shaking enemy composure. Within the crimson sphere, friends strike harder, faster, and truer; foes grit teeth and overreach as precision frays. The chant is a forge’s roar, turning a scattered melee into a rolling advance.
CHA	N/A	reverberation	3	Seismic Fury	Anger	The bard slams rhythm into the earth; a wrathquake blasts outward, hurling bodies, cracking lines, and leaving a churning zone of hostile footing. Dust blooms red in torchlight, stones jitter, and even veterans feel their stance go uncertain as anger hums beneath their boots.
CHA	N/A	reverberation	3	Rage Dominion	Anger	The bard crowns the battlefield with a dominion of wrath. A blood-red wave surges outward, saturating the air with heat, grit, and pounding drum-beat thunder. Within the sphere, allies feel a disciplined surge—fury sharpened to precision—while enemies lose control, their rage devolving into sloppy violence. Weapons strike truer, blows land heavier, and timing sharpens under the bard’s rhythm. The ground trembles, dust hangs in the air, and every heartbeat falls in sync with the furious chorus. A second pulse follows: a crushing command that staggers foes, dropping some to knees while freezing others mid-motion. The zone itself warps—space thickens, movement drags, and occasional stutters in time cause actions to falter. For three rounds the battlefield belongs to the bard; even when the chorus fades, echoes haunt both steel and spirit.
CHA	N/A	resonance	2	Fear	Resonant Performance	A performance laced with dread, causing the unseen to feel closer and the known to feel unsafe. This resonance fractures bravery and distorts judG.O.Dent—summoning silence or panic in its wake.
CHA	N/A	reverberation	3	Echo of Unease	Fear	The bard hums a low, wavering note that seems to echo in the listener’s bones. An invisible weight presses on the mind, magnifying every shadow and whisper until hesitation takes hold. Though subtle, the dread can tilt the balance in tense moments.
CHA	N/A	reverberation	3	Shuddering Chord	Fear	A sharp, discordant note rips through the air, sending a jolt of panic through the target’s nerves. The effect is immediate: a stumble and a hard fall as instinct overrides poise. The terror fades quickly, but the opening it creates can be decisive.
CHA	N/A	reverberation	3	Lingering Paranoia	Fear	The bard’s cadence crawls under the skin, tightening breath and quickening glances. Every step feels watched; confidence erodes in a heartbeat-long shiver that throws timing off.
CHA	N/A	reverberation	3	Phantom Footfalls	Fear	A hushed performance sends ghostly steps echoing just behind the target, always a half-pace late. Their pulse races, their grip slips, and every glance back finds only empty air. Panic disrupts poise, forcing costly mistakes.
CHA	N/A	reverberation	3	Crushing Dread	Fear	The bard’s dirge drags like a weight on the chest. Muscles weaken, knees tremble, and the heart feels heavy as if the air itself resists motion. The victim staggers under a burden no one else can see.
CHA	N/A	reverberation	3	Terror Pulse	Fear	A jagged chord bursts outward, splintering courage in all who hear it. For a heartbeat the world narrows to pounding blood and the urge to flee. Most shake it off quickly, but that heartbeat is all the bard needs.
CHA	N/A	reverberation	3	Chains of Dread	Fear	The bard’s chords twist into spectral rattling, summoning phantom chains that lash around those nearby. The chains are not real—yet the weight of terror binds flesh and mind alike. Victims struggle to move, convinced their limbs are shackled.
CHA	N/A	reverberation	3	Harrowing Dirge	Fear	The bard unleashes a low, continuous dirge that seeps into the target’s soul. Breath grows shallow, limbs weaken, and every instinct screams to retreat. The song erodes strength, will, and timing all at once until only dread remains.
CHA	N/A	reverberation	3	Phantasmal Host	Fear	The bard crescendos into a horrific chord that tears at the veil of imagination. Around the bard, enemies see spectral figures closing in—wraithlike soldiers of nightmare. Though unreal, their terror has weight: foes stumble, falter, and strike poorly.
CHA	N/A	reverberation	3	Cacophony of Nightmares	Fear	The bard unleashes a hideous chorus of layered screams, whispers, and sobs that erupt in the minds of all nearby. Each victim sees their deepest fear reflected in phantom form, while their bodies lock under the imagined assault and the air itself seems to press in.
CHA	N/A	reverberation	3	Grasp of the Pale Host	Fear	From the bard’s performance surge spectral arms—pale, eyeless figures that claw and drag at those nearby. Though unreal, the terror binds as if real while the space around the victims thickens, dragging at their steps and breath.
CHA	N/A	reverberation	3	Nightmare Dominion	Fear	The bard unleashes the ultimate chord of terror, collapsing the battlefield into a waking nightmare. The air curdles into shadow, phantasms swarm, and time itself drags beneath the weight of collective dread. Every enemy sees their worst fear stalking them, while allies feel their courage tested by the same oppressive vision. Movement halts, resolve breaks, and the world becomes a prison of fear.
CHA	N/A	resonance	2	Joy	Resonant Performance	Through brightness of tone and uplifting cadence, you stir laughter, courage, and spontaneous connection. This resonance cuts through despair and can lift entire groups into sudden unity or euphoria.
CHA	N/A	reverberation	3	Spark of Laughter	Joy	With a playful note or witty flourish, the bard sparks laughter in their target. Shoulders lighten, breath eases, and the weight of battle briefly lifts. Though fleeting, the joy kindles resilience, granting just enough strength to stand firm.
CHA	N/A	reverberation	3	Gentle Reprieve	Joy	The bard hums a soft phrase, a balm of sound that soothes an ally’s weariness. Tension unwinds, and the heart steadies. The joy does not heal wounds, but it restores spirit, easing pain’s edge for a moment of reprieve.
CHA	N/A	reverberation	3	Joyful Guard	Joy	The bard strums a playful trill or claps in rhythm, weaving joy into a protective veil. For a fleeting moment, laughter seems to hang in the air like a shield, catching blows before they land. Allies feel their courage reinforced, knowing even harm bends beneath the weight of happiness.
CHA	N/A	reverberation	3	Chorus of Delight	Joy	With a rising refrain, the bard’s music spills outward, harmonizing hearts in a radiant chord. Allies feel their movements sync as if part of a single rhythm. The melody uplifts, pushing hesitation aside with laughter and confidence.
CHA	N/A	reverberation	3	Festival Spark	Joy	The bard strikes up a tune that feels like the opening of a festival—drums, strings, or clapping that ignite a spark of celebration. Even in dire battle, spirits flare. Allies grin, cheer, and rally, fighting harder as if the world itself applauds them.
CHA	N/A	reverberation	3	Echo of Resilience	Joy	The bard’s note reverberates in the soul like a remembered triumph. Pain dulls, breath steadies, and allies feel courage swell. This is not raw healing—it is defiance in sound, a will to endure that pain cannot silence.
CHA	N/A	reverberation	3	Radiant Harmony	Joy	The bard releases a powerful harmony that unites allies in radiant joy, their movements sharpened and their spirits lifted in perfect sync.
CHA	N/A	reverberation	3	Carnival of Courage	Joy	The bard conjures the spirit of a grand festival, where music and courage drive away despair. Allies fight as if emboldened by the cheers of an unseen crowd.
CHA	N/A	reverberation	3	Ballad of Shared Triumph	Joy	A triumphant ballad heals several allies at once, sharing the vitality of joy across the battlefield.
CHA	N/A	reverberation	3	Symphony of Exultation	Joy	A sweeping, exultant performance floods the field with relentless joy—precision, speed, force, and poise moving as one—and even dread struggles to take hold.
CHA	N/A	reverberation	3	Revelry Unending	Joy	A tidal festival of sound and motion turns the ground itself into a jubilant arena—attacks hit harder, armor holds truer, wounds mend, and the very space invites dancers to flow.
CHA	N/A	reverberation	3	Eternal Jubilee	Joy	The bard unleashes the supreme festival of existence, a resonance so vast that joy itself becomes the battlefield’s heartbeat. Allies surge with unity, wounds close in radiant laughter, despair shatters, and even foes stagger in awe as sorrow cannot hold its shape.
CHA	N/A	resonance	2	Love	Resonant Performance	A gentle but powerful resonance that opens hearts and builds trust. Whether kindling connection or softening hardened spirits, the resonance of love works through empathy more than force.
CHA	N/A	reverberation	3	Heart’s Whisper	Love	With a gentle chord or whispered lyric, the bard reaches into a single ally’s heart. A warmth blossoms in their chest, steadying breath and calming fear. Though no great wound is mended, the target feels supported, their resolve no longer wavering. This reverberation is often used before battle or in moments of quiet grief.
CHA	N/A	reverberation	3	Bond of Trust	Love	The bard weaves a short refrain of loyalty, binding allies in trust. Two companions feel their confidence grow as they act in harmony, encouraged by the resonance. Movements synCHAonize subtly, attacks land more decisively, and they find comfort in shared purpose.
CHA	N/A	reverberation	3	Unveiled Affection	Love	The bard strikes a simple but resonant chord that draws forth hidden feelings. A single target’s emotional guard weakens, revealing hints of what they truly hold within. Allies may sense hesitation, affection, or even suppressed devotion. While not harmful, it can be a potent tool for connection or uncovering truth.
CHA	N/A	reverberation	3	Harmony’s Embrace	Love	The bard strums a rising chord that enfolds allies within reach. Those touched by the resonance feel fear fade and their courage ignite. Their steps fall in rhythm with one another, striking more surely and moving with confidence born of unity.
CHA	N/A	reverberation	3	Mending Serenade	Love	A gentle melody spreads like a warm tide, softening pain and stitching wounds of both body and heart. The bard’s song fills the air with reassurance, easing the strain of battle and giving allies the strength to continue.
CHA	N/A	reverberation	3	Revelation of Hearts	Love	Striking a clear, resonant note, the bard exposes the truths that linger beneath words. Those caught in the tone find their pretenses slipping, unable to fully hide their emotions or intent. The spell is not cruel — it reveals only surface feelings — but it can turn suspicion to trust or expose subtle deception.
CHA	N/A	reverberation	3	Symphony of Devotion	Love	The bard weaves a layered harmony that fills allies with determination. Each note bolsters their strikes and movements, uniting them in one rhythm of purpose. The song drowns out hesitation, lifting the group into a shared momentum.
CHA	N/A	reverberation	3	Healing Chorus	Love	With a sweeping melody, the bard calls forth a wave of restorative sound. The resonance pours over allies like warm light, mending flesh and spirit alike. Wounds knit partially closed, while hearts steady with courage to continue.
CHA	N/A	reverberation	3	Revelation Aria	Love	The bard releases a resonant aria that pierces through deception. Within its reach, lies falter, hidden emotions surface, and facades collapse. Allies see one another with raw clarity, while foes cannot conceal their intent.
CHA	N/A	reverberation	3	Eternal Vow	Love	The bard sings a vow so profound that bonds between allies become unbreakable. Each ally feels their life tied to the others—when one falters, another steadies them. Wounds are shared, courage is pooled, and betrayal becomes nearly impossible under the sacred harmony. Enemies attempting to divide them find their influence broken.
CHA	N/A	reverberation	3	Aria of Sacred Union	Love	A sweeping aria binds allies’ hearts in radiant trust while exposing enemies’ malice. Allies become harder to break apart, gaining initiative and resilience, while foes within are forced into honesty—deception or betrayal withers in their throats.
CHA	N/A	reverberation	3	Concordance of One Heart	Love	The bard exhales a world-filling chord that binds every soul within sight into a single, luminous accord. The sound is not tender—it is sovereign: a living vow that stitches allies together and stills hostile intent. Armor hums, breath steadies, and movements synCHAonize as if guided by one unseen conductor. Wounds soften as strength passes between comrades, and each strike finds purpose born of trust. Masks crack; even foes feel their motives laid bare beneath the current of undeniable empathy. The air thickens like warm glass as space itself bows, slowing hostile motion and holding violence at bay. Every heartbeat inside the field becomes a drum in the same song, and the song refuses to break. To challenge it is to stand against the simple truth that love, shared, is stronger than fear, alone. When the last overtone fades, those who stood together carry its resonance in their bones.
CHA	N/A	resonance	2	Sorrow	Resonant Performance	A haunting melody that calls forth memory, loss, and longing. This resonance reveals hidden pain, stirs reflection, or bonds strangers through shared grief. It is the silence between notes that carries the deepest power.
CHA	N/A	reverberation	3	Tearful Lament	Sorrow	The bard’s voice cracks with aching sorrow, tugging at the heartstrings of a chosen listener. A weight settles on their chest as tears well unbidden, clouding judgment and dulling their resolve for a fleeting moment. While it does no lasting harm, the lament forces them into a brief wave of grief, blurring their focus.
CHA	N/A	reverberation	3	Echo of Mourning	Sorrow	A soft, haunting phrase ripples through the air, settling into the heart of an ally or foe. For allies, it provides a strange catharsis—tears shed ease a burden they did not know they carried. For foes, the same tears blur their vision and slow their strikes. In both cases, the echo leaves silence in its wake, a hollow reminder of grief shared.
CHA	N/A	reverberation	3	Steal the Smile	Sorrow	With a dissonant chord or mocking line, the bard strips the warmth from their foe’s heart. The target feels their spirit sag, movements dulled by the absence of joy. A cruel twist of resonance that leaves one empty-handed in the fight.
CHA	N/A	reverberation	3	Dirge of Weariness	Sorrow	A mournful chant pours from the bard, heavy as chains. All within its reach feel the creeping weight of despair, their arms sagging and their steps faltering. Even the keenest blades seem dulled under the dirge’s pull, leaving combatants weary and hesitant. Though brief, the dirge is a chilling taste of hopelessness.
CHA	N/A	reverberation	3	Lamenting Shackles	Sorrow	The bard’s sorrow-laden tones solidify as spectral chains of grief that coil around a target. The chains drag at heart and limb alike, sapping strength while binding the will to act. Struggling against them only deepens the sense of futility.
CHA	N/A	reverberation	3	Wail of the Forsaken	Sorrow	The bard unleashes a piercing cry of grief that echoes like a battlefield dirge. The sound rattles weapons in hands, pulls at the heart, and brings soldiers to their knees with despair. Those caught in the sound suffer blurred vision, faltering aim, and a crawling weakness in their limbs.
CHA	N/A	reverberation	3	Chains of Melancholy	Sorrow	A haunting song manifests as spectral chains that lash out to bind multiple foes at once. Each victim feels both physical restraint and the weight of despair pressing down on their hearts. Breaking free requires not just strength, but the will to overcome sorrow itself.
CHA	N/A	reverberation	3	Dirge of the Hollow Heart	Sorrow	The bard sings a hollow hymn that gnaws at the soul. Within its reach, enemies are not just weakened — they begin to question the worth of fighting at all. Weapons sag, eyes lose fire, and every strike feels meaningless. The dirge turns battle into a scene of futility.
CHA	N/A	reverberation	3	Elegy of Despair	Sorrow	The bard’s voice becomes a death knell, a dirge so heavy that even the strongest falter beneath it. A black pall falls across the battlefield as the song resonates, draining resolve and withering strength. Warriors who once fought with fire in their eyes now stumble, blades feeling like lead. The elegy does not kill—it convinces soldiers that they are already defeated.
CHA	N/A	reverberation	3	Funeral Chains	Sorrow	The bard’s sorrow becomes a storm of spectral chains wrought from grief itself. They lash outward in all directions, binding dozens at once. Each chain drags at flesh and spirit alike, slowing steps, sapping willpower, and fixing enemies in place. Even those who break free feel the rattle of the shackles in their bones, haunted by the echo of despair.
CHA	N/A	reverberation	3	Cataclysm of Grief	Sorrow	The bard releases the ultimate dirge, a grief so profound it becomes a world-shaking force. The sky dims, the air trembles, and all within miles feel the weight of endless funerals pressing upon their soul. Enemies collapse in despair, allies weep uncontrollably, and the battlefield becomes a monument of sorrow. Blades slip from hands, knees buckle, and even the earth itself seems to mourn under the strain of the song. The cataclysm does not just hinder—it overwrites the mood of the world for minutes after the sound fades.
CHA	N/A	resonance	2	Harmonic	Resonant Performance	The purest form of balanced resonance—neither emotion nor intent, just raw vibrational symmetry. Harmonic resonance stabilizes or amplifies other performances, and can retune spaces or spirits to a higher state.
CHA	N/A	reverberation	3	Resonant Shiver	Harmonic	A sharp note makes a fragile object quiver and shake, often cracking or breaking outright. To sturdier items, the vibration is little more than a rattle, but the sympathetic sound can echo across a room.
CHA	N/A	reverberation	3	Quantum Hum	Harmonic	The bard hums a low tone that ripples across the floor. Those nearby feel balance falter as vibrations disorient their steps. No harm is done, but accuracy suffers briefly.
CHA	N/A	reverberation	3	Tuning Note	Harmonic	The bard strikes a pure note into a nearby ally, aligning their inner rhythm. Breathing steadies and strength refocuses, mending the body slightly and boosting performance.
CHA	N/A	reverberation	3	Harmonic Lattice	Harmonic	The bard steps into stance and releases a measured chord that knits the air into a pressurized field. Dust eddies draw geometric patterns as the pressure gradient firms into a palpable zone. Within the boundary, footsteps feel heavy, leaps shorten, and thrown objects arc low as if the world turned thicker. The sound isn’t loud so much as exact—the kind of tone you feel in your teeth and knees. Armor plates creak; cloaks drag; arrows veer a hair off course. The lattice doesn’t crush or harm by itself; it simply reshapes movement, forcing combatants to commit to each stride. Tactical lines bend around the zone, giving the bard’s allies room to reposition and punish overextensions. Observers note a faint shimmer, like heat-haze with a grid hiding in it. On release, the air snaps back to normal, leaving the slightest taste of copper on the tongue. Veterans learn to ride the rhythm; fools try to power through and lose tempo.
CHA	N/A	reverberation	3	Dissonant Disarm	Harmonic	A clipped, discordant click shivers through steel and sinew at once. The bard aims the beat at a held weapon, making it buzz against the wielder’s grip like a hornet. Fingers reflexively open or the haft twists just enough to pitch free. The sound is small but humiliating, like being out of tune in front of a crowd. Sparks may flicker along the guard as micro-vibrations misalign skin and metal. Shields thump against arms; knives skitter across the floor; bows dip off target. The opening is brief but decisive, resetting the tempo of the exchange. Those ready for it can try to clamp down, but the beat is faster than the thought to resist. The resonance fades without lingering harm—only pride stings. Wise fighters learn to listen for that click and adjust their grip.
CHA	N/A	reverberation	3	Chord of Coherence	Harmonic	The bard sustains a pure, centered tone that gathers listeners onto the same beat. Breaths synCHAonize, feet plant with intention, and eyes sharpen as micro-tremors clarify posture. Subtle overtones sweep the area, teasing out hidden currents—footfalls behind a curtain, a crosswind through an arrow-slit, a hinge that’s been lifted and set back. Allies feel a nudge of confidence as their micro-timing snaps into alignment. The space itself seems tidier, like clutter getting pushed to the edges of awareness. For a heartbeat, teamwork becomes obvious: who should press, who should anchor, who should feint. The tone never overwhelms speech; it nestles under it, a spine of sound. When it stops, the world feels fractionally duller but more understandable. The memory of the chord lingers as a cue to act cleanly.
CHA	N/A	reverberation	3	Resonant Shatter	Harmonic	The bard singles out a weapon, shield, or object and strikes its resonant frequency. As the sound locks in, the vibration spreads outward, shaking nearby items in sympathy. The chosen target suffers most, while objects in reach quiver and splinter in lesser fashion. Allies hear the glass-like chime echo out, already knowing which cover is unsafe.
CHA	N/A	reverberation	3	Harmonic Shielding	Harmonic	The bard anchors protective vibrations onto one ally, wrapping them in a shimmering lattice of sound. From that ally, the harmonics radiate outward, damping strikes against their companions as well. Arrows bend slightly, weapons lose edge, and heavy blows arrive dulled. The lattice holds as long as the bard sustains the tone.
CHA	N/A	reverberation	3	Quantum Chorus	Harmonic	The bard seizes the tempo of battle by locking onto a foe’s rhythm. The chosen enemy feels their movements stagger and slip off-beat. The disruption spreads in sympathetic echoes, slowing their nearby allies, while the bard’s own companions feel a counter-pulse quickening their step. The chorus multiplies—out of one target, a battlefield ripple.
CHA	N/A	reverberation	3	Fracture of the Infinite	Harmonic	The bard releases a note that should not exist, a pitch threaded between harmonics of the cosmos. The chosen object or creature becomes the anchor, and vibrations ripple outward in impossible waves. Nearby matter resonates, not breaking immediately but phasing through unstable states. Fragile structures crumble, weapons bend mid-swing, and even the air warps with translucent fractures. Those within the zone feel as though the world itself has been detuned, their bones vibrating in sympathy with the song. The effect is devastating but short-lived, as the universe recoils from the imposed resonance. When silence falls, the battlefield feels unnervingly hollow, as though part of reality was torn out of tune.
CHA	N/A	reverberation	3	Symphony of Alignment	Harmonic	The bard summons a chorus of layered harmonics that bend not just sound, but probability itself. Allies in the field find their strikes land with eerie inevitability, while enemies falter as if forced out of rhythm with reality. The vibrations hum within bone and blood, aligning intention to outcome for a fleeting moment. The battlefield becomes a stage of inevitability: arrows curve mid-flight, swords slip perfectly into gaps, and shields lift just in time. Yet the price of such alignment is weight—the song presses heavily on all minds, threatening to collapse focus into a single, suffocating tone. When it ends, combatants stagger as though waking from a dream, remembering the inevitability of every motion.
CHA	N/A	reverberation	3	Quantum Convergence	Harmonic	The bard strikes a note so pure it resonates with the lattice of reality itself. The chosen foe becomes the fulcrum of impossible vibration—every particle tugged between harmony and dissonance. From that anchor, concentric pulses radiate, drawing allies and enemies alike into the quantum storm. Blades bend mid-swing, glass melts without heat, and even time skips in fractured beats. Allies feel fleeting surges of clarity as their movements align with the resonance, while enemies stagger, their forms half-phased, voices distorted into echoes of themselves. The battlefield is transformed into a hall of mirrors where existence hums between what is and what could be. The convergence cannot last long—if sustained, it would tear the world into incoherent frequency.
N/A	N/A	special ability	N/A	Attribute Boosters	N/A	Attribute Boosters are special abilities that mark a single attribute a character can temporarily enhance through an active roll-over check. The player writes the chosen attribute after “Attribute Booster” (e.g., “Attribute Booster – Strength”). On a successful roll, the attribute increases by half the points allocated to this ability for 2 minutes or 1 combat step per success rolled. Example: 20 points in a Strength booster with a roll of 90% and 2 successes grants +10 Strength for the duration. Higher investments allow boosting multiple attributes at once following the scaling chart.
N/A	N/A	special ability	N/A	Berserker Rage	N/A	Berserker Rage is a powerful combat ability that greatly enhances a character’s Strength, Dexterity, and Constitution, but carries the risk of losing control. Upon activation, these attributes increase by half the points allocated in this ability for 3 minutes or 2 combat steps per success rolled. The user must make a control roll; high success extends duration and keeps attacks focused, while failure results in indiscriminate attacks against all creatures in sight. Example: A roll of 75 against a needed 20 maintains controlled rage for an extended time; a roll of 55 may cause uncontrolled assault for several rounds. Berserker Rage is a high-risk, high-reward ability that can turn the tide of battle but may also endanger allies.
N/A	N/A	special ability	N/A	Shape Shifting	N/A	Shape Shifting allows a character to alter aspects of their physical form temporarily, from minor cosmetic changes to full body transformations. Possible alterations include turning body parts into weapons, changing appearance, or taking on entirely different forms. At 0–10% skill, only minor changes like elongating hair or hardening fingernails are possible; higher skill increases complexity and control. A failed roll may trap the character in their altered form until a successful reversion roll is made. G.O.D and player should agree on limits based on campaign setting—some worlds may allow limitless transformations, others only cosmetic shifts. This ability is highly versatile for problem-solving, infiltration, and creative combat tactics.
N/A	N/A	special ability	N/A	Wild Talents	N/A	Wild Talents are special abilities that mark a single innate magical, psionic, or bardic resonance effect chosen by the player at character creation or advancement. The player writes the specific effect after “Wild Talent” (e.g., “Wild Talent – Fire”). On a successful roll-over check, the user may manifest effects from the chosen sphere, discipline, or resonance without learning the full path. Points in this ability are multiplied by a set factor to determine the effective mana rating for that effect. For example, 10 points with a ×3 multiplier provides an effective 30 mana rating. Failure consequences are set by the G.O.D. and may range from minor mishaps to severe backfires.
N/A	N/A	special ability	N/A	Super Powers	N/A	Super Powers are special abilities that mark a single extraordinary non-magical ability chosen by the player at character creation or advancement. The player writes the specific ability after “Super Power” (e.g., “Super Power – Laser Eyes”). Each Super Power functions as an active-use roll-over check, with potency scaling to points invested. Common examples include elemental projection, enhanced senses, or physical feats beyond normal limits. To maintain balance, each Super Power has defined limits, weaknesses, or environmental conditions for use, set in agreement between the player and the G.O.D. On success, the chosen power functions at its current scaling; on failure, no effect occurs and the attempt may incur a minor drawback.
N/A	N/A	special ability	N/A	Telepathic Bond	N/A	Telepathic Bond allows a user to create mental links with other beings to share thoughts, emotions, and sensory experiences. At 10% skill, the bond is with one target within 10 ft, sharing basic thoughts/emotions. At 25%, range is 25 ft and complex ideas can be conveyed. At 50%, multiple targets can be bonded, max number based on points invested, with a 50 ft range. At 75%, sensory sharing is possible and range extends to 100 ft. At 100%, unlimited targets can be bonded within 500 ft, and sensory experiences can be swapped between bonded individuals. A failed roll can cause harmful feedback loops (all targets overwhelmed by emotions/sensory input) or inability to disconnect, risking exposure of private thoughts. This ability is powerful for coordination, espionage, and deep character connections but carries risks that keep it balanced.
N/A	N/A	special ability	N/A	Shadow Manipulation	N/A	Shadow Manipulation allows the user to control and shape shadows for concealment, illusions, or creating tangible constructs from darkness. At 10%, the user can manipulate existing shadows within 10 ft for minor illusions or concealment. At 25%, range extends to 25 ft and small shadow constructs (weapons, tools) become possible. At 50%, range is 50 ft with larger constructs, powerful illusions, and the ability to blind or restrain a target in shadows. At 75%, range increases to 100 ft, shadow duplicates and short-range teleportation via shadows become possible. At 100%, range expands to 500 ft with the creation of powerful shadow creatures, large constructs, and wide-area darkness. Limitations include vulnerability to bright light, which weakens or disrupts control. A failed roll can result in loss of control, revealing the user's position, creating hazardous constructs, or causing unpredictable shadow behavior.
N/A	N/A	special ability	N/A	Energy Channeling	N/A	Energy Channeling allows the user to manipulate one or more forms of energy (kinetic, thermal, electrical, magical, etc.) for offense, defense, or utility. At 10%, they can channel one energy type for minor effects (sparks, small temp changes, minor strength boosts). At 25%, they can channel two energy types and generate more potent effects (small electrical shocks, energy barriers, stronger physical boosts). At 50%, they can channel three energy types, create energy blasts, absorb/redirect attacks, or heal minor wounds. At 75%, they can channel four energy types, manifest energy constructs, shield allies, or manipulate energy within objects/creatures. At 100%, they can channel five energy types with vast control, including transforming into pure energy, controlling area-wide flows, or altering fundamental energy properties. Risks include energy overload, loss of control, backlashes, or injuries. Vulnerable to enemies who can nullify or counteract energy.
N/A	N/A	special ability	N/A	Gravity Manipulation	N/A	Gravity Manipulation gives the user control over gravitational forces. At 10%, they can subtly alter the weight of small objects to make them easier or harder to move. At 25%, they can affect larger objects or people, making them float or feel heavy. At 50%, they can create localized zones of altered gravity to hinder or aid movement/combat. At 75%, they can walk on walls/ceilings or briefly fly by manipulating gravitational pull. At 100%, they can create intense gravitational fields capable of crushing or repelling targets and objects. Effectiveness may vary in unusual gravity environments (space, other planets), where the G.O.D may require higher roll success or add restrictions.
N/A	N/A	special ability	N/A	Spell Weaving	N/A	Spell Weaving allows a trained caster to merge multiple effects from a single system (Magic, Psionics, or Bardic Resonance) into a single casting. The effects must all be from spheres, disciplines, or resonances in which the caster is trained. Points invested in this ability determine how many effects can be woven at once. This ability is purchased separately for each system. Magic weaving combines magical spheres; psionic weaving combines psionic disciplines; bardic weaving combines bardic resonances. Failed weaving attempts may cause severe backlash or unintended combined effects at the G.O.D.’s discretion.
N/A	N/A	special ability	N/A	Adrenaline Surge	N/A	Adrenaline Surge taps into the body’s primal survival mechanisms, flooding the user’s system with a rush of energy, heightened awareness, and raw power. In the moments it’s active, every heartbeat feels like a drumbeat of war—reflexes sharpen, movement speeds up, and strikes hit harder. The rush comes at a cost: once the effect ends, fatigue sets in, forcing the body to recover from the sudden expenditure of resources. At higher mastery, the surge lasts longer, hits harder, and becomes easier to control, allowing the user to push themselves to incredible feats without collapsing afterward.
N/A	N/A	special ability	N/A	Arcane Ward	N/A	Arcane Ward manifests as a shimmering barrier of magical force that wraps around the user or their allies, absorbing incoming damage before it can reach flesh or armor. The ward can block both physical and magical attacks, its strength and durability scaling with the user’s mastery. While active, it glows faintly, deflecting blows and dispersing spells into harmless sparks. At greater mastery, the barrier becomes capable of reflecting a portion of the damage back to attackers, turning defense into offense.
N/A	N/A	special ability	N/A	Battlefield Intuition	N/A	Battlefield Intuition grants the user an almost supernatural sense of the ebb and flow of combat, allowing them to anticipate enemy moves and adjust tactics before a blow is even thrown. This heightened awareness lets them dodge attacks more effectively and predict patterns in their opponents’ behavior. At higher mastery, this ability can feel like glimpsing the future, letting the user position themselves with surgical precision in any fight.
N/A	N/A	special ability	N/A	Elemental Affinity	N/A	Elemental Affinity forges a deep bond between the user and a single chosen element—fire, frost, acid, lightning, or another force of nature. This affinity enhances all abilities tied to that element, increasing their damage and resistance to it. Over time, the user becomes so in tune with the element that they can shrug off lesser harmful effects entirely. Mastery represents near-complete symbiosis with the element, making the user a living embodiment of its power.
N/A	N/A	special ability	N/A	Feral Instinct	N/A	Feral Instinct awakens the primal senses buried deep within the user’s mind, enhancing smell, hearing, and sight to near-animal levels. The user can track prey through scent trails, hear the quietest movements, and see in near darkness. As mastery increases, they can map an entire area through their senses alone, gaining unparalleled awareness of threats. At full mastery, these senses become so sharp they can resist sensory overload from blinding light or deafening noise.
N/A	N/A	special ability	N/A	Kinetic Burst	N/A	Kinetic Burst unleashes a concentrated wave of physical or magical kinetic energy in a single explosive strike. The force radiates outward, dealing heavy damage and knocking enemies back. At higher levels, the radius and strength of the burst grow, staggering multiple foes at once and controlling the flow of battle. At its peak, Kinetic Burst becomes a devastating tool for clearing space and breaking enemy formations.
N/A	N/A	special ability	N/A	Phase Step	N/A	Phase Step allows the user to briefly step out of the physical plane, becoming intangible and able to pass through solid objects or avoid attacks entirely. With greater mastery, the user can move farther, phase through thicker barriers, and even teleport short distances. At the highest level, this technique enables extended phasing and multiple rapid teleports within the same engagement.
N/A	N/A	special ability	N/A	Psychic Shield	N/A	Psychic Shield projects a mental barrier around the user’s mind, blocking intrusive thoughts, telepathic surveillance, fear effects, and attempts at mind control. As the shield strengthens with mastery, it can repel increasingly powerful psychic assaults. At full power, the mind is entirely closed to unwanted influence, granting the user absolute sovereignty over their own thoughts and emotions.
N/A	N/A	special ability	N/A	Time Dilation	N/A	Time Dilation manipulates the user’s perception of time, making the outside world seem to slow while their own movements remain at normal speed. At low mastery, this grants quicker reaction times and faster strikes. At higher levels, it approaches the realm of “bullet time,” allowing the user to act while opponents appear frozen. At its peak, the user can operate for precious seconds in completely frozen moments, moving and acting while all else is still.
N/A	N/A	special ability	N/A	Weapon Bond	N/A	Weapon Bond forges an unbreakable connection between the user and a chosen weapon. The bond enhances accuracy, allows the weapon to be recalled instantly if disarmed, and eventually enables it to be imbued with magical or elemental effects. At maximum mastery, the user and weapon move as one—every strike perfectly timed, every defense instinctive.
N/A	N/A	special ability	N/A	Combat Casting	N/A	Combat Casting is the refined art of channeling and releasing magical power in the heat of battle without sacrificing speed or accuracy. It allows the caster to weave spells seamlessly into melee or ranged engagements, reducing the penalties normally suffered when casting under pressure or while threatened. As mastery improves, the caster gains the ability to maintain concentration under duress, cast while moving, and even counter enemy attacks with instantaneous spells. At the highest levels, the user can unleash magic as fluidly as swinging a blade, making them a relentless threat in close quarters or chaotic combat situations.
N/A	N/A	special ability	N/A	Blood Frenzy	N/A	Blood Frenzy is a savage combat state triggered when the user draws or suffers blood in battle. Once activated, the user’s strength, speed, and ferocity spike dramatically, but their self-control diminishes. The more damage dealt or taken, the deeper the frenzy becomes, making attacks faster and more brutal at the cost of defensive precision. At high mastery, the user can channel the frenzy without losing control, becoming a relentless predator on the battlefield.
N/A	N/A	special ability	N/A	Iron Will	N/A	Iron Will is the mental fortitude to resist fear, intimidation, and coercion in all forms. Whether under magical compulsion, psychological warfare, or raw intimidation, the user’s resolve holds firm. At higher mastery, they can shrug off effects that would break lesser minds, and at full mastery, they become nearly unshakable.
N/A	N/A	special ability	N/A	Weapon Mastery	N/A	Weapon Mastery represents unparalleled skill and precision with a chosen type of weapon—swords, bows, axes, etc. Each level increases attack accuracy, damage, and access to special maneuvers. At the highest level, the weapon feels like an extension of the user’s own body.
N/A	N/A	special ability	N/A	Shadow Step	N/A	Shadow Step is the art of slipping into the darkness to instantly reappear from another shadow within range. It blends stealth, speed, and misdirection, making it ideal for ambushes and escapes. At higher mastery, the user can step farther, more often, and even attack while transitioning.
N/A	N/A	special ability	N/A	Aura of Defiance	N/A	Aura of Defiance radiates unshakable resolve, bolstering the morale and courage of allies while instilling doubt in foes. Within its range, allies resist fear and gain improved defense, while enemies suffer hesitation and reduced combat efficiency. The aura strengthens with skill, eventually creating a zone where allies fight with unbreakable spirit and enemies feel compelled to retreat.
N/A	N/A	special ability	N/A	Runic Empowerment	N/A	Runic Empowerment grants the ability to inscribe glowing runes of power onto weapons, armor, or surfaces, infusing them with magical enhancements. Runes can grant boosts such as elemental damage, protection, or utility effects. At low mastery, runes are temporary and weak; at high mastery, they become longer-lasting, more potent, and capable of holding multiple effects. At full mastery, the runes are permanent until dispelled and can shape the flow of battle.
N/A	N/A	special ability	N/A	Spell Echo	N/A	Spell Echo allows the caster to instantly recast the last spell they successfully cast without repeating the full casting process. At low mastery, the echo is weaker and costs extra mana; at high mastery, it is equally strong and costs less. At full mastery, the echo can be cast for free once per combat.
N/A	N/A	special ability	N/A	Blood Pact	N/A	Blood Pact allows the user to bind their vitality to fuel power, sacrificing health to enhance abilities or magic. At low mastery, small health sacrifices yield moderate boosts; at high mastery, larger boosts are possible with reduced risk. At full mastery, the pact can briefly grant overwhelming power at near-death cost.
N/A	N/A	special ability	N/A	Tactical Reload	N/A	Tactical Reload grants the user extreme efficiency when reloading weapons or resetting combat tools. At low mastery, reloads are slightly faster; at high mastery, they are instant and can include weapon swaps. At full mastery, reloading can occur mid-action without breaking flow.
N/A	N/A	special ability	N/A	Illusion Weaving	N/A	Illusion Weaving lets the user create and control complex illusions. At low mastery, illusions are simple and static; at high mastery, they are multi-sensory, interactive, and can cover large areas. At full mastery, illusions can fully deceive even magical senses until directly contradicted.
N/A	N/A	special ability	N/A	Blade Dance	N/A	Blade Dance is a fluid combat style focusing on rapid movement and precise strikes. The user becomes a blur, delivering multiple attacks while evading counters. At low mastery, movement is quicker; at high mastery, attacks chain flawlessly with dodges. At full mastery, the user becomes nearly untouchable while striking multiple foes.
N/A	N/A	special ability	N/A	Mana Surge	N/A	Mana Surge allows the user to temporarily draw deeply from their internal or ambient mana reserves, greatly amplifying the potency of their spells. This surge is dangerous if uncontrolled, as the sudden influx can destabilize magical channels and cause backlash. At lower mastery, the boost is brief and taxing, leaving the caster fatigued; at higher mastery, the surge lasts longer, costs less, and can be precisely timed to unleash devastating spells. At full mastery, the caster can channel immense magical force without suffering exhaustion.
N/A	N/A	special ability	N/A	Guardian’s Stance	N/A	Guardian’s Stance transforms the user into an unyielding bulwark, improving their ability to block, parry, and resist knockback while also protecting nearby allies. At low mastery, it is simply a firmer defensive posture; at higher mastery, the stance can deflect heavy blows and shield multiple allies from harm. At full mastery, the guardian becomes nearly immovable, holding ground against overwhelming force.
N/A	N/A	special ability	N/A	Vital Strike	N/A	Vital Strike is the art of striking precisely at an opponent’s weak points to maximize damage. At lower mastery, accuracy improves against exposed targets; at higher mastery, strikes are more likely to land critical hits and bypass armor. At full mastery, the user can pierce even heavily reinforced defenses with deadly efficiency.
N/A	N/A	special ability	N/A	Battle Trance	N/A	Battle Trance is a focused mental state in which the user perceives combat with perfect clarity, anticipating threats before they strike. At low mastery, reaction speed and awareness improve; at higher mastery, the user can respond before an enemy fully commits to an attack. At full mastery, the user’s movements flow instinctively, chaining offense and defense seamlessly.
N/A	N/A	special ability	N/A	Arcane Overload	N/A	Arcane Overload allows the caster to intentionally push their magical channels beyond safe limits, unleashing raw, unstable energy for overwhelming power. At lower mastery, the overload is brief and often leaves the caster drained; at higher mastery, the duration, control, and destructive potential increase. At full mastery, the caster can maintain an overload long enough to change the outcome of an entire battle, though the risk of catastrophic magical backlash remains.
N/A	N/A	special ability	N/A	Spirit Bond	N/A	Spirit Bond forges a deep link between the user and a chosen spirit, familiar, or bonded creature, allowing them to share strength, senses, and even magical effects. At lower mastery, the bond is limited to emotional and sensory connection; at higher mastery, shared abilities and mutual empowerment become possible. At full mastery, the bond is seamless, allowing the two to fight, sense, and act as one.
N/A	N/A	special ability	N/A	Battle Cry	N/A	Battle Cry channels raw emotion into a rallying shout that bolsters allies and intimidates foes. At lower mastery, it grants a minor morale boost; at higher mastery, it can break enemy resolve and strengthen allied combat prowess. At full mastery, a single cry can turn the tide of battle.
N/A	N/A	special ability	N/A	Mind Pierce	N/A	Mind Pierce focuses psionic or magical energy into a direct mental attack, disrupting thoughts, breaking concentration, or damaging the mind itself. At lower mastery, it causes mild disorientation; at higher mastery, it can cause confusion, fear, or even unconsciousness. At full mastery, it can shatter a target’s mental defenses entirely.
N/A	N/A	special ability	N/A	Earthshatter	N/A	Earthshatter channels immense force into the ground, creating a localized seismic shockwave. At lower mastery, it knocks enemies off balance; at higher mastery, it can damage structures and send foes sprawling. At full mastery, the impact can cause devastating battlefield-wide tremors.
N/A	N/A	special ability	N/A	Soul Rend	N/A	Soul Rend is a devastating ability that targets the very essence of a being, bypassing physical armor to inflict direct harm on their soul or life force. At low mastery, it causes discomfort and minor spiritual disruption; at higher mastery, it can weaken vitality, sever magical bonds, and even cause lasting spiritual injury. At full mastery, Soul Rend can cripple an opponent’s spirit entirely, leaving them powerless.
N/A	N/A	special ability	N/A	Wind Walk	N/A	Wind Walk transforms the user’s movement into swift, near-silent gliding on air currents. At lower mastery, it grants speed boosts; at higher mastery, it allows brief levitation and mid-air direction changes. At full mastery, Wind Walk enables rapid, evasive movement and near-flight capabilities.
N/A	N/A	special ability	N/A	Mana Burn	N/A	Mana Burn channels volatile anti-magic into a target, draining their magical reserves and converting part of it into damage. At low mastery, it burns small amounts of mana; at higher mastery, it devastates magical resources and causes physical harm. At full mastery, Mana Burn can cripple a caster entirely.
N/A	N/A	special ability	N/A	Mirror Strike	N/A	Mirror Strike is a deceptive combat technique that allows the user to instantly replicate an opponent’s attack and return it with equal or greater force. At low mastery, it can mimic only basic melee strikes; at higher mastery, it can copy complex techniques, ranged attacks, and even certain magical effects. At full mastery, Mirror Strike reflects attacks almost perfectly, turning an enemy’s power against them in real time.
N/A	N/A	special ability	N/A	Spirit Chain	N/A	Spirit Chain binds the user’s essence to another creature, allowing them to share damage, senses, or even abilities for a limited duration. At low mastery, only basic sense-sharing is possible; at higher mastery, pain, health, and magical effects can be linked. At full mastery, the bond is seamless and can be used tactically for both protection and coordination.
N/A	N/A	special ability	N/A	Void Step	N/A	Void Step shifts the user partially into a void dimension, allowing them to vanish from the material plane for a moment and reappear elsewhere. At low mastery, this allows quick dodges; at higher mastery, longer shifts through void space are possible, bypassing barriers entirely. At full mastery, Void Step can be used to reappear at extreme distances or even behind dimensional seals.
N/A	N/A	special ability	N/A	Celestial Beacon	N/A	Celestial Beacon summons a radiant pillar of light imbued with divine energy, bolstering allies and burning foes. At low mastery, it heals minor wounds or causes light damage to undead; at higher mastery, it greatly boosts morale, heals large areas, and smites enemies with divine power. At full mastery, the beacon’s presence can shift the course of battle entirely.
N/A	N/A	special ability	N/A	Runic Overload	N/A	Runic Overload forces a magical rune or glyph to release all stored power at once, causing a massive but unstable effect. At low mastery, the overload creates a small shockwave; at higher mastery, it can destroy magical constructs, shatter wards, or create area devastation. At full mastery, Runic Overload can rupture even ancient wards or catastrophically disrupt battlefield magic.
N/A	N/A	special ability	N/A	Blood Oath	N/A	Blood Oath is a binding pact sealed in the life essence of two or more beings. Once made, the oath enforces promises with supernatural compulsion, rewarding loyalty and punishing betrayal. At lower mastery, the effects are symbolic; at higher mastery, breaking the oath inflicts severe physical, magical, or spiritual damage. At full mastery, the Blood Oath becomes nearly impossible to break without death or powerful ritual.
N/A	N/A	special ability	N/A	Seismic Slam	N/A	Seismic Slam channels force into the ground, creating shockwaves that knock down, injure, or disrupt enemies. At low mastery, it causes a small tremor; at higher mastery, it can throw opponents into the air, break formations, or collapse structures. At full mastery, it can shatter terrain, open fissures, and devastate large battlefields.
N/A	N/A	special ability	N/A	Hunter’s Mark	N/A	Hunter’s Mark is a tracking enchantment or instinctive focus that locks the user onto a target. At low mastery, it marks for short-term pursuit; at higher mastery, the mark persists across terrain, barriers, and magical concealment. At full mastery, the user always knows the target’s location, direction, and condition until death.
N/A	N/A	special ability	N/A	Stormcaller	N/A	Stormcaller allows the user to summon and control localized weather phenomena, starting with light wind or rain and advancing to full-scale storms. At low mastery, it can create minor cover or discomfort; at higher mastery, it can disrupt visibility, hinder movement, and deal elemental damage. At full mastery, it can command massive lightning strikes, torrential rains, and hurricane-level winds over wide areas.
N/A	N/A	special ability	N/A	Harbinger Elf Berserker Rage	N/A	Harbinger Elf Berserker Rage is a unique fury channeled exclusively against undead creatures and necromantic forces. This rage cannot be used against living beings and is fueled by an innate connection to life. At 10%, the Elf gains a 10% bonus to all actions against undead and develops Undead Sensitivity, sensing nearby undead. At 25%, bonus increases to 25%, and hidden or obscured undead can be detected. At 50%, bonus rises to 50%, and undead locations can be pinpointed with instinctual accuracy. At 75%, bonus reaches 75%, sensing undead over great distances. At 100%, bonus is 100%, and undead can be detected with perfect clarity regardless of obstacles or distance. Bright light, holy wards, or anti-undead magic may not interfere with sensing but can still reduce combat efficiency. The rage remains a focused, devastating weapon against undeath, making Harbinger Elves unmatched undead hunters.
N/A	N/A	special ability	N/A	Blood Legacy	N/A	Blood Legacy is the born vampire’s unique ability to absorb the memories, skills, and experiences of those they feed upon, bypassing the need for conventional training. At its earliest level, this manifests as the retention of basic memories and simple skills, granting rudimentary proficiency without formal practice. With increased mastery, more complex skills and intermediate abilities can be taken directly from the victim’s mind, and feeding on another vampire transfers up to a quarter of their skill level. At advanced levels, even refined, high-level knowledge can be integrated seamlessly, allowing the vampire to perform with the ease of a seasoned practitioner. Near mastery, the vampire can pull not only skills but personal insight, creativity, and tactical experience, making them an unpredictable and dangerous foe. At the highest tier, the vampire becomes a living archive of countless lives, drawing on a vast pool of abilities and perspectives, though at the cost of carrying the echoes of those consumed.
N/A	N/A	special ability	N/A	Vampiric Charm	N/A	Vampiric Charm is an innate ability of born vampires, functioning like the Sphere of Charm and allowing the vampire to attempt any spell or ability from that sphere. At 10%, they can attempt basic charm spells and influence weak-willed targets; failure results in the vampire being charmed by the target. At 25%, stronger-willed individuals can be influenced, with increased charm effectiveness but the same reversal risk. At 50%, charm can affect groups and more complex spells; presence becomes nearly irresistible. At 75%, even the most strong-willed can be charmed, with precise multi-target manipulation. At 100%, the vampire can charm with maximum effectiveness, even against the most resistant minds, though reversal remains possible. The ability embodies a balance of great influence and dangerous vulnerability.
N/A	N/A	special ability	N/A	Vampiric Forms	N/A	Vampiric Forms allows a vampire to transform into various forms as mastery increases. At 10%, they can shift into Bat Form for mobility and stealth. At 25%, Mist Form is unlocked, allowing vaporous escape and movement through small spaces. At 50%, they gain an Animal Form of choice, providing versatility for combat or stealth. At 75%, the vampire can fly in humanoid form, granting unmatched aerial mobility. At 100%, they unlock Terrifying Aura: a fear effect lasting 15 minutes or 2 combat steps per success, in a radius of 10 ft per success; those affected must beat the vampire’s roll with a Wisdom check to resist. Each form grants unique advantages for combat, exploration, and psychological warfare.
N/A	N/A	special ability	N/A	Direct Casting	N/A	Direct Casting allows a spellcaster to cast any spell, including raw magic, without spending mana — one spell per success rolled. On failure, the caster’s mana drops to 0. At 100% mastery, failure is only possible on a roll of 001. This makes it a high-risk, high-reward ability that, when mastered, changes the nature of magical combat and resource management.
N/A	N/A	special ability	N/A	Purification/Corruption	N/A	Purification/Corruption allows the user to influence sentient beings or substances over an area of 10 ft per success rolled. Effects are permanent unless undone. Can be used to purify or corrupt — e.g., cleanse poisoned water or taint it. Fearai characters have wings that visually reflect their moral path when using this power. Creative use is encouraged, with potential large-scale impact.
N/A	N/A	special ability	N/A	Shift Forms	N/A	The Shift Forms ability grants the character the power to transform between multiple distinct forms. At 10%, they begin with an animal form and a humanoid form, providing the foundation of their shapeshifting power. At 50%, they unlock a third transformation. At 75%, they gain their ultimate form. In the second and third forms, natural attacks such as claws (3 damage) and bites (4 damage) gain a Strength bonus. This ability offers diverse tactical options and rich role-playing potential as the character adapts forms to overcome different challenges.
N/A	N/A	special ability	N/A	Natural Camouflage	N/A	Natural Camouflage allows the character to blend seamlessly into their surroundings, progressively enhancing stealth. At 10%, they gain subtle concealment; at 25%, they blend naturally with most environments; at 50%, they move almost undetected across varied terrain; at 75%, they achieve near-invisibility; and at 100%, they become virtually undetectable in any setting. This skill provides significant advantages in ambushes, reconnaissance, or evasion, and is valuable in both combat and non-combat scenarios.
N/A	N/A	special ability	N/A	Sense Undead	N/A	Sense Undead grants the character the ability to detect undead presence. At 10%, they sense undead vaguely within 30 ft; at 25%, within 60 ft with rough quantity info; at 50%, within 100 ft with type and strength tier; at 75%, within 150 ft with exact location and control source; and at 100%, within 300 ft with full details, including faint traces of undeath. This ability is invaluable in undead-heavy environments for anticipating threats and gaining tactical advantages.
N/A	N/A	special ability	N/A	Dark Vision	N/A	Dark Vision grants the character the ability to see in low-light or total darkness without relying on natural light sources. Its range and clarity improve with mastery, making it invaluable for underground exploration, nocturnal missions, or dark environments. At 10% they see clearly in dim light, at 25% they perceive shapes in darkness, at 50% they see in darkness as twilight, at 75% they see clearly in total darkness up to 60 ft, and at 100% they see in total darkness as daylight up to 120 ft, unaffected by magical darkness.
N/A	N/A	special ability	N/A	Magic Immunity	N/A	Magic Immunity provides progressive resistance to hostile magic, culminating in total immunity at mastery. At 10% the character reduces harmful magic effects by 10%; at 25% by 25%; at 50% by 50%; at 75% they are immune to weaker spells and take only 25% damage from strong ones; at 100% they are immune to all hostile magic. This rare defensive ability is invaluable against spellcasters and magical creatures.
N/A	N/A	special ability	N/A	Hovering	N/A	Hovering allows the character to suspend themselves in the air without wings or devices, improving in duration, height, and maneuverability with mastery. At 10% they hover inches above ground for 30s; at 25% they hover 1 ft for 1 min with slight maneuvering; at 50% they hover 3 ft for minutes with moderate speed; at 75% they hover indefinitely up to 10 ft with high agility; at 100% they hover up to 30 ft with precision control and great speed.
N/A	N/A	special ability	N/A	Water Breathing	N/A	Water Breathing enables the character to breathe underwater, improving in duration, comfort, and adaptability with mastery. At 10% they can breathe underwater for 10 min; at 25% for 30 min with efficient swimming; at 50% for 1 hr with deep diving capability; at 75% indefinitely with enhanced swim speed; at 100% fully adapted to underwater life, immune to pressure/depth effects, and equally at home in fresh or saltwater.
N/A	N/A	special ability	N/A	Flight	N/A	Flight grants the character the ability to fly, providing unmatched mobility and tactical advantages. Progression increases distance, control, speed, altitude, and carrying capacity. At 10% they can fly 100 ft with limited control; at 25% they fly 500 ft with better maneuverability and light carrying; at 50% they fly for miles at high speed with advanced maneuvers and heavy loads; at 75% they fly indefinitely at great speeds with full aerial combat capabilities; at 100% they have complete mastery, limitless altitude, extreme speed, unmatched agility, and full load capacity.
N/A	N/A	special ability	N/A	Natural Leader	N/A	Leadership allows a character to inspire, rally, and guide others, enhancing morale, coordination, and combat performance. At 10% they inspire small groups within 10 ft with minor morale boosts; at 25% they inspire larger groups within 30 ft and issue basic commands; at 50% they rally squads within 60 ft with major morale boosts and strong coordination; at 75% they command battalions within 100 ft, granting large morale boosts, stamina, and resistance to fear/confusion; at 100% they command armies or factions within 300 ft, inspiring near-total loyalty and resistance to most psychological/magical effects.
N/A	N/A	special ability	N/A	Poison Immunity	N/A	Poison Immunity progressively shields the character from toxins, venoms, and poisonous environments. At 10% they resist weak poisons (10% effect reduction); at 25% they resist moderate poisons (25% reduction); at 50% they resist a wide range of deadly toxins (50% reduction); at 75% they are immune to most poisons, only rare/magical toxins affect them (75% reduction); at 100% they are immune to all natural and magical poisons.
N/A	N/A	special ability	N/A	Charm Ability	N/A	Charm Ability enables the character to influence emotions, thoughts, and actions through charisma or magic. At 10% they charm one target briefly for friendliness; at 25% they charm two targets longer, persuading minor favors; at 50% they charm up to five targets for hours with moderate influence; at 75% they charm up to ten targets or resistant individuals for a day, willing to follow significant requests; at 100% they charm entire crowds or strong-willed targets for days, capable of overriding loyalties.
N/A	N/A	special ability	N/A	Keen Hearing	N/A	Keen Hearing sharpens the auditory senses beyond natural limits, enabling the user to detect sounds most would never notice. At its earliest stages, this means catching faint noises at modest distances, like a twig snapping or the creak of a door hinge. As mastery develops, the user can distinguish individual sounds even in crowded or noisy environments, isolating a single voice or footstep from a chaotic soundscape. At higher levels, the sense penetrates through light barriers such as thin walls or foliage, granting an edge in both exploration and combat. True masters can identify the source and nature of a sound with pinpoint accuracy over vast distances, detecting even a racing heartbeat or the whisper of movement hundreds of feet away.
N/A	N/A	special ability	N/A	Keen Sense of Smell	N/A	Keen Sense of Smell grants an extraordinary olfactory range, allowing the user to perceive, separate, and interpret scents with remarkable precision. Initially, this manifests as detecting strong or distinctive odors within close proximity, useful for basic tracking or environmental awareness. With training, the user can differentiate and follow multiple scent trails simultaneously, even in complex environments. At advanced levels, faint or masked scents become clear, enabling accurate pursuit of targets and detection of hidden dangers. At its peak, the sense extends over great distances, cutting through barriers and revealing detailed chemical or biological information about the source, making it invaluable for hunters, trackers, and scouts.
N/A	N/A	special ability	N/A	Keen Eyesight	N/A	Keen Eyesight heightens visual acuity to superhuman levels, enabling detection of fine details and subtle movements far beyond normal range. At low mastery, the user enjoys sharper vision and clarity over medium distances, spotting things others would miss. Progression brings the ability to track minute motion and identify hidden threats such as traps or concealed objects. Higher levels enhance performance in low-light conditions, allowing precision even in dim environments. At maximum mastery, the user perceives with perfect clarity over extreme distances in any lighting, making them virtually immune to visual deception.
N/A	N/A	special ability	N/A	Vampiric Magical Immunities	N/A	Vampiric Magical Immunities offer a supernatural resilience to most forms of magic, honed by an innate predatory resistance to arcane forces. At low mastery, this grants a modest resistance to harmful magical effects, though vulnerabilities to Life and Fire magic remain extreme. As mastery increases, the user shrugs off a greater proportion of magical assaults, deflecting enchantments, curses, and elemental attacks alike. High mastery renders all but the most potent magic nearly harmless, forcing even powerful mages to rely on the user’s weaknesses to inflict harm. At peak performance, the user approaches complete immunity to every magical discipline except Life and Fire—against which they remain dangerously susceptible.
N/A	N/A	special ability	N/A	Dragon Fire	N/A	Dragon Fire channels the primal destructive force of flame into a breath weapon of increasing potency and control. At lower levels, the user can exhale short bursts of searing heat capable of scorching foes and igniting flammable surfaces. With practice, the flames intensify, spreading over wider areas and delivering sustained burning damage. Advanced mastery allows the wielder to manipulate the breadth and shape of their flame, creating walls of fire or precision bursts. At its apex, Dragon Fire becomes an inferno that can engulf entire battlefields, overwhelming enemies and altering the environment itself with sheer heat and devastation.
N/A	N/A	special ability	N/A	Dragon Acid	N/A	Dragon Acid manifests as a highly corrosive breath weapon, dissolving organic and inorganic material alike. At early stages, it can inflict painful burns and light damage, but its true danger lies in the lingering effect that continues to erode armor, weapons, and flesh over time. With increased skill, the acid grows stronger and lasts longer, able to eat through hardened steel or stone. Expert practitioners can target specific weak points, rendering even the most durable defenses useless. At full mastery, the acid becomes a battlefield hazard in its own right, leaving lasting damage to terrain, structures, and any foe unfortunate enough to be caught in its path.
N/A	N/A	special ability	N/A	Dragon Spark	N/A	Dragon Spark unleashes lightning in concentrated bursts or branching arcs, capable of chaining between multiple targets. Initially, it delivers a quick jolt—enough to stun and cause moderate harm. As skill improves, the electrical discharge grows in intensity and reach, finding new targets through conductive materials like metal armor or wet surfaces. Mastery enables fine control, allowing the wielder to strike individual foes with surgical precision or spread damage across a cluster of enemies. At its highest level, Dragon Spark can black out entire areas, overload equipment, and render heavily armored units helpless before the raw power of the storm.
N/A	N/A	special ability	N/A	Dragon Frost	N/A	Dragon Frost breathes forth a chilling wind capable of slowing, freezing, and immobilizing targets. Beginners can coat foes in ice and reduce mobility, making them easier to strike or evade. With practice, the frost grows more intense, spreading across wider areas and freezing surfaces solid. At advanced stages, the wielder can trap multiple targets in ice simultaneously, controlling the flow of battle through terrain manipulation. At peak strength, Dragon Frost can encase entire groups or structures in solid ice, halting movement entirely and reshaping the battlefield into a frozen domain.
N/A	N/A	special ability	N/A	Dragon Sleep	N/A	Dragon Sleep is a mystical exhalation that bypasses armor and physical defenses, sending foes into a deep, magical slumber. At the most basic level, it affects a single target for a short duration. With greater control, the effect can spread to multiple targets, each falling into a longer and harder-to-resist sleep. Mastery allows the wielder to suppress wakefulness entirely in an area, creating moments of tactical dominance without inflicting physical harm. At full power, Dragon Sleep can incapacitate entire squads, forcing enemies into helplessness for extended periods and leaving them vulnerable to capture or strategic repositioning.
N/A	N/A	special ability	N/A	Elemental Dragon Breath	N/A	Elemental Dragon Breath allows the user to weave multiple elemental forces—fire, acid, frost, lightning, and beyond—into a single devastating attack. Beginners channel a single element, tailoring their assault to the foe’s weaknesses. As mastery grows, multiple elements can be layered together, overwhelming defenses that rely on resistance to only one type of damage. High-level practitioners can dynamically shift elements mid-attack, adapting instantly to the flow of battle. At its ultimate level, Elemental Dragon Breath unleashes every elemental force at once in a catastrophic display, obliterating anything in its path.
N/A	N/A	special ability	N/A	Full Sphere Access	N/A	Full Sphere Access unlocks the wielder’s ability to command magical spheres beyond the limits of their intellect or training. At low levels, this means learning an additional sphere and applying extra skill to spell rolls. With progression, more spheres become available, increasing magical versatility and strategic depth. Higher mastery reduces the mana cost of casting, allowing for more frequent or sustained spell use. At its height, Full Sphere Access grants complete control over every magical sphere and allows certain spells to be cast without expending mana at all, creating a nearly limitless reservoir of magical potential.
N/A	N/A	special ability	N/A	Echolocation	N/A	Echolocation allows the user to navigate and perceive surroundings via sound wave emissions and echo interpretation, functioning even in complete darkness. At 10%, the user detects large objects and general surroundings to avoid obstacles. At 25%, they detect smaller objects and moving targets, improving awareness. At 50%, they identify materials or creature types in the vicinity. At 75%, they can pinpoint structural or anatomical weak points, gaining combat or strategic bonuses. At 100%, they can emit a focused sonic blast to damage or disorient enemies. Effectiveness decreases in noisy or sound-dampened environments, possibly requiring higher roll success or imposing penalties.
N/A	N/A	special ability	N/A	Umbral Veil	N/A	Umbral Veil is the art of vanishing into absence itself—whether slipping between real shadows, cloaking within the static of a glitched datafeed, or bending perception so that the mind refuses to notice you. At lower mastery, it’s little more than enhanced stealth, but still enough to fade from casual sight or slip past inattentive guards. As skill deepens, the veil becomes an active shroud that distorts both light and digital signals, masking movement and presence even from advanced detection systems. Masters of the veil can walk through security checkpoints or across a battlefield unseen, using darkness and distortion as both shield and weapon. At its peak, Umbral Veil doesn’t simply hide you—it convinces the world you were never there to begin with.
N/A	N/A	special ability	N/A	Glamour Shift	N/A	Glamour Shift is the disciplined fusion of illusion and physical modulation, allowing the user to alter their form as effortlessly as changing clothes. At its most basic, it smooths imperfections or tweaks small details—enough to bypass casual recognition. With training, these changes expand into complete masks: voice, gait, posture, and even the micro-expressions that betray impostors. True masters can assume a flawless likeness of another, fooling both human senses and sophisticated biometric scanners for extended periods. Whether for infiltration, performance, or survival, Glamour Shift turns identity into a fluid tool—letting its wielder become anyone, anywhere, at any time.
N/A	N/A	special ability	N/A	Moonshadow Omen	N/A	Moonshadow Omen allows the Argent Sanguis to channel lunar resonance, weaving glimpses of possible futures directly into their actions. This foresight grows stronger with mastery, from momentary flashes to complete pre-battle awareness. At 10%, they can manipulate fate in small bursts, granting quick corrections to immediate mistakes. At 25%, they can enter a half-lucid trance to read surface thoughts and spot hidden ethereal dangers. At 50%, they extend their foresight as a protective veil to nearby allies, enhancing defense and evasion. At 75%, they can alter the flow of battle itself by forcing an enemy to change course mid-action. At 100%, they enter a state of perfect prophecy, acting before others can move and perceiving all within their reach with absolute clarity. Activation is at will; failure results in prophetic overload—stunned for 1 combat step and –10 to all rolls until scene end.
